window_index,label,start_time,acc_total_power,acc_dominant_frequency,acc_spectral_entropy,acc_postural_power,acc_movement_power,acc_movement_ratio,eda_total_power,eda_dominant_frequency,eda_spectral_entropy,eda_tonic_power,eda_sympathetic_low_power,eda_sympathetic_high_power,eda_sympathetic_ratio,temp_total_power,temp_dominant_frequency,temp_spectral_entropy,hr_total_power,hr_dominant_frequency,hr_spectral_entropy,hr_lf_power,hr_hf_power,hr_lf_hf_ratio,spo2_total_power,spo2_dominant_frequency,spo2_spectral_entropy,subject_id
0,Relax,0.0,0.0012039909473253963,0.5,2.8299282130056644,0.0008811858906073734,0.00035990942467337367,0.40843757090266114,3.1154506675512416e-07,0.016666666666666666,3.3409808813645694,7.731341155857817e-08,2.3762893507868962e-08,5.063195780709571e-08,2.1307151753354105,0.007279188685024645,0.0625,1.8420244110865167,0.09112438030057934,0.016666666666666666,1.384306902622635,0.020175719879284015,0.000697921444676924,28.908296246182253,0.4298328461861041,0.06666666666666667,2.4585274504357133,1
1,Relax,30.0,0.006642297924781613,0.5,2.4698862545221774,0.0062606145454572205,0.0014727115446244881,0.2352343422409076,2.6255952840540904e-06,0.016666666666666666,1.9003881787398904,1.826989629126241e-06,1.733269390914156e-07,9.99264731928455e-08,0.5765201515509517,0.004134210436885659,0.0625,2.011908838225618,0.051704709541609634,0.016666666666666666,1.6746797365516546,0.02547116686986118,0.0005683157133537542,44.818691919585156,0.5453190474037812,0.016666666666666666,2.3410802549549263,1
2,Relax,60.0,0.042197264980880674,0.5,1.2541497402835398,0.045610569485785214,0.0015467752412166064,0.03391264916564279,1.089305365049888e-06,0.016666666666666666,3.279461224990261,3.1879623877651595e-07,1.7719805071535648e-07,2.1116957642011553e-08,0.11917150079677202,0.003364580031766367,0.0625,1.8788702014492247,0.03435724902255792,0.016666666666666666,1.27304484734073,0.009139275877964929,0.0005741111230941648,15.919001584064272,0.6250425375855574,0.016666666666666666,1.4007576258488321,1
3,Relax,90.0,8.601560911204598e-05,1.9375,4.070636605230581,8.993917931981623e-06,7.701687212021102e-05,8.563217132140537,6.427974800696631e-07,0.016666666666666666,3.465762114666028,1.3884418305148652e-07,6.308164340732656e-08,5.198984295904276e-08,0.8241675414722065,0.0025081915332622355,0.0625,2.428713670555343,0.116724745359295,0.016666666666666666,1.1222698053795037,0.012236199088722973,0.0006419411897676601,19.061246238384644,0.06396740939192322,0.016666666666666666,1.0493399738538929,1
4,Relax,120.0,5.836151702386382e-05,0.75,4.060303615815503,4.93735620631414e-06,5.3524791418666514e-05,10.840779798349633,2.941200341319068e-08,0.016666666666666666,3.7888391638043832,2.794465598779115e-09,3.768994991211847e-09,2.983402772722674e-09,0.7915645363496275,0.002137108087474222,0.0625,2.4698085522332685,0.008919500712052787,0.03333333333333333,1.6381103118638785,0.002836674552320113,0.00046999559756359004,6.035534305055513,0.2540875015318317,0.03333333333333333,2.264590591849683,1
5,Relax,150.0,5.76263694449741e-05,2.8125,4.084176248127928,7.189575822168239e-06,5.0390147905881645e-05,7.008778981161775,9.548824607650327e-09,0.18333333333333332,4.1363144680338735,3.2254573288000843e-10,1.0747127557324046e-09,1.0713314655052447e-09,0.9968537730578478,0.004513115828403358,0.0625,2.5747745654557646,0.04862776365082466,0.016666666666666666,0.8370652331021856,0.004670099790967293,0.0006300908423488812,7.411788074173374,0.36036402736183454,0.016666666666666666,1.4234595214551666,1
6,Relax,180.0,0.00499300343421437,0.5,2.732449764366473,0.004293879231428308,0.0010138547352579593,0.23611626704291647,1.7142833792902125e-08,0.016666666666666666,3.368749352983744,5.542913750411899e-09,1.0934340575531041e-09,1.992270407037325e-09,1.8220306869676663,0.004116804145884152,0.0625,2.491684971406605,0.03888730667931448,0.016666666666666666,1.090797156027241,0.0027653453150428818,0.000414424706088241,6.672732765247044,0.05043566791501209,0.016666666666666666,1.2605323767563439,1
7,Relax,210.0,0.00280457803851779,1.25,2.9060994307623984,0.002250704578654552,0.0008163062506555626,0.3626892033709471,8.029405311525674e-07,0.016666666666666666,3.775419393103648,7.164358516058345e-08,1.1135272024584436e-07,1.513881827386889e-07,1.3595373548527085,0.0023086189049338606,0.0625,2.5501523003682096,0.04732661889662432,0.016666666666666666,1.6517799827594335,0.012752182860793628,0.0017857683207906877,7.1410063177441305,2.567906592516314e-34,0.016666666666666666,0.0,1
8,Relax,240.0,0.0004180763498084093,0.5,3.803894657344805,0.00017518510997567972,0.00024056565839298196,1.373208364719917,9.290777025278197e-07,0.03333333333333333,3.699588413418132,1.1042156120722826e-07,1.458970966441096e-07,6.36922189322377e-08,0.4365557670253281,0.0012922567304532672,0.625,2.748378091502458,0.01835133919724179,0.016666666666666666,1.1436920292012227,0.0029653217952338978,0.00042065612348162693,7.04927761586101,2.567906592516314e-34,0.016666666666666666,0.0,1
9,PhysicalStress,0.0,0.0012827128564869307,3.4375,3.583344556350399,0.0008207673725406819,0.0006845986377729961,0.8340958238310862,4.307868344246263e-06,0.016666666666666666,1.637419744370741,3.2834888652071607e-06,1.1426612765983189e-07,4.709872078391528e-08,0.412184448256856,0.0036899639854068,0.0625,2.7049247709941175,0.12450392135037205,0.016666666666666666,1.1463718997337051,0.009031897764091454,0.0024832527728730607,3.637123800990173,0.03239507884347918,0.016666666666666666,0.7640476917898508,1
10,PhysicalStress,30.0,0.13822435205626232,1.5625,2.4557636580465267,0.11910219650795231,0.03330510978125059,0.27963472343708495,5.214597038519972e-07,0.016666666666666666,2.2183521628100893,3.292239560585191e-07,9.837725216219368e-09,2.4792681370287686e-08,2.5201640445712203,0.0013729518346583401,0.75,2.5623963776473575,1.0113591742568822,0.016666666666666666,1.3925283678843388,0.26341530051076956,0.006060081350475462,43.46728785911471,1.373355431288881,0.016666666666666666,1.3812830405458048,1
11,PhysicalStress,60.0,0.18928193237104307,0.5,2.745364366275548,0.1499746925482391,0.05169398004988273,0.34468468760658033,1.3830129519553509e-06,0.016666666666666666,2.464532834467179,7.366545250102896e-07,2.8898407664986374e-07,5.229358484640262e-08,0.1809566307342328,0.004371810991271858,0.0625,2.646203741852023,0.02901757601074844,0.03333333333333333,2.0730634753661725,0.013337375506087861,0.0018061094525663821,7.384588728626709,0.5134752489245293,0.016666666666666666,1.9718805592077708,1
12,PhysicalStress,90.0,0.019826237844017824,0.625,3.834370960524442,0.001200365937378383,0.018662643483479176,15.547461738408428,5.074123068517768e-06,0.016666666666666666,2.151663157865272,3.403678645644525e-06,1.4351966897781297e-07,3.0595299149604643e-07,2.13178440052941,0.0014636716589300444,0.1875,2.625523906901635,0.2688765180771581,0.03333333333333333,1.4226012301426365,0.06632689518577733,0.006104876062457641,10.86457685744993,0.32440209727901737,0.03333333333333333,1.756600879241194,1
13,PhysicalStress,120.0,0.47471275219760845,0.5625,1.92120242231201,0.46785995297144495,0.04054285179881491,0.08665595664113054,5.9676061276321435e-05,0.016666666666666666,0.8802312182149145,5.568581836416202e-05,2.986514217157461e-06,5.829068144911595e-07,0.19517965497782405,0.0014211853763356475,0.125,2.714304901404085,0.21156363799681438,0.016666666666666666,1.2583205025825706,0.02955804767827566,0.0018254909816649803,16.191834402444744,0.9909815478194969,0.016666666666666666,1.6464903328148508,1
14,PhysicalStress,150.0,0.06109720553830577,0.625,3.830708335621944,0.026857916488241186,0.04217888740345347,1.570445251102037,1.3295146049066172e-05,0.016666666666666666,1.6682876614907014,9.882019438812464e-06,1.757454519694381e-06,8.347828271284056e-07,0.4749954082871932,0.0021032783165190585,0.125,2.717292076999067,0.21236937863325117,0.016666666666666666,0.6535738687125447,0.0040148241765852665,0.0017971796858041375,2.2339581335679615,0.7751402892228317,0.03333333333333333,1.7720304828016373,1
15,PhysicalStress,180.0,0.11547958469276487,1.8125,3.8861060618696706,0.017043549568951995,0.09970736509250186,5.850152557078687,2.4196469839804432e-05,0.016666666666666666,1.8921779606425824,1.6938748934553452e-05,3.841859526958719e-06,2.1628235799625695e-06,0.5629626915783402,0.001933849863557422,0.3125,2.6969817027254983,0.03659072980751395,0.016666666666666666,1.5015661095900203,0.012922002122763423,0.0012570019938224785,10.280017204641242,0.6588912219115084,0.016666666666666666,1.880370329976919,1
16,PhysicalStress,210.0,0.15675640646081596,3.75,3.9001900884007856,0.017680901108267474,0.13932716767101377,7.880094279010774,3.456405034213831e-05,0.016666666666666666,1.4975779289780915,2.750464538645512e-05,4.115195939980728e-06,8.347593704143506e-07,0.2028480253648043,0.001551631589182595,0.1875,2.593608005034733,0.04254952678004243,0.016666666666666666,1.2029237859366693,0.00957710647981273,0.000847993338953649,11.293846354536296,0.33101765149019236,0.016666666666666666,1.554731400715729,1
17,PhysicalStress,240.0,0.24053966334349144,1.875,3.9368040143530134,0.02733470260709705,0.2126900740877841,7.780954384064244,0.0003254506803478334,0.016666666666666666,1.015747418072618,0.00027778157499608086,4.3710212149118334e-05,1.201836435380257e-06,0.027495552556006043,0.00045372327150363376,0.0625,2.5538717143097087,0.16008818247461598,0.016666666666666666,1.0569577668469758,0.025553998441560703,0.0020511007056776033,12.458675661719234,0.8571285649890651,0.016666666666666666,2.2361803996523615,1
18,Relax,0.0,0.026894378264364055,0.6875,0.29350616046675265,0.06208462836081434,0.00040227845016668995,0.006479517729071149,0.14109560142172492,0.016666666666666666,2.560148427813576,0.03806090188278755,0.0655841127279747,0.028585170486835974,0.4358551072482995,0.0004330604062472612,0.1875,2.7506310579620257,1.5102382464590738,0.03333333333333333,1.072197673398711,0.14281490472472602,0.009785952835590217,14.593868080513028,0.6385775898913346,0.016666666666666666,1.719623782704116,1
19,Relax,30.0,0.0009567388386699153,0.5625,3.6766696869374056,0.00039630445477062556,0.0005748218605173197,1.4504552083574662,0.14769385150652306,0.16666666666666666,2.5752460412802205,0.027628307260094385,0.05294955764771475,0.052032715530512016,0.9826846123379785,0.0010947856788787501,0.5,2.686804497878494,0.6993568682722321,0.016666666666666666,0.7572535586841752,0.05299789375243603,0.0038703035172506597,13.693472234468071,0.45522920286183366,0.016666666666666666,1.982528936112601,1
20,Relax,60.0,8.48941344497243e-05,2.875,3.8920085666098747,1.7546860535517116e-05,6.802087707908041e-05,3.8765269115462195,0.11930146064475972,0.016666666666666666,1.4744742153346042,0.08797574650685498,0.02353800202400032,0.00592400378650768,0.25167827670620985,0.0027424526832950545,0.25,2.7033193026190796,0.09616483817379859,0.016666666666666666,0.43020377447175856,0.004329509706335583,0.0007230639664606154,5.987727099067669,0.3327251988585775,0.05,2.0590081913199207,1
21,Relax,90.0,0.003755643821932897,0.5,3.4503239505361245,0.0021059298616970413,0.0016873832203329643,0.8012532853174913,0.0821556607637916,0.016666666666666666,0.8095811551785264,0.07675199826238892,0.004569121427924692,0.0007069723840748995,0.15472829847641156,0.004731931151134787,0.25,2.6245716481986445,0.10136646616348728,0.03333333333333333,2.155709189286767,0.06066568696939753,0.004343188465156324,13.968007019749257,0.1314303213520461,0.016666666666666666,2.264897238500692,1
22,Relax,120.0,0.0014494038790845536,0.8125,3.7086678805226425,0.0005127172209645794,0.0009788678823562877,1.9091769153271951,0.04512372251044377,0.03333333333333333,1.8741499425250472,0.018849239090554436,0.021630353217491915,0.004251981953497361,0.19657478131512396,0.005232234115962013,0.125,2.673179558359423,0.07667774773637298,0.016666666666666666,1.1530460621593779,0.01206098330363138,0.00045546469291171936,26.480610882321685,2.567906592516314e-34,0.016666666666666666,0.0,1
23,Relax,150.0,0.0002750388317487143,1.4375,2.8821444281091932,0.00032724906853334875,0.00013099217860856394,0.4002828157636605,0.031099509231999882,0.03333333333333333,2.0357170052698224,0.016657501195265375,0.011704026313747562,0.0022230587042923597,0.1899396536456136,0.0004399836713467949,0.5,2.6609061613938607,0.14437343052511203,0.016666666666666666,1.1259186606233356,0.016793504814197592,0.0013217902850286897,12.705120475169089,0.10461751310539207,0.03333333333333333,3.0786601243416984,1
24,Relax,180.0,0.00018246849450559763,1.5625,3.9894640310784046,4.4351497352751176e-05,0.00013755170946931877,3.101399449387164,0.027577144175885544,0.016666666666666666,0.5203890617041096,0.026668279020475524,0.0007578673828845925,0.00011602809874581417,0.1530981559124347,0.0015083172977099902,0.375,2.70590094450987,0.031008824485751506,0.05,2.230120787812604,0.020929840725084838,0.0020893195521409008,10.017539300600657,0.012715469151792752,0.016666666666666666,3.302883199845684,1
25,Relax,210.0,0.0011856073834966316,0.5,3.521760814411947,0.0006013442062708047,0.0005833650271907756,0.970101684039619,0.00971964266095335,0.016666666666666666,0.6163589470039754,0.00925522426938483,0.00036434168947730675,7.581724074232474e-05,0.20809378375308615,0.0012285839334089564,0.25,2.5944797830444113,0.015980940365367773,0.016666666666666666,1.4659412974323283,0.002505476703865838,0.001063216082677974,2.3565075290764717,0.017392430508130698,0.016666666666666666,3.3959034970704423,1
26,Relax,240.0,0.0002787114217704292,0.6875,3.231716386151085,0.0002372498658895511,0.0001281835446039902,0.5402892183874386,0.0054131575849407755,0.016666666666666666,0.2911838379129651,0.005357555337898383,4.200032473164799e-05,9.532000673986752e-06,0.2269506422840636,4.7286246024341816e-09,0.0625,0.8747685131215979,0.02454109416934977,0.016666666666666666,1.1134070637244156,0.002674182892739627,0.000252192155884589,10.603751267995092,2.567906592516314e-34,0.016666666666666666,0.0,1
27,CognitiveStress,0.0,0.01104928223842149,0.5,3.164673278115817,0.006790790119375875,0.0048826431681097526,0.7190095824311096,0.020975093976341858,0.016666666666666666,0.7218612428706873,0.01874029837543984,0.0010924600394285394,0.00067071524215394,0.6139494516474836,0.002726579478862494,0.375,2.7319287928933695,0.2778758173713388,0.016666666666666666,1.484015430296933,0.05402671413890905,0.005394322476361284,10.015477268120708,0.8750896864083385,0.016666666666666666,1.3326253841923914,1
28,CognitiveStress,30.0,0.0013052221611253695,0.875,3.5795844607258287,0.0006264678516131379,0.000701293691510221,1.1194408295723532,0.021709987472487334,0.016666666666666666,2.249175943760662,0.006721322795543014,0.011774739397273599,0.0022245998301705676,0.18892985696869571,0.0007165820043936312,0.3125,2.743776154919609,0.4849857487548874,0.016666666666666666,1.0217727985897878,0.04464251591150666,0.0016256410578526712,27.46148400710025,0.832587768879047,0.016666666666666666,0.9416914783231435,1
29,CognitiveStress,60.0,0.0004936734372130944,3.875,2.8535124973531607,0.0003138177669708973,0.00020990261279592103,0.6688678427037144,0.038279688149101807,0.016666666666666666,1.8563417324328453,0.02414903604336611,0.011118495110167366,0.0024994917930002726,0.22480486506798922,0.002056037132250648,0.1875,2.7222174652048334,0.03830351895134224,0.016666666666666666,1.7772472195490148,0.016241937149698515,0.000973360011557071,16.686464367604856,0.21259660875375136,0.016666666666666666,2.497403880256841,1
30,CognitiveStress,90.0,0.00023685187886823735,0.6875,3.8932884805190593,7.389654322076267e-05,0.00016186928375332214,2.190485193194285,0.050342384083958525,0.03333333333333333,1.6363120286747963,0.033930943994863745,0.015460700791600319,0.0003652822292955516,0.02362649883852656,0.0016630055299512497,0.375,2.7264109908117686,0.0256172710834444,0.03333333333333333,2.191582451796339,0.0152095797092389,0.0011218254017204869,13.557884931035378,0.3788865781414502,0.016666666666666666,2.399803915954292,1
31,CognitiveStress,120.0,0.0022037244716812763,0.5,3.703054931422202,0.0010294510999349785,0.0012203740569221204,1.1854609286436246,0.017079219595213233,0.03333333333333333,2.4640427477943563,0.004518801010968658,0.008485120143184883,0.0031323932375754773,0.36916309783678986,0.004909347758605963,0.4375,2.6696391497055547,0.006625623107920211,0.06666666666666667,2.1673845283484816,0.004270220003495003,0.0007512396832659893,5.684231143022643,0.32403057843865446,0.03333333333333333,1.7569567079919808,1
32,CognitiveStress,150.0,0.02942405561650588,0.625,2.0771096836881484,0.024529412048759292,0.005181138696064085,0.21122147916815434,0.05150701475820547,0.016666666666666666,1.202374904290866,0.044995067474220427,0.0031488197587499333,0.0027819262492143186,0.8834822131320499,0.004125798331886462,0.5625,2.673306047620333,0.04006314300670603,0.016666666666666666,1.3093148709661169,0.004804052893258693,0.0011324212304925697,4.24228437607892,0.3310996865048558,0.05,1.722145426458177,1
33,CognitiveStress,180.0,0.027734463570943984,0.9375,2.9346084029542263,0.019288697877199404,0.00989796359023781,0.5131483552312723,0.056627107837404406,0.016666666666666666,2.2335405059644544,0.02545572841358298,0.023856526320558524,0.005475370906357011,0.22951249619432537,0.0008605811649956211,0.25,2.7196814826255364,0.04614092779242903,0.03333333333333333,1.7581957037423683,0.017394581564680434,0.0011870405756815457,14.653737977485093,0.14588341253747453,0.016666666666666666,2.65299183458784,1
34,CognitiveStress,210.0,0.12283735168931219,1.0,2.5767961808975053,0.09590137754616404,0.03992531074788092,0.41631634257455874,0.02489209523675962,0.016666666666666666,1.5703759813324252,0.01752388687335643,0.005501508600575905,0.0013249865956117082,0.24084059333707244,0.0007305053116847952,0.0625,2.6996385052287937,0.06528497598599403,0.016666666666666666,1.9532886796909394,0.02350593560785987,0.003097067723079861,7.58973897557672,0.3085023674377362,0.03333333333333333,2.234278108196581,1
35,CognitiveStress,240.0,0.06099831155934514,0.5,1.658300627237261,0.06726816655825271,0.008456888242874588,0.12571902395393983,0.009655992339800915,0.016666666666666666,1.539345885218681,0.0068241394407955415,0.0024076145647832295,0.00026867072229850035,0.11159208214986448,0.00027985035403040227,0.5,2.599422552187912,0.02001383807803214,0.03333333333333333,1.70429178360837,0.006532096452305258,0.0008380091351311955,7.794779529799061,0.3082601101758272,0.03333333333333333,2.1001183717068965,1
36,CognitiveStress,270.0,0.004098826417676657,0.75,3.064976455640676,0.002547001356476332,0.0019063403729610768,0.7484646084360228,0.00958646827948484,0.016666666666666666,0.2755150760963847,0.009451292420664151,0.00010445876339080766,1.760395283488331e-05,0.16852538038404974,0.005143063364449987,0.0625,2.628655443089101,0.1371791531780559,0.016666666666666666,1.546058189631072,0.026836220819387177,0.0037579032553818037,7.141275066342977,0.4988849118961681,0.016666666666666666,2.189943251979838,1
37,CognitiveStress,300.0,0.01153170799557847,0.5,1.9736026632914907,0.010268080531123491,0.0012674134319097937,0.123432361877972,0.00403813831471032,0.016666666666666666,0.8566840116808817,0.0036406910483700204,0.00030501458861724267,6.632555012753862e-05,0.21745041910362314,0.0018542489893007713,0.0625,2.4769059344206505,0.01993066139540582,0.03333333333333333,2.024465327651549,0.009808534590523957,0.0012711884071771942,7.716035274664615,0.24755984198272918,0.016666666666666666,1.9168862346930293,1
38,Relax,0.0,0.4597174128412373,0.5,1.4747005005076514,0.4763308711269482,0.0172882251201081,0.03629457204653983,0.04822388491709142,0.016666666666666666,0.24063674581426892,0.04800094508772113,0.00020635458807924915,8.470590293354377e-06,0.0410487131504985,0.0026791208424992575,0.0625,2.3726204432300646,0.08142303896001682,0.016666666666666666,1.4176940529145536,0.013918006657074294,0.0027540071977048136,5.053729223610434,0.26688374754645655,0.016666666666666666,1.3521796665853878,1
39,Relax,30.0,0.0010682230668685264,2.125,3.574339865353471,0.0005650107174621989,0.0006189827728264655,1.0955239497167193,0.014563498063988793,0.016666666666666666,0.29593458292612357,0.014455358311616602,8.689828541677873e-05,1.389225378211274e-05,0.15986798491458334,0.0007524536767379755,0.0625,2.643560020061492,0.26242287270974035,0.016666666666666666,1.5172983919872265,0.06944587071255763,0.0029688532904202066,23.391479443138255,0.9452631156257465,0.03333333333333333,1.5818791036663513,1
40,Relax,60.0,0.014677434672865348,0.5,1.5056187849954805,0.01416848214084961,0.0007592048236012454,0.05358406186731587,0.006063342363893267,0.016666666666666666,0.22946504517525096,0.006031041214252441,2.5437083704107048e-05,1.9055846217491223e-06,0.07491364355739602,0.0006888170247354943,0.125,2.6348754076639604,0.11014154024807185,0.03333333333333333,1.476989802135609,0.03211171476711252,0.0016104801785481397,19.939217628907098,1.1270108985759073,0.05,1.8081298890338704,1
41,Relax,90.0,0.0037491980919177846,0.5,2.1521369797179064,0.0037568370691345924,0.0006389655353389512,0.17008071512830883,0.002195768805019869,0.016666666666666666,0.7344507388386634,0.0019866283276182054,0.00015628136422828054,2.7255639392499357e-05,0.17440108439728605,0.004212638238809651,0.1875,2.7640173778394934,0.08584745226941612,0.03333333333333333,1.288387198558946,0.017789888284487767,0.0012234481510809694,14.540778265731678,0.8142810918586623,0.05,2.0079318506754373,1
42,Relax,120.0,0.006855368493597736,0.5625,1.9103722077921992,0.0065210593537450975,0.0008530727704702746,0.1308181269628144,0.0019798892489145954,0.016666666666666666,0.2626255490695033,0.001962123541113304,1.1934817310888364e-05,1.3032906953239752e-06,0.10920072434916603,0.0047477349200768185,0.0625,2.736529325487905,0.005584586763216256,0.016666666666666666,2.0309065489605107,0.0030958503803588107,0.0002587834322409764,11.963093438980232,0.2846104967899953,0.016666666666666666,2.2634800467662544,1
43,Relax,150.0,0.0012023119206530564,0.625,3.4932340075066515,0.0005588099852978654,0.0006699406095399497,1.1988701475741308,0.0009711043087648049,0.016666666666666666,0.2655265505161004,0.0009622395965542972,5.2144564349798316e-06,3.8757978467778374e-07,0.07432793609661882,0.0012829762674656051,0.375,2.6105308148676922,0.06178293521670519,0.016666666666666666,1.562042720841516,0.01655012734028931,0.0009403706269755624,17.599579214333968,0.05825635068360835,0.03333333333333333,3.0798882212199974,1
44,Relax,180.0,0.00213921686047022,0.5,1.8611954247214262,0.001964209700851821,0.0002350973016387278,0.11969053077009693,0.00047222888617961254,0.016666666666666666,0.2893271771377846,0.0004673546227217091,2.608713587443259e-06,7.325272214851485e-07,0.2808001710157388,0.001206565230859265,0.4375,2.7576701497687495,0.02357561576751758,0.016666666666666666,1.5533990985547383,0.005599972710891475,0.0013570389982943626,4.126611481269129,0.48306147442991604,0.016666666666666666,1.8985211492620546,1
45,Relax,210.0,4.84633469553274e-05,2.4375,4.0178173210126875,1.2539338942446844e-05,3.644228104732233e-05,2.9062362230246266,0.00031105692225490904,0.016666666666666666,0.35125267685473566,0.0003048261264338538,3.959493103842986e-06,1.1741077229603854e-06,0.29652980625747916,0.002925543530227931,0.125,2.6727490873021424,0.007145058333539758,0.016666666666666666,2.0197461743817406,0.0028942164828308008,0.0006477340316631311,4.46821741849748,0.31500901788161595,0.016666666666666666,1.7196761007667265,1
46,Relax,240.0,3.5552224439201464e-05,3.5,4.038290960373606,6.149185274670919e-06,2.9312743126118814e-05,4.7669311976760245,0.0001463959348304508,0.016666666666666666,0.3924156727207336,0.000142052755658521,2.657300516939393e-06,1.1689609026513035e-06,0.439905421008867,0.002784288900949881,0.125,2.626427110656085,0.010953927674815981,0.03333333333333333,1.9197674009652692,0.0058980625053501835,0.0004372640838000935,13.488559257125344,0.20849129423155424,0.016666666666666666,1.5986910581362859,1
47,EmotionalStress,0.0,0.8561946297774713,0.875,3.4984370052060627,0.4748662845920248,0.42367285221893325,0.8921940048511262,0.004098585923684716,0.016666666666666666,1.4257247819774592,0.002772975337526849,0.0010923200794066077,0.00016737252511623903,0.15322663042792597,0.0009143187746331169,0.125,2.661577071049333,0.06260254328742794,0.016666666666666666,0.8740407527795582,0.006515375555969789,0.0005476481779061304,11.897009464873188,0.079954526038923,0.016666666666666666,2.121207076799904,1
48,EmotionalStress,30.0,0.3234591124561964,0.5,3.4751112666679793,0.1750326009977376,0.1621415614009094,0.9263506368336787,0.0013357010730283068,0.016666666666666666,1.0755383846097866,0.0011896309151888567,9.945592728245792e-05,2.114369247617865e-05,0.21259358847592771,0.0007184702368594831,0.0625,2.6639991576322815,0.19891168221666047,0.016666666666666666,0.6555534643845594,0.023612224642063674,0.0009888946727437907,23.877390881830834,0.8260026563165445,0.016666666666666666,1.5777975014129686,1
49,EmotionalStress,60.0,0.0004897613350218318,2.5625,3.9004217187933636,0.00013276358018899433,0.0003604769929147672,2.715179813632727,0.00088186939009745,0.016666666666666666,0.28454160130374867,0.0008747544636186833,3.8125111421188916e-06,1.2204945416548773e-07,0.03201287802601828,0.0024889494907693083,0.375,2.7024405334571147,0.13986004259468868,0.016666666666666666,0.9269807550921981,0.02205856994756695,0.0013264907184077465,16.62926821986735,2.6019837036723756,0.016666666666666666,1.2009506854585292,1
50,EmotionalStress,90.0,0.0006001132979148067,2.5,3.6067987248607256,0.00024894920872698653,0.0003515786077734726,1.4122503524766612,0.0005499759146400942,0.016666666666666666,0.3081647474807667,0.0005441339552736902,3.5543010383445672e-06,5.116684598204168e-07,0.14395754729282267,0.005186589969693203,0.4375,2.6062318649567366,0.3793388214862632,0.016666666666666666,0.970728351023466,0.03957025639973691,0.0019299843237044099,20.502890056529473,1.1345563105051235,0.03333333333333333,1.4724837867401002,1
51,EmotionalStress,120.0,0.00034364174063653593,2.5,3.506987049352631,0.0001810384989853782,0.00018602752493344086,1.0275578176797941,0.000301747140100505,0.016666666666666666,0.35684466894987354,0.0002955452489196697,3.3255212498281353e-06,1.6252385740684226e-06,0.4887169414877189,0.0021479911444455273,0.875,2.76932723452024,0.019318441986476635,0.03333333333333333,1.4865712885814244,0.005648550071330724,0.0005107694293364765,11.058903972911155,0.3488689243986202,0.05,1.9939926507733379,1
52,EmotionalStress,150.0,0.00044097432989761775,2.5,3.6431454227862874,0.00014375994384561015,0.00030210297952832147,2.1014405782793193,0.00016682111199056994,0.016666666666666666,0.382832464308236,0.0001635305299337997,1.0076459415719302e-06,1.505835190507874e-06,1.494409026407398,0.001047175349440708,0.375,2.7431590515403155,0.006857236849647271,0.05,2.294694138576568,0.004837999932332063,0.0006555443803670808,7.380125705025433,0.16595416722131015,0.016666666666666666,2.6260814346766574,1
53,EmotionalStress,180.0,0.007620064794860486,0.5,2.9725731075295334,0.005415489825556137,0.002193712747219484,0.40508113169508236,6.296247617572987e-05,0.016666666666666666,0.7889627642316405,5.9600157068104906e-05,2.02499600148344e-06,7.180038263130663e-07,0.35457049089829423,0.0008898231205960615,0.125,2.714336417321047,0.01312398379423982,0.016666666666666666,1.6307646920211734,0.004585348742449618,0.00040962980421621007,11.193884564193935,0.6335145323270295,0.016666666666666666,1.9026464219514596,1
54,EmotionalStress,210.0,0.008926511856226477,0.5,3.0354291349296547,0.006312416132739732,0.002707880006782886,0.42897678952727797,5.879172847983343e-05,0.016666666666666666,0.5848237432784047,5.5580302218201026e-05,1.7924109383749172e-06,5.984520006296151e-07,0.3338810246115767,0.0005161906565249872,0.375,2.6637604880594816,0.026638176883999377,0.016666666666666666,1.5443193313054893,0.004844935171095091,0.0007389092771933331,6.556874193673752,0.34677953533396166,0.016666666666666666,1.4521213504741592,1
55,EmotionalStress,240.0,0.0002683877497153555,2.5,3.9816351191177715,5.327846768972408e-05,0.00021740347215943204,4.080512852312437,7.313776037952539e-05,0.016666666666666666,0.5032398433537095,7.082921918247506e-05,1.113682919760765e-06,3.487167631940299e-07,0.31312032985918403,0.0016775728330451387,0.5625,2.747696566570143,0.0245943351421027,0.03333333333333333,1.3280184826190589,0.0031182996511459264,0.0004943539991526264,6.307827298840532,0.30249274486383976,0.016666666666666666,1.5201608875976855,1
56,EmotionalStress,270.0,0.00045459600896417926,0.5,3.858263108071112,0.00010126568071535671,0.0003547853124888966,3.5035098760274686,3.574645104600886e-05,0.016666666666666666,0.5118099676093112,3.32684648772145e-05,1.990502907739478e-06,7.26758696846117e-08,0.03651131048441739,0.002297535867470172,0.0625,2.8062278956071687,0.007179252403137014,0.03333333333333333,1.864282585299049,0.0032795707283104565,0.00039194264105949905,8.367476219084311,0.1844087522169078,0.03333333333333333,2.602951773621998,1
57,EmotionalStress,300.0,0.0005772110776453025,0.5,3.5578517533070273,0.0002481283316179865,0.0003379998044305443,1.3621975460300204,3.603691019951618e-05,0.016666666666666666,0.7187799532334489,3.3404313454524897e-05,1.9850208724589567e-06,6.650057277097631e-08,0.03350119572727632,0.0017337649593023503,0.0625,2.7462931635991725,0.007818302596213494,0.03333333333333333,1.8523362390592115,0.003871942878610472,0.0005015659734506687,7.7197080415410095,0.3462915517178409,0.016666666666666666,1.5054765009917055,1
58,Relax,0.0,0.01554784929922529,0.625,2.2760668802611126,0.012220887134279719,0.003348587351171629,0.27400525955098676,1.6996331320251692e-05,0.016666666666666666,0.7405460347122891,1.4899016573693888e-05,1.611790710677795e-06,6.330610836146099e-08,0.03927687877965205,0.005809834761540163,0.25,2.75234827669328,0.12848392562280178,0.016666666666666666,0.6861007291163783,0.008585222326050659,0.0011116588115895301,7.722893244353353,0.41109676227088443,0.05,2.084949279527563,1
59,Relax,30.0,0.00031825846530249963,0.9375,3.806100609529877,0.0001302459228354902,0.00021462546857014435,1.6478478857355978,2.470859341439528e-05,0.016666666666666666,0.5581138006410569,2.310287732505775e-05,1.0017992384566114e-06,5.851083151834521e-08,0.05840574565467625,0.000759716154149439,0.25,2.447887007164119,0.5823165448094708,0.016666666666666666,1.199954594139461,0.08268823525539261,0.004463983119714423,18.52342023656274,0.8655603636229017,0.03333333333333333,1.7968127456300764,1
60,Relax,60.0,0.011573256645504154,0.625,2.124385302377925,0.011516233570196974,0.0012155570322520044,0.10555161328073111,1.0467796181792373e-05,0.016666666666666666,0.9948618515587473,9.00532938761182e-06,7.130994673157814e-07,1.5226910508573806e-07,0.2135313684343405,0.0011122634665035745,0.6875,2.6029167145761583,0.1010494223182799,0.03333333333333333,1.7988003898697162,0.043688311661610524,0.0029352847690561797,14.883840955458027,0.46102604363598615,0.05,2.1639274385744964,1
61,Relax,90.0,0.0123173375063276,0.625,2.1336904276041064,0.012173469300109662,0.001216861828393877,0.09996015091465464,1.528981806938408e-05,0.016666666666666666,0.5304579877712404,1.4576430112708444e-05,3.315460224761157e-07,7.739728180196684e-08,0.2334435540017449,0.00420974847391541,0.1875,2.739243603220522,0.12658013720648115,0.03333333333333333,1.243217229422934,0.019663226825991555,0.000988714843401766,19.88766220838597,1.3473139728541974,0.016666666666666666,1.2149190602453679,1
62,Relax,120.0,0.0002341031337258086,1.625,3.5476963496022114,8.949856063858198e-05,0.0001478448252361421,1.6519240553284116,7.70667077226638e-06,0.016666666666666666,1.0281834874118423,6.852022353819237e-06,3.0306571476445215e-07,8.290144427597034e-08,0.27354280024846345,0.004295898154010417,0.0625,2.688326184811026,0.062353404742690396,0.016666666666666666,1.649099271477023,0.019319919142087406,0.0015925121147752955,12.131725066853548,0.9794225826178254,0.016666666666666666,1.135753819335581,1
63,Relax,150.0,0.00033908897401686616,0.6875,3.2202240179447537,0.00022134922665038859,0.00015336312968470964,0.6928559543916546,9.468314236822725e-06,0.016666666666666666,1.0825067496715153,8.5489598011272e-06,4.3433162295488936e-07,7.545598050124219e-08,0.1737289585038555,0.0010419749030555567,0.0625,2.6824466399554394,0.06099187008132699,0.016666666666666666,1.2800754400182184,0.007268819560813734,0.0014436237075189237,5.035120664031109,0.6780233107451705,0.016666666666666666,1.7658225258262408,1
64,Relax,180.0,0.00017545963522176404,0.625,3.076696283286288,0.00011208727271567479,8.205277474852455e-05,0.7320436367174622,2.5627025064854215e-06,0.016666666666666666,1.8745437981663466,1.8865559193127277e-06,8.291584474646515e-08,3.869423087890328e-08,0.466668716904713,7.561800972597115e-05,0.0625,2.788097284316615,0.019122280342693018,0.016666666666666666,1.773970724257209,0.00661313643066574,0.0005714104062671579,11.573356659475724,1.3371163929463517,0.016666666666666666,1.0587168653526289,1
65,Relax,210.0,0.000209368906123132,1.5,4.045614394287989,3.660301264045314e-05,0.00017366246531370282,4.744485570615941,5.251751204172633e-07,0.016666666666666666,3.2938346755525667,1.8147344409481176e-07,4.913002529135933e-08,3.750511907275123e-08,0.763384892442695,0.0011528008743911472,0.125,2.644658167228071,0.04516480000104533,0.016666666666666666,1.7487326131981082,0.016213341945194106,0.001340585353555363,12.094225781442967,1.1172215327988788,0.016666666666666666,1.4148366070577394,1
66,Relax,240.0,6.156373198976503e-05,2.375,4.0810596962321375,6.54287240147487e-06,5.5159955265535394e-05,8.430541187552647,2.940853576025483e-06,0.016666666666666666,2.216743800173188,1.7725350694074862e-06,2.2745143946490975e-07,1.1834403500879449e-07,0.5203046210092336,0.000122416581740781,0.0625,2.6387476123752514,0.015029120256050557,0.016666666666666666,1.7553822755979995,0.0046480772653558254,0.0005264367039158628,8.829318379173461,0.3078120951708411,0.016666666666666666,1.4609309520539255,1
0,Relax,0.0,7.3123900046112e-05,0.75,4.030178130269608,1.4921248027642077e-05,5.8151779506782825e-05,3.8972463562736066,0.0005866830268726791,0.016666666666666666,1.1880781624238477,0.0004229396561498463,0.00013800867320498493,1.2131724755189168e-05,0.08790552414897765,0.0015892310315571952,0.0625,1.7094021553700762,0.16099144054221712,0.016666666666666666,0.8090969418095064,0.014228574254286192,0.002113703395409017,6.731585086720675,0.2159884267902292,0.03333333333333333,2.1018782126762185,2
1,Relax,30.0,0.00011044021704365678,1.8125,4.066438836392258,1.4378343114157053e-05,9.619650458757116e-05,6.6903748104922585,0.0012005126010413137,0.016666666666666666,0.27333778422198335,0.001183801671470646,1.2832758886624682e-05,1.2461176585229178e-06,0.09710442388360623,0.0008244034423001382,0.0625,1.959088151049353,0.16099868151577168,0.03333333333333333,1.7430065972876003,0.07322802380089688,0.004524967828050309,16.183103744286495,0.04624404825504583,0.016666666666666666,1.7261639878032433,2
2,Relax,60.0,0.00018996413565664823,1.5625,4.069469672706189,2.7907950231204007e-05,0.000162022495041172,5.805603553786401,0.0011494109417297743,0.016666666666666666,0.3039648672385887,0.0011393949803342848,5.6267956604409814e-06,1.988671543949831e-06,0.3534287832648921,0.001281460463257037,0.0625,2.389458875926647,0.09071907786269337,0.016666666666666666,0.9447335450989142,0.00587849394943717,0.0007063975550659947,8.32179260429062,0.059940116684842046,0.016666666666666666,1.5548019346392543,2
3,Relax,90.0,0.0010110051888335614,0.9375,3.5866783371654636,0.0004974558735410476,0.0005224398368637431,1.0502234763957088,0.0007236600494878101,0.016666666666666666,0.24875369418448243,0.0007161707940798675,4.937472127307106e-06,5.347621406631939e-07,0.1083068677402039,0.0012369609760586704,0.0625,2.2723750350318888,0.004959062156386954,0.03333333333333333,2.369644652627161,0.002245246355206143,0.0006739492110234254,3.3314770883055487,0.09324738394596702,0.03333333333333333,1.6777863389385659,2
4,Relax,120.0,0.0008089151518462423,1.0,3.2630366734782816,0.00047780193438573917,0.00032882933452319966,0.6882126480838587,0.0005920866474507145,0.016666666666666666,0.26166292587612444,0.0005852450210016959,4.600123123594191e-06,8.193530221631985e-07,0.17811545477135346,0.0016441803689492714,0.0625,2.1631075093940213,0.023790836533427624,0.016666666666666666,0.9232003265628929,0.0014983627926494602,0.00046773569453397796,3.203439057911399,0.060803823666094464,0.016666666666666666,2.1841430181948547,2
5,Relax,150.0,0.00019120829948557577,3.125,3.94890630331681,5.4377082965769974e-05,0.0001426075343741671,2.6225668350753133,0.0003037679385153496,0.016666666666666666,0.24537461122387236,0.0002999895462722725,2.1500183772877784e-06,7.341286219396243e-07,0.3414522544061779,0.0016079392389435104,0.0625,2.466556611730737,0.042446837826002747,0.03333333333333333,2.065561447541408,0.02091873712680613,0.003667045176342642,5.704521248268233,0.09198525253006883,0.03333333333333333,2.4547811841089127,2
6,Relax,180.0,0.00015077608255302803,2.5,4.042276929119529,1.547462273970071e-05,0.0001343358498212577,8.681041992488398,0.00024749945191561526,0.016666666666666666,0.30518142988467434,0.00024421367572896737,2.02138185055847e-06,4.337476430912581e-07,0.21457976530828243,0.000604883955680103,0.0625,2.460061830652365,0.13244307655084026,0.016666666666666666,2.0311055896262364,0.0508176711912611,0.01007875732804015,5.0420572236500885,0.06779538322825941,0.016666666666666666,2.436440186735331,2
7,Relax,210.0,0.00021511312709959142,1.375,4.041171616764574,2.7202125851681925e-05,0.00018666680276130328,6.862213776198729,0.00015724525495556968,0.016666666666666666,0.3377217135303709,0.000155240876083498,9.793785496706376e-07,4.044476617558751e-07,0.41296356949199037,0.0009337792922383358,0.0625,2.5081971581713898,0.08065889334432018,0.016666666666666666,1.855552767760675,0.03308158005325207,0.0012105384737626235,27.327987313304586,0.06712669909479528,0.016666666666666666,1.5408834752728053,2
8,Relax,240.0,0.00015820842416486888,1.375,4.047950989364258,2.226947710239754e-05,0.00013518403427659306,6.070373078586524,8.432012470170898e-05,0.016666666666666666,0.3483319924674567,8.265395473712269e-05,1.1038707110998132e-06,2.2215805709259305e-07,0.20125369289964365,0.0005607788091894486,0.4375,2.6103820316334385,0.01365526217100435,0.03333333333333333,2.0695748807140935,0.0049623889012151284,0.0007062554861943829,7.026336783526704,1.6049416203226962e-35,0.016666666666666666,0.0,2
9,PhysicalStress,0.0,0.1039238624144056,0.5,2.30611565223057,0.08609165755364621,0.02114395859902745,0.24559822867682662,9.952686073850931e-05,0.016666666666666666,0.673712335427328,9.304766173947319e-05,5.4353228994309674e-06,4.948817283584629e-07,0.09104918650008316,0.00013927948551893765,0.125,2.563883538714843,0.34770031384711725,0.016666666666666666,0.8496048461356436,0.020013386547104727,0.001660980002417435,12.049143588710704,0.02916052096790469,0.016666666666666666,1.6902234009299022,2
10,PhysicalStress,30.0,0.8619074701511383,2.4375,3.3780980089879495,0.46631329037861263,0.4064179523113644,0.8715555844041727,0.0076815243619940505,0.016666666666666666,0.6073469028743124,0.007458552153469202,0.00020349118096446198,7.156283066331296e-06,0.03516753420179462,0.0004692078899058408,0.375,2.508935827466982,0.229091688775783,0.03333333333333333,1.8724716934395849,0.10617353935002287,0.012618935791888554,8.413826736345799,0.03580524483792117,0.016666666666666666,2.593070765498916,2
11,PhysicalStress,60.0,1.5736620625307465,2.4375,2.9612556638805816,1.1235463608395555,0.5185511428126888,0.4615307039268127,0.010898387597535236,0.016666666666666666,0.9001056424658406,0.0093893148160324,0.0013594382323331097,0.0001024583454755824,0.07536815063656128,0.0011573626496433026,0.25,2.726842297950424,0.08920188483025779,0.05,1.9823249272003933,0.06039224908194263,0.004855667689238497,12.43747573908086,0.20334233266599924,0.016666666666666666,2.204484214580199,2
12,PhysicalStress,90.0,0.03253159552182895,0.6875,4.077451165781631,0.003430141668361399,0.029039548601547654,8.465991031624077,0.029819874511402732,0.016666666666666666,0.7135167190679081,0.02684331181771783,0.0025128683737768893,0.0003245753719274904,0.12916528987932918,0.0007243934894570797,0.5625,2.706361142712894,0.07707246827660068,0.016666666666666666,1.43052191771388,0.011304365760770537,0.004068214269538535,2.778704613818881,0.43402954633874574,0.05,2.954299799672261,2
13,PhysicalStress,120.0,0.03191559631554164,0.75,3.941726613060131,0.003534071708252981,0.028409062105475075,8.03862073288793,0.002491727312650334,0.016666666666666666,1.3483544603923987,0.0016088316571132221,0.0007503822572284041,6.806500681344504e-05,0.09070711115271901,0.0003285638740892852,0.1875,2.7049731445462273,0.13382185117530646,0.016666666666666666,1.8133506381295832,0.05172940198173275,0.0029986030004239823,17.251167285038587,0.2939003393264392,0.016666666666666666,1.3495064931729392,2
14,PhysicalStress,150.0,0.03369232492937499,0.6875,3.9854879683461,0.0032189058942824656,0.030407687399225686,9.44659098398524,0.0027777121990881664,0.016666666666666666,1.5550259368122388,0.0019609301719244634,0.0006644485897491726,6.498307660386088e-05,0.09780000681225286,1.769900736739321e-05,0.125,2.795526273564932,0.11241655446672214,0.016666666666666666,0.9940230033672369,0.00785229920606232,0.0031818373700721768,2.4678505821572516,0.09948159668358181,0.016666666666666666,1.4707605623168227,2
15,PhysicalStress,180.0,0.143536747724968,3.875,3.5503764828966276,0.015359470880418582,0.12694324259188433,8.26481872847073,0.06588022514611484,0.016666666666666666,0.575788283738721,0.0640225192883183,0.001626713297059479,0.00010980681393875747,0.06750225386197388,0.00023786654096387693,0.1875,2.7144383087298802,0.059465385786608545,0.016666666666666666,1.3889747201187177,0.005417345763017632,0.0032393961778564525,1.672331961138003,0.005081498050182192,0.016666666666666666,2.22517679062037,2
16,PhysicalStress,210.0,0.22739838451598807,3.9375,3.0148798185385806,0.00879162702240785,0.1847273687358125,21.011738585472816,0.04650178512515849,0.016666666666666666,0.4723088195001874,0.04480968850779317,0.000947393991614925,0.0003599963493671984,0.37998589029844876,0.0004766690257383667,0.1875,2.674240657639151,0.19692000394703496,0.03333333333333333,1.6586477470093013,0.06083614024779382,0.00511622894938646,11.890816624828588,0.14324735329807858,0.016666666666666666,2.753710058345524,2
17,PhysicalStress,240.0,0.18940756931825642,3.9375,3.1406962119501287,0.01060903171564486,0.15444965793818033,14.558318051817817,0.0016802439871262886,0.016666666666666666,1.8392745330920968,0.0012387171561538581,0.0002410503508480783,5.765552982057164e-05,0.23918459200629405,0.0012763565192794304,0.25,2.70293221499102,0.005593968950979566,0.05,2.504232844819775,0.003441246999087086,0.0007730288048649345,4.451641358549827,0.04958984720564164,0.06666666666666667,2.5531650998420736,2
18,Relax,0.0,0.3580637288990434,0.5,2.3594202184619455,0.2958177380121829,0.06344704605171286,0.21448019472415772,0.054973604073942826,0.03333333333333333,1.7524952554384343,0.035097386598433505,0.017245055487912865,0.0017805729367529703,0.10325121528318547,0.00020063134429370235,0.4375,2.6813603393020156,0.012214789332626855,0.016666666666666666,0.9869034648269068,0.0009486495083965837,0.00037948070835595025,2.4998622789192146,0.11365793330506103,0.03333333333333333,1.7302537823503426,2
19,Relax,30.0,0.00027264331080677955,2.375,3.7815207145413425,9.969183082549508e-05,0.0001770264089426527,1.775736361513186,0.014013358987411456,0.016666666666666666,0.2522399366585408,0.013923457939662716,4.982721966353732e-05,1.2989654928928358e-05,0.2606939543615346,0.0005990493523190215,0.3125,2.530352426499714,1.0033725637193183,0.016666666666666666,0.669079740288806,0.031885528876226504,0.0033933569979022974,9.39645575043754,0.141279560854406,0.1,2.471768493648034,2
20,Relax,60.0,0.0002120039534387762,0.5625,4.008747385336654,4.146322846717246e-05,0.00016973878413627122,4.093718468417333,0.013050494943983214,0.016666666666666666,0.25609516608441274,0.01293567052024353,8.560430212332763e-05,1.1548601600986138e-05,0.13490678989881144,0.0008292306609718991,0.0625,2.509464839338577,0.2660712587485624,0.016666666666666666,0.38009684992676873,0.010795776913826478,0.001421143904136547,7.5965402816724135,0.08728811773687202,0.016666666666666666,1.4337740490909094,2
21,Relax,90.0,0.0001377155594966563,1.5625,4.06919452041206,2.1845105551829042e-05,0.00011560474807622773,5.292020576506136,0.01241498906530367,0.016666666666666666,0.2361557381819183,0.012345038030618285,5.4306215882358226e-05,5.373221593466986e-06,0.09894303085132684,0.0005314935744378611,0.0625,2.358640260560785,0.0038258807718888,0.016666666666666666,2.51362681680885,0.0017613082614123992,0.0008491871134521908,2.0741109156169037,0.0035400827857253263,0.016666666666666666,0.39968121052257977,2
22,Relax,120.0,0.0001273388349280197,3.25,4.068993290608907,1.627360735187288e-05,0.00011048569969756124,6.789256819868262,0.01039643164191571,0.016666666666666666,0.259568776009833,0.010315483141031787,5.707473435715303e-05,9.104910211145351e-06,0.15952610754471705,0.000879704952421274,0.0625,2.6390747984545615,0.08188930433998534,0.1,2.3195857524088153,0.048784271707406,0.007872258264508894,6.1969856765680404,0.1092876750197519,0.016666666666666666,1.4976507459139832,2
23,Relax,150.0,0.0001052024472678186,2.8125,4.0929687056715975,1.1063956197311574e-05,9.365930433738338e-05,8.465263479635034,0.009385979596585655,0.016666666666666666,0.2282100884606458,0.009334366324713768,4.3230473641036816e-05,2.9131538915165296e-06,0.06738658280049929,0.0009017722307067847,0.0625,2.4918934565084085,0.02814472821791893,0.016666666666666666,1.926981871208755,0.00783060488566965,0.0022061386157304326,3.549461865104522,0.10836460228031637,0.016666666666666666,2.0960954154724445,2
24,Relax,180.0,3.0151634023449674e-05,3.4375,4.098272241320256,2.685400725827134e-06,2.7401476485557462e-05,10.203868726935529,0.008489711941318359,0.03333333333333333,1.5827894820646227,0.005057126896344752,0.003200840600797805,0.00012586237390283753,0.03932166252560859,0.0006968831534428347,0.0625,2.618161283054425,0.01614303543675872,0.13333333333333333,2.467634000552427,0.0077315432258206135,0.005571509811719499,1.3876926519195123,0.0009115107402946108,0.016666666666666666,0.10018784255797519,2
25,Relax,210.0,2.5097434453022173e-05,1.0625,4.073146040811231,2.4903675192624916e-06,2.2566404152322168e-05,9.061475456042361,0.003524467685603139,0.016666666666666666,0.9439233501953893,0.003037187329689278,0.00041500869028325733,4.802925448675574e-05,0.11573071988920079,0.000697675683598357,0.0625,2.509814842424801,0.013714232460048104,0.1,2.292030438378178,0.008387151764971925,0.0016580443603976475,5.058460415956809,0.1065378432416032,0.016666666666666666,2.208080799534251,2
26,Relax,240.0,9.879236141012675e-05,3.0625,4.036129219288831,1.481385823919121e-05,8.429114968651815e-05,5.690020001914112,0.00304283279822191,0.016666666666666666,0.24980325223239203,0.00302167965338427,1.4301560892334481e-05,7.550836511988718e-07,0.05279728953247267,0.000915717070766381,0.0625,2.5864293965062655,0.013801678847621257,0.03333333333333333,2.145569649666633,0.006914322042843851,0.0005697983201527837,12.134683094519952,0.06635766045072204,0.05,2.4743369570551037,2
27,CognitiveStress,0.0,0.01762965950817738,0.5,3.26518361348459,0.011439180187072396,0.006891350203276185,0.6024339236359099,0.012925264593761934,0.016666666666666666,0.5182444970023958,0.011896005526976724,0.0007612897276693065,0.00010992738351177946,0.14439625219733734,0.0010590859702387838,0.0625,2.0811447057582937,1.791979176205681,0.016666666666666666,0.7739598002510023,0.058950937568380546,0.005654672136198656,10.425173405015524,0.2928887184727566,0.016666666666666666,1.3576333109088017,2
28,CognitiveStress,30.0,0.015569608276040538,0.5,3.236697736100367,0.010193233013455325,0.005881845106775476,0.5770343029548419,0.003874401213393971,0.016666666666666666,1.2288819757207712,0.003074712657594806,0.0006174776802261661,8.847040667341639e-05,0.1432770924465026,0.0020107062177108963,0.0625,2.0797414046411893,0.4655332342380622,0.016666666666666666,1.2601791654091283,0.07213317616197429,0.004960409582223516,14.541778247601968,0.05139913220395037,0.016666666666666666,1.6857998591206484,2
29,CognitiveStress,60.0,0.000953463836776438,3.8125,3.968324593885808,0.00018638692795958965,0.000774348390906546,4.154520917231017,0.001024801617128897,0.06666666666666667,2.716210092256363,0.0001737983992859665,0.0005733732365316142,0.00019134104651292693,0.3337111576228531,0.0012447017335254437,0.0625,2.2572578664041347,0.22162175256787636,0.016666666666666666,0.520700344728683,0.005719550833392816,0.0006452655131678827,8.863871873940868,0.0,0.016666666666666666,0.0,2
30,CognitiveStress,90.0,0.0010795529452582496,0.75,3.9930736713536765,0.00025052001184685505,0.0008297627860374965,3.312161690878162,0.001013131292264444,0.05,1.9773110184210025,0.0004309551127990224,0.00045857955019873615,6.320520193842044e-05,0.1378282173965869,0.0010018580261871325,0.0625,1.8064952382986599,0.12849254712008562,0.016666666666666666,0.6586576207421997,0.0038881712131434783,0.0007975439654148978,4.875181032961332,0.07799648393877578,0.03333333333333333,2.0927844948540617,2
31,CognitiveStress,120.0,0.001635765090553491,1.8125,3.977786842777485,0.0004125045657465267,0.0012158179158413501,2.947404748456623,0.001561603485055428,0.016666666666666666,1.4597659728414802,0.001117107259215338,0.000342140306839832,6.068718270198358e-05,0.17737513379384848,0.0012481946902828367,0.0625,2.310899386675234,0.05172109411469097,0.016666666666666666,1.27369925059293,0.01501532982056429,0.0005894941148218575,25.471551696664275,0.0139706908223292,0.016666666666666666,1.849867368213699,2
32,CognitiveStress,150.0,0.003173838328420285,0.5625,3.166378511757463,0.0019648148355571916,0.0013307386179186587,0.6772844920734128,0.008232835006202822,0.016666666666666666,1.6647725395047397,0.005908937038339385,0.001985274868170924,0.00026367143894898544,0.13281356812415177,0.0008933634920003395,0.0625,1.996276500558154,0.03003913729489534,0.016666666666666666,1.7526107816670726,0.013359800611692238,0.002027026481565105,6.590836741993073,0.06729239842962696,0.05,2.890350325986229,2
33,CognitiveStress,180.0,0.025143024705533958,0.5,2.803150865530747,0.01867252566045132,0.006833882603211281,0.3659859800158445,0.0013933096266742382,0.016666666666666666,1.943656089955906,0.0007698092999230475,0.0005123525062139752,4.58409350202524e-05,0.0894714761112298,0.0012397796174733649,0.0625,2.311332745056514,0.019803219364710994,0.016666666666666666,1.1520074278613046,0.003922486430687558,0.0003945491024394043,9.941693965176317,0.032908878659842704,0.05,2.9217921635873823,2
34,CognitiveStress,210.0,0.011455406689598276,2.875,2.032424554428838,0.012653058305746121,0.0020431065465654616,0.16147136108885451,0.0005007472603652923,0.03333333333333333,2.179993139170963,0.00028772995671442076,0.00013033555434504164,5.8058932491370645e-05,0.44545736413311526,0.0008971522972128169,0.0625,2.4174475792200676,0.05569250952211728,0.016666666666666666,1.0228548081539712,0.009074399008036992,0.0005431032921250483,16.708422025082537,0.0583044325378945,0.05,2.5547313320085614,2
35,CognitiveStress,240.0,0.6154768732256142,0.5625,3.1285460208103433,0.3542431371127649,0.2621067018691145,0.7399062237462036,0.08140735301438583,0.03333333333333333,2.6355430973461957,0.032964172271002526,0.03108596945453023,0.009680599262948786,0.3114137803264813,0.0004368246339614235,0.0625,2.4350964343459167,0.1681117246208171,0.016666666666666666,0.76452010406024,0.023938896449367916,0.0016013269322555982,14.94941224503609,0.10758639660107709,0.016666666666666666,1.9454722190673834,2
36,CognitiveStress,270.0,0.005066907478378884,3.4375,1.5594239515763557,0.007599726712432665,0.00090003108465516,0.11842940130765056,0.004007832669744005,0.016666666666666666,0.4089575875806848,0.0038158422450854435,0.0001194268971698677,2.9172971209119035e-05,0.24427471449437937,0.0006494539383497049,0.0625,2.6657805611207235,0.03970429654145151,0.016666666666666666,2.031102770834631,0.013829215670695696,0.003350543490995948,4.1274544586153,0.12303313826671462,0.08333333333333333,2.7153416981256204,2
37,Relax,0.0,0.24566493197500008,0.5,2.3953313407390393,0.19805756753108472,0.05269822915724134,0.26607531241627747,0.01098186880831027,0.016666666666666666,0.5070453811297295,0.010511297917103469,0.0003203313951999599,5.523718076675833e-05,0.17243761178100486,0.0007532230432948312,0.0625,2.2586356251055273,0.08745035650728983,0.016666666666666666,1.3169734229818335,0.011074236885142646,0.0020612121591056113,5.372681718483512,0.002406692597946061,0.016666666666666666,1.597697781229313,2
38,Relax,30.0,0.007041510039324683,0.5625,3.2398682589271077,0.0030970525566226237,0.004133169899606792,1.3345494866622694,0.009868484182761565,0.016666666666666666,0.2692228899746432,0.009799145836838247,4.7245645934835986e-05,4.709895459708171e-06,0.09968951353113767,0.0012281730376786392,0.0625,2.2570565061468297,0.0027994600687601978,0.016666666666666666,2.031598954479008,0.0007207091929019504,0.00040372526212273933,1.7851476251759608,0.14452404848617284,0.016666666666666666,1.8612696060223253,2
39,Relax,60.0,0.00029362696551617445,0.9375,3.9932273340420235,6.614460094680722e-05,0.00022938495486298058,3.4679316464158503,0.006191252139506884,0.016666666666666666,0.23889796399311988,0.006150332171405547,2.5566031981490358e-05,5.95021656569852e-07,0.0232739150526231,0.0008165960330260168,0.0625,1.9637453573199548,0.045413168665777166,0.06666666666666667,2.205793747179083,0.030872204627649155,0.004535072218960996,6.807433958509729,0.5051321624465351,0.016666666666666666,2.0493037673010384,2
40,Relax,90.0,8.758104720902476e-05,0.625,3.8851773961835683,2.479433266155621e-05,6.425182556828388e-05,2.5913916073210874,0.004679333414780261,0.016666666666666666,0.25496344649260677,0.004639087282143232,2.8457178648142106e-05,1.4014468740666001e-06,0.04924756917735051,0.0014183630721095607,0.0625,2.129724564781818,0.05305930048841387,0.1,1.9616851547430398,0.029336971296836614,0.0012959412635909025,22.637577891105405,0.0682747418398158,0.016666666666666666,1.4635849195092872,2
41,Relax,120.0,0.00011735525018155432,2.5625,4.0866054247975265,1.8534422396154663e-05,9.732944235805003e-05,5.251280038715583,0.00342733207619113,0.016666666666666666,0.24096149760230726,0.0034064841767971385,1.3014203910657029e-05,4.509547538298856e-07,0.034650967275886096,0.0019329347162440154,0.0625,2.228645138841746,0.06704828358880671,0.03333333333333333,1.4488962673637362,0.014566475360205836,0.002686866077321442,5.421362636252891,0.10678830026345039,0.03333333333333333,1.9869225942136786,2
42,Relax,150.0,0.00012531432233034515,2.8125,4.052647058466226,1.886603365005887e-05,0.00010570187171750777,5.602760690357294,0.0030457402516243914,0.016666666666666666,0.2529206691849136,0.0030252958469817294,1.2003777932517464e-05,9.761131165592332e-07,0.08131715881839212,0.0015488577050550615,0.0625,2.251608492735355,0.05967632476941098,0.016666666666666666,1.4126500368597381,0.008918844366809668,0.0019482408440555418,4.577896205195975,0.16054787614430915,0.03333333333333333,2.454156125510154,2
43,Relax,180.0,9.865195315881202e-05,3.1875,4.032798318574078,2.2404100326780687e-05,7.705050094987143e-05,3.4391249738231755,0.0025324287236049873,0.016666666666666666,0.24613027897850168,0.002514868242998251,1.2532667426846444e-05,5.945978401402528e-07,0.047443837763264544,0.0009341981017783674,0.0625,2.371036540640957,0.02493669059178034,0.016666666666666666,1.8722896854731839,0.011121423121831873,0.0007298904360276829,15.237113096533388,0.008926662093218816,0.016666666666666666,1.8458508972022811,2
44,Relax,210.0,8.111975389754606e-05,3.25,4.038899363492508,1.6099400018400704e-05,6.456101025815824e-05,4.010150079156283,0.0018970268457996148,0.016666666666666666,0.2533058215671798,0.0018849906325948992,7.096879629541803e-06,7.741559694254718e-07,0.10908399322470315,0.0005613222829075785,0.0625,2.3740201497083526,0.027946736097839455,0.03333333333333333,1.8817140761027247,0.010963353035325175,0.0006925756907202269,15.829826518924031,0.045284934390964524,0.03333333333333333,2.6216621480377267,2
45,Relax,240.0,0.0001399897516502616,3.25,4.0380096626242254,2.3868235145146548e-05,0.00011703647572501192,4.903440703231489,0.0012232157683270365,0.016666666666666666,0.24947741846275828,0.0012100016800456657,8.776878592330645e-06,6.127634155344694e-07,0.06981564221133357,0.0009195160125480262,0.1875,2.689369826612001,0.015401851554636475,0.03333333333333333,1.6074322952925941,0.007073084698996521,0.0006887608231228327,10.269290095402416,0.0017896211774271408,0.016666666666666666,1.8542890598715844,2
46,EmotionalStress,0.0,1.5226361929863907,2.5,3.484131271138881,0.8406462640599366,0.7374483502343113,0.8772397877232849,0.0014946011619891269,0.016666666666666666,2.349043754263694,0.0008753321626156688,0.0002242536285794378,0.00011647249146323617,0.5193784029317408,0.0005976383846667097,0.0625,2.717139462791626,0.058668510621885835,0.08333333333333333,1.9231378110725286,0.04980186937966973,0.0012872363564375411,38.68898600525676,0.08935704681573549,0.03333333333333333,2.331747796927629,2
47,EmotionalStress,30.0,1.0466090568627977,0.6875,3.3908084277981487,0.6271348621983313,0.44553387089448004,0.7104275296269211,0.1666224442602597,0.016666666666666666,1.8422075248367198,0.11972818114152213,0.028694107703793832,0.006491730013033455,0.2262391317425473,7.298700169466329e-05,0.0625,2.645067661615352,0.016757629914991797,0.016666666666666666,1.1464603440445709,0.0025371027117274,0.00029386328932412065,8.633615711451004,0.4597571646337741,0.016666666666666666,1.7857399566047136,2
48,EmotionalStress,60.0,0.7346901323764665,0.5,2.6272408862279493,0.5616551864067034,0.1864670709011299,0.33199563613769634,0.0050041789786867885,0.016666666666666666,2.310703215372458,0.0026087376940676483,0.0008782330374220231,0.0007848363309770621,0.8936538453175037,0.00046933807609698096,0.4375,2.7148836300246986,0.0008444905263726371,0.016666666666666666,1.161777792343215,9.078456886546385e-05,6.148952094122746e-05,1.476423421028715,1.620271164996002,0.016666666666666666,1.0288325400662126,2
49,EmotionalStress,90.0,0.416665384723898,0.5,1.8273650668883163,0.4295811757236522,0.025453825740247172,0.05925265625843325,0.002370624587029506,0.016666666666666666,0.5589291644697568,0.0022086401327384457,0.00013257247699172673,1.5340502016873546e-05,0.11571407855516555,0.00038515409101898073,0.375,2.646602778320955,0.012812672492448284,0.016666666666666666,1.7646764085100275,0.0021951182419700952,0.001018614350053895,2.1550042387032455,1.6938297154772766,0.016666666666666666,1.2955450962156363,2
50,EmotionalStress,120.0,0.3229452639046855,0.5,1.5712192064075963,0.3304537255394996,0.01364072310333353,0.04127876930745341,0.002034176133884697,0.016666666666666666,0.7699175756623619,0.0019108736192005869,0.00010739625450573433,5.914146000792913e-06,0.05506845679126671,3.0458218400053256e-05,0.3125,2.6937514814814323,4.108650548026102e-33,0.016666666666666666,0.0,3.2271050789714713e-65,2.3759975901986867e-64,0.1358210585854009,5.9164567891575885e-31,0.016666666666666666,0.0,2
51,EmotionalStress,150.0,0.0001622603970233553,1.5625,4.049806086832777,1.7732810481485994e-05,0.00014399364947493014,8.120182056040537,0.0014675482982922314,0.016666666666666666,0.2457976331462295,0.0014581226395834904,5.568171997867152e-06,8.690751044422267e-07,0.15607906953576858,0.0009069225737398277,0.5,2.699670047894137,0.11776616525474026,0.016666666666666666,1.9323269081618477,0.03212449764409109,0.008809211316239463,3.64669395373349,1.7341453070389148,0.016666666666666666,1.527984060049432,2
52,EmotionalStress,180.0,4.394332024548708e-05,1.9375,4.029487161823731,5.774128456578579e-06,3.77569598416892e-05,6.538988546171319,0.0009686872970651113,0.016666666666666666,0.26956765735385413,0.0009566672234001335,8.496699091200666e-06,4.5252255119674047e-07,0.05325862977369423,0.0007639158729551755,0.5,2.6808359018523364,0.06272519058249076,0.016666666666666666,1.9733216853328697,0.029606522248829256,0.0022050142458836805,13.426907469690365,0.36161357118151355,0.016666666666666666,1.2622854411491444,2
53,EmotionalStress,210.0,3.055221220974389e-05,2.0625,4.069756225075701,4.671105783820832e-06,2.5768009168919304e-05,5.516468768095807,0.0006692908593344499,0.016666666666666666,0.27039640090434464,0.0006590938120266819,6.480026713188536e-06,1.0228281897183539e-06,0.15784320574429625,0.0001909239957086829,0.0625,2.7085112577766832,0.06888011417766625,0.016666666666666666,1.5384454976286466,0.01458310272102821,0.002292643369630451,6.360824764201703,1.6049416203226962e-35,0.016666666666666666,0.0,2
54,EmotionalStress,240.0,8.441283413789389e-05,0.5625,4.0759847962301095,8.937491298142945e-06,7.520299554953172e-05,8.414329372847343,0.0005521492095662921,0.016666666666666666,0.2867400363743553,0.0005481715350683851,1.5583663682239874e-06,7.49033700212736e-07,0.48065314773597306,0.0006801351573604351,0.0625,2.6377775885318915,0.048182710631780284,0.016666666666666666,1.2966509528475807,0.012782126669033162,0.0007111029523585765,17.975071860744748,1.6049416203226962e-35,0.016666666666666666,0.0,2
55,EmotionalStress,270.0,0.00013804119981163332,0.5,4.087062780631204,1.805044551546802e-05,0.00011892861492572535,6.588680308406322,0.00034986391158569854,0.016666666666666666,0.31782892518036143,0.0003453710080327293,1.97571848922485e-06,1.2269423701390375e-06,0.6210107243671207,0.0007814979079192477,0.5,2.7625336189360103,0.05228840380553656,0.016666666666666666,1.7072278036285307,0.020402225551869227,0.0013419286677943548,15.203658764815795,1.6049416203226962e-35,0.016666666666666666,0.0,2
56,EmotionalStress,300.0,6.681148724169974e-05,3.625,4.080814460559026,1.0723749909716051e-05,5.556894406092161e-05,5.181857515212511,0.0002739658793694688,0.016666666666666666,0.33768817299918397,0.0002669282976130546,4.896103987235325e-06,4.740850400980755e-07,0.09682903821774756,0.00039982238154139774,0.5,2.7279612414316174,0.009023916115316815,0.016666666666666666,2.1173777901215374,0.006414825529195957,0.0005762412712040205,11.132186897673218,0.03731705296680521,0.016666666666666666,2.1948058207378462,2
57,Relax,0.0,0.14177285254071323,0.5625,1.8968593846495194,0.11742146875437047,0.02511669121544017,0.2139020358191978,0.0013937841014664172,0.016666666666666666,0.44937345659771044,0.0013476425624299212,3.153263372430902e-05,8.563422063867469e-06,0.2715733211103704,0.00024737298461261403,0.25,2.733169829974835,0.031533782805356805,0.05,2.237018897296798,0.023748987435650803,0.0026370162803993954,9.006007134720399,0.3225731690470721,0.016666666666666666,1.7142327020324255,2
58,Relax,30.0,0.00014249538904268627,0.9375,4.041196594265227,1.85343466389984e-05,0.0001235249896811824,6.664653040494645,0.0003567150863733817,0.016666666666666666,0.2722713840082903,0.0003499307060541096,4.1785883953171576e-06,1.0255788738710496e-06,0.24543668264153295,0.00045502597546480384,0.375,2.765025091085161,0.04061747974660503,0.016666666666666666,1.7778575193870447,0.02062562353507664,0.001577294596479199,13.076582891437456,0.08889943722558497,0.03333333333333333,1.4839227463489224,2
59,Relax,60.0,0.00011443671928915524,3.75,4.070595887219346,1.337602070138652e-05,0.00010073965241514442,7.531361879897662,0.00024785373946169893,0.016666666666666666,0.3528081081343368,0.00024405571067343437,1.2492795534498144e-06,1.3469289730814877e-06,1.078164586430651,2.987168460062211e-05,0.0625,2.707003161890663,0.2924504746820913,0.016666666666666666,1.521740409306699,0.08055202009931402,0.0031250591742549806,25.776158340591344,0.1194306666600671,0.016666666666666666,1.767575721885769,2
60,Relax,90.0,0.00018946629638898996,0.625,4.09147127461108,2.7812580987305043e-05,0.00016100742071490628,5.789014000117342,0.000107076247523439,0.016666666666666666,0.48231175782786856,0.00010354119795695849,1.7236396035341247e-06,6.593816547065412e-07,0.3825519286946964,0.0009322545165653169,0.625,2.536657953744476,0.017624748491398612,0.03333333333333333,1.810480566639846,0.007689688026942587,0.0008969034080152823,8.57359661946068,0.014546348049614436,0.03333333333333333,2.844350439034805,2
61,Relax,120.0,0.0001281239980831446,2.1875,4.069199498543448,2.1043368313190224e-05,0.0001079695599583161,5.1308116814473825,7.191090230964223e-05,0.016666666666666666,0.6055504380951655,6.831873983759394e-05,2.692288097341569e-06,1.0366126571836119e-07,0.038503036068360905,0.0012699288755539072,0.625,2.642684414179932,0.015481555353007744,0.016666666666666666,2.3550231227796257,0.009120417988622518,0.0010486280968455095,8.697476270241685,0.06900847242314231,0.016666666666666666,1.8314247812663282,2
62,Relax,150.0,0.00021212543308286714,3.5,3.8203075314749584,7.52175994160987e-05,0.00014033371715401133,1.8657032163137066,3.650450793777011e-05,0.016666666666666666,0.9522327074154282,3.289549590996128e-05,1.7194194461715807e-06,2.3189244991347123e-07,0.13486671354671342,9.992933516760546e-05,0.3125,2.7196435483516583,0.024167252178621135,0.05,1.819674460418252,0.016187297269813286,0.0006712289707000304,24.115909736332473,0.08100605971749678,0.03333333333333333,1.8255566881244778,2
63,Relax,180.0,0.00019740368083074632,3.5625,4.0698660547904435,2.5606697891764393e-05,0.0001714857735869017,6.696910875105643,1.6923392625204904e-05,0.016666666666666666,1.3815763277051696,1.4092723830298191e-05,1.495519329132613e-06,1.7676070034618795e-07,0.11819352441850917,0.0008387771050095001,0.25,2.6852150418162752,0.016114968505029928,0.03333333333333333,1.8129641354360333,0.008893143904242909,0.0007878714419222005,11.287557120417972,0.05459895054386887,0.016666666666666666,2.022742345024697,2
64,Relax,210.0,0.00017291922914140052,0.8125,4.0580428753611955,1.7194367105166177e-05,0.00015547317101902318,9.042099082106377,2.8368924620698257e-05,0.05,2.4940622590274635,6.540889931696315e-06,1.587564573369037e-05,4.313410431095491e-06,0.27169984159710886,0.0021101769089978514,0.0625,2.6709930437258924,0.037063895848648554,0.13333333333333333,2.383734760789876,0.0150525053138399,0.013005669560103355,1.1573802674500888,0.18495399061889567,0.016666666666666666,1.240074452875743,2
65,Relax,240.0,0.0001751472207309895,3.0625,4.072288374912153,1.8211334476038486e-05,0.0001562768864783393,8.58129791004389,1.3873046598045815e-05,0.016666666666666666,1.2727325502367803,1.1077276244424922e-05,1.7811233321132908e-06,1.9356579563787963e-07,0.10867624501230642,0.0011226430499194741,0.25,2.670791071471952,0.02954785678201424,0.03333333333333333,2.213725414842912,0.013911812995524166,0.002645646870745443,5.258378640534269,0.29624872312054285,0.016666666666666666,1.1622089133773126,2
0,Relax,0.0,0.018211044663996423,0.5,2.8459386764510457,0.013826210555905811,0.00538226144440079,0.38927958044887273,1.0995465188685877e-05,0.016666666666666666,0.8113218395750778,1.0179631562681954e-05,6.677181166326755e-07,6.825852231007822e-08,0.10222655430454426,0.004547003766695053,0.0625,1.9647558783643904,0.027147126864391344,0.016666666666666666,0.938094751865695,0.002523273381523894,8.237160661813536e-05,30.632805224031614,7.299244920103543,0.016666666666666666,1.0673486523342808,3
1,Relax,30.0,0.0003514214868779204,2.25,3.8567157765315807,0.00011823657837827682,0.00023174893045242913,1.9600442911244422,4.1418973239448e-07,0.016666666666666666,2.0607726813094795,2.6424110930089367e-07,7.654776575162294e-08,8.826100146993422e-09,0.1153018649248596,0.0030800234101593864,0.0625,2.4090192339850587,0.1390317932682286,0.016666666666666666,0.5643532689915147,0.0033225852407612884,0.0011180549682507084,2.9717548198544783,1.8541372576937196,0.016666666666666666,0.985155127394633,3
2,Relax,60.0,0.00012541394887761664,2.5,3.5820041007874224,6.253110459891788e-05,6.948573110661109e-05,1.1112186735273752,8.515880713735709e-07,0.016666666666666666,1.655383308005997,6.042863603550776e-07,1.6173182457298373e-07,2.2014301693406076e-08,0.13611607827667718,0.0024813334052817566,0.0625,2.231970942863162,0.14222732824884077,0.016666666666666666,0.5891083468420913,0.004376386923987681,0.0010823646241021833,4.043357318350897,0.09633947606696941,0.016666666666666666,2.1423729447387365,3
3,Relax,90.0,0.00012657533720238155,2.375,3.7197591863859447,5.4251461224186244e-05,7.972602509529107e-05,1.4695645664885395,1.713235565313504e-05,0.016666666666666666,0.6175204010876768,1.6280716200460723e-05,5.833804552243562e-07,1.144736420394692e-07,0.19622467810555116,0.0022084825663861362,0.0625,2.4321752959883014,0.0194406015470874,0.016666666666666666,1.7733652378220726,0.005488493239638686,0.0011057364539942788,4.963654060434083,0.07556432729525886,0.016666666666666666,2.7394936560496297,3
4,Relax,120.0,0.0001097621308976591,3.4375,4.069184690286089,1.733413306410952e-05,9.228920877981205e-05,5.324131783140497,1.263333122382951e-05,0.016666666666666666,0.5673698686594408,1.218754898905219e-05,2.74500992270265e-07,6.499944605367772e-08,0.23679129724121845,0.0021776882113332076,0.0625,1.9708834840769134,0.0180987343969032,0.05,1.701326520612049,0.007426955591917323,0.0008918356729626075,8.327717557255323,0.016792140258562946,0.016666666666666666,2.760637702933455,3
5,Relax,150.0,9.248312016313143e-05,3.9375,4.083579127727285,1.3447154459067644e-05,7.798981076695355e-05,5.799725957216451,1.734870546823949e-05,0.016666666666666666,0.4829250621966165,1.63111785285378e-05,8.818610057875227e-07,6.266086402200202e-08,0.07105526110211029,0.004542622557899276,0.0625,2.5708763405285526,0.00766505315115809,0.05,2.474306398452449,0.005322548077089202,0.0011248385637828478,4.731832858921016,0.15904381567823772,0.03333333333333333,2.2008173704787626,3
6,Relax,180.0,9.348171667388606e-05,1.1875,4.059316278899862,1.2373309899808785e-05,8.075748506141862e-05,6.52674876127257,1.0436421131749373e-05,0.016666666666666666,0.8323619411803724,9.159031763240468e-06,1.089892766508313e-06,5.828360685860025e-08,0.053476459932221866,0.0031638547014865665,0.0625,2.6015094423921825,0.03517005071808734,0.016666666666666666,1.1383893859649215,0.004495400997167611,0.00041656512768523004,10.791592234682879,0.016646876689188666,0.03333333333333333,2.3269130201066175,3
7,Relax,210.0,9.094002166683813e-05,1.125,4.019229919904447,9.940536145351883e-06,8.071062724386616e-05,8.119343470382713,1.830207708646631e-05,0.016666666666666666,1.1716175152262502,1.4384973683826649e-05,3.6095814613334025e-06,1.1590249530143782e-07,0.03210967713099421,0.003807145580988032,0.0625,2.465192974513543,0.07548936506367031,0.016666666666666666,0.788933494397136,0.0022509608800911148,0.0007815691634887324,2.8800533404406328,0.3203927424166916,0.03333333333333333,1.7100321979751767,3
8,Relax,240.0,9.713725176010394e-05,1.5625,4.066394175015768,1.3656824253096841e-05,8.240781487629998e-05,6.034185792323795,1.028780019542606e-05,0.016666666666666666,0.4744725804341016,9.602640915253982e-06,4.11121759314081e-07,1.730727816312222e-07,0.4209769434728492,0.0029879324562092652,0.0625,2.562057049894403,0.05748146001732208,0.016666666666666666,1.3099436625638041,0.011673260350531478,0.0008937698363604844,13.060700725889454,0.008897815798021746,0.016666666666666666,0.22703391984933674,3
9,PhysicalStress,0.0,0.0349712347380544,0.5,2.630790493902416,0.028882451867831067,0.006401176613935825,0.2216285737522644,6.176889882565795e-06,0.016666666666666666,0.9127296981645848,5.236346550048025e-06,6.618342327807799e-07,1.0115691837900997e-07,0.1528432851742746,0.002037147187865157,0.0625,2.653241087317401,0.06494946016005416,0.016666666666666666,0.7812481585593741,0.012093180840130833,0.0008304102873854972,14.562898634367324,0.29816420604585114,0.016666666666666666,1.4857869660183376,3
10,PhysicalStress,30.0,0.2099861230693865,1.0,2.347102913513004,0.19831062008822306,0.037886842567332955,0.19104797590002048,2.2133875725746554e-05,0.016666666666666666,0.49419546125928715,1.9634091290655393e-05,2.3544543978320868e-06,3.982965626109776e-08,0.01691672444272939,0.0009323771439725368,0.0625,2.4655171279609807,2.083232647834382,0.016666666666666666,1.2193163839537444,0.40580712335759794,0.010885609975649847,37.279226820118744,0.2089215392842401,0.03333333333333333,2.66124487485323,3
11,PhysicalStress,60.0,0.03711106644001858,0.6875,3.09068133388395,0.026012642241277507,0.015501693646756807,0.595929221759654,2.454334536354816e-05,0.016666666666666666,1.0127740844914281,1.9978296540765936e-05,3.7989305911654987e-06,3.040436194680976e-07,0.08003400224662122,0.0017183911047230754,0.25,2.724987153212668,0.2777902922437045,0.016666666666666666,0.8478762343429828,0.034193832324644874,0.0014635271947429469,23.363988347787867,0.0947352013882851,0.016666666666666666,1.1617866412729592,3
12,PhysicalStress,90.0,0.07082830133876798,0.6875,3.278483302788503,0.0407057416006899,0.030637094442395936,0.752647986196539,7.703519844230763e-05,0.016666666666666666,0.5371551592173741,7.201468955661517e-05,2.45179430710122e-06,1.0843152974588367e-06,0.4422537789235807,0.0020735581548269257,0.1875,2.7438621234525886,0.004593591473878798,0.016666666666666666,2.1103242585858655,0.0017976762932881175,0.0006499800564274314,2.7657406954436663,0.15705064977154387,0.016666666666666666,1.5154723980636464,3
13,PhysicalStress,120.0,0.16557273633994626,0.625,3.2011761675330996,0.10851091902966228,0.06381627984486239,0.588109292737791,8.241837639438377e-05,0.016666666666666666,0.4361440969695993,7.746091990680864e-05,3.952648240487835e-06,4.0440830479816703e-07,0.10231325435330291,0.000904293349536906,0.125,2.7177481741803193,0.18665783813734907,0.016666666666666666,0.8593023942981493,0.004683645705551256,0.0037696925566342767,1.242447662557657,0.7411354613927198,0.016666666666666666,1.3983839956315158,3
14,PhysicalStress,150.0,0.011676181065177435,0.625,3.9206384138358414,0.0014029528758443064,0.010283341775441497,7.329784166309159,0.00011495857305551769,0.016666666666666666,0.3625491818221646,0.00011230392889393299,1.37428912848433e-06,4.5852407177875066e-07,0.3336445455873217,0.0006989371973728819,0.125,2.7084233929501327,0.483860264186611,0.016666666666666666,0.9815426356770204,0.044715963575251226,0.00804332015993359,5.559391232242137,0.04967488393556468,0.05,2.574777887212768,3
15,PhysicalStress,180.0,0.04701443974415638,2.0,3.686725558242386,0.01459541641602437,0.03321267008279532,2.2755548136558126,0.0005338262388454423,0.016666666666666666,0.910837017153921,0.000485814849662845,3.4214472521424245e-05,9.389189766821519e-06,0.27442158463621624,0.00234474257672592,0.4375,2.7109471625457133,0.18054373771916238,0.016666666666666666,0.8840979842259571,0.031404362242084524,0.001874688622220365,16.751775132069383,0.25659294419004386,0.03333333333333333,2.233413958062126,3
16,PhysicalStress,210.0,0.06735800367798496,2.0,3.864007847127836,0.010966082569618,0.05580032959099536,5.088446966977301,0.0003775786163891681,0.016666666666666666,2.6442758353589775,0.000131589931019533,0.00014507247887812712,3.516940589416481e-05,0.24242644894563373,0.0027971270924766678,0.0625,2.6839803184114253,0.9436560568157698,0.016666666666666666,1.4765829150965446,0.20436750046691418,0.02805103684494769,7.285559588993342,0.004913283634334771,0.016666666666666666,0.7038131333790673,3
17,PhysicalStress,240.0,0.047754783241384144,2.9375,3.8983343827541215,0.006766276112458369,0.04021883249106829,5.944012899062098,0.0007087952765174892,0.016666666666666666,0.5258286066451365,0.0006619343510533411,2.817324260668793e-05,8.983367536749865e-06,0.3188616824183859,0.000698180842556527,0.3125,2.685840616131318,0.40737743857011466,0.016666666666666666,0.688298268308479,0.02007732520730521,0.0026856352922502887,7.475819693478357,0.197124649689914,0.016666666666666666,1.546613311388429,3
18,Relax,0.0,0.024973825189737203,0.5,1.6071755047838738,0.024086417570766173,0.001190874628625483,0.04944174969676082,0.00020096261999988,0.016666666666666666,0.27412241971588314,0.00019581153667295632,2.4651806633289787e-06,6.866066255588834e-07,0.27852182834814637,0.003999740647209376,0.125,2.7258214161141567,0.7475013258459215,0.016666666666666666,1.7022271521794092,0.25297334853682185,0.00946925022559081,26.715245928675227,0.13447018052965384,0.06666666666666667,2.4291529370514153,3
19,Relax,30.0,0.00016111347118717332,1.0,3.90705851542914,4.343948057566614e-05,0.00011810413932686497,2.7188202474277365,7.040589142458747e-05,0.016666666666666666,0.5042197830911584,6.538073550332608e-05,3.5133901207063537e-06,5.411555052857348e-07,0.15402659160917134,0.0016625589136138974,0.1875,2.6497883398051005,0.6126669476020157,0.016666666666666666,0.9393177072929891,0.08737981124483926,0.0022147378569097455,39.45379403355733,0.23971649619798238,0.05,2.502393822788303,3
20,Relax,60.0,5.211842684834548e-06,2.25,4.103141544466485,4.7204581549747876e-07,4.710552115617122e-06,9.979014665457365,8.254294438908824e-05,0.016666666666666666,0.49463125160670635,7.856363885839231e-05,2.4838639421088403e-06,2.559810612489584e-07,0.10305760187155276,0.0007024559594959539,0.5,2.709510028455024,0.1983600061820088,0.016666666666666666,0.47584344675340445,0.002780639467955454,0.0004444675903956267,6.256112994606353,0.2874996590440831,0.03333333333333333,1.9448731626804867,3
21,Relax,90.0,1.6287438973022078e-05,2.75,4.0750801402007415,1.8597283695810126e-06,1.4276817324634174e-05,7.676829346777492,0.00010254452640645472,0.016666666666666666,0.4711505121809486,9.669835900765673e-05,3.6140390785574452e-06,9.50528065628558e-07,0.2630099024850512,0.0013321342954089224,0.25,2.5663394340691674,0.011900385400206753,0.016666666666666666,1.9342404620868718,0.004510802522513225,0.0008151489523479402,5.533715659598643,1.0271626370065256e-33,0.016666666666666666,0.0,3
22,Relax,120.0,2.2252732119771047e-05,2.0625,4.082860299526102,2.7350504842227208e-06,1.9304247888145195e-05,7.0580956364435465,3.327857507625813e-05,0.016666666666666666,0.9129744479666453,2.8194441239132635e-05,2.969382145983434e-06,7.574451148926796e-07,0.2550850909901394,0.003003436628307811,0.625,2.665210513580407,0.009020801784758857,0.016666666666666666,1.013304837975389,0.0005254355265543984,0.00029979139062354305,1.7526705001819194,1.0271626370065256e-33,0.016666666666666666,0.0,3
23,Relax,150.0,3.185223156403486e-05,3.8125,4.108194042130609,3.408034539847861e-06,2.8088882974783377e-05,8.241959594704488,6.428765763918529e-05,0.016666666666666666,0.6140243411567629,5.967123617383392e-05,2.1687967837856724e-06,2.354309149187829e-07,0.10855369976519154,0.0013309869243121,0.625,2.6285148319509783,0.005446299213310497,0.016666666666666666,0.628562538083235,0.00026126184721065465,8.673822239810875e-05,3.012072878454,0.19410114879763846,0.016666666666666666,1.56188329743006,3
24,Relax,180.0,5.5893165133319184e-05,3.8125,4.068610427074756,6.236877056553581e-06,4.936200423452078e-05,7.914538604324774,6.395372011695701e-05,0.016666666666666666,0.6524527780291615,6.0811576438904765e-05,1.578649567094668e-06,1.1864619976831877e-07,0.07515676831728661,0.0009589273396051794,0.1875,2.656053235512734,0.013375058730471996,0.016666666666666666,1.4402913329246863,0.0020032348552325757,0.00041300988419389154,4.8503315099648745,0.034174829877700666,0.016666666666666666,1.8650232373814195,3
25,Relax,210.0,6.360092800528113e-05,1.75,4.01929137859099,1.354885985406708e-05,5.0122934173791666e-05,3.6994208157482587,0.0001041548574135488,0.016666666666666666,0.6690940490701884,9.788780555845963e-05,2.902268083178986e-06,2.7638935837175975e-07,0.0952321944253399,0.001146976697359883,0.375,2.6426703325202707,0.008067647207417233,0.016666666666666666,1.8831723282671764,0.0020115210221843746,0.0006587628279387822,3.0534828877310334,0.17315906726549887,0.08333333333333333,2.5933259117497665,3
26,Relax,240.0,6.054111351876529e-05,3.375,4.005997084896881,1.4523458930421184e-05,4.626832904694569e-05,3.1857651313373387,0.00012357316290179717,0.016666666666666666,0.5494500555117562,0.00011760874231622409,3.270534577874655e-06,3.527452650229604e-07,0.10785553756541863,0.0021769540309205843,0.4375,2.7024864961643695,0.00496835032604723,0.03333333333333333,1.8734895044347417,0.0013980721912101076,0.00023265256070891893,6.009270591950598,0.0008625713147221362,0.016666666666666666,0.05660454655712843,3
27,CognitiveStress,0.0,0.0014449441018824763,0.5,0.8363199555019964,0.0030156051308437774,9.338401347667878e-05,0.030966923527733087,0.0004073991498613589,0.016666666666666666,0.7123014166404433,0.0003706827516158414,2.521529089341478e-05,1.7658830883930808e-06,0.07003223146849591,0.0030213625883434387,0.0625,2.7374056812484704,0.9371391126361899,0.016666666666666666,1.1804770617191673,0.12008959495680531,0.004590246554903466,26.161905143966894,0.2512722929261653,0.016666666666666666,1.6193625927939346,3
28,CognitiveStress,30.0,0.00025911239644630556,1.6875,3.830108503998962,8.40439518393687e-05,0.00017475284851544082,2.079303087144712,0.00011400306680562238,0.016666666666666666,1.369075791981998,9.041962335200978e-05,1.19870299945999e-05,3.339802531719173e-06,0.2786180174091279,0.002166306713522424,0.3125,2.790071659770932,0.03768595375013648,0.05,1.961835216830993,0.023864649862055415,0.0018572322228602265,12.849577757865257,0.31539547210683067,0.016666666666666666,1.3320118313804619,3
29,CognitiveStress,60.0,0.0002522760478077381,0.75,3.9877664276305325,5.186768344459074e-05,0.0002009667176827445,3.8746036903196845,0.0005446918723667757,0.016666666666666666,0.5622196736144442,0.0005209431481418415,1.4515867017171912e-05,3.004379162394029e-06,0.2069720781293961,0.0017752355661690628,0.5,2.670353726218157,0.017568389094771555,0.016666666666666666,1.6925112058629852,0.005445610765394265,0.0010864554802238009,5.012272352174536,0.10930575505483749,0.016666666666666666,1.395423560256645,3
30,CognitiveStress,90.0,0.00017324760167590532,0.5,4.048550856176341,2.4909994810417475e-05,0.00014813235283926425,5.946703480536841,0.00019233613319378446,0.016666666666666666,1.1454484793929676,0.00015304809928496952,2.2381952338426212e-05,5.757481581866778e-06,0.25723768395226665,0.0004906942256000396,0.125,2.7324268129535274,0.00964271317051827,0.1,2.414538050493475,0.0054604773295934324,0.0020278384295796025,2.692757593476252,0.012432016903520311,0.016666666666666666,3.0463506484706584,3
31,CognitiveStress,120.0,8.752541975987343e-05,1.6875,4.021761642652538,1.8272511777644833e-05,6.95630141510422e-05,3.8069760193641136,0.00030134328303337514,0.016666666666666666,0.9394301386029079,0.0002702101147258131,2.017452380501932e-05,3.7943956022165367e-06,0.1880785707205892,0.00115234989908504,0.375,2.6590196753533215,0.011176273988521106,0.08333333333333333,2.2375454089874793,0.008428477041158318,0.001255865101958925,6.7112917048267375,0.1969233528159222,0.05,2.347976397138184,3
32,CognitiveStress,150.0,0.050044435950417306,0.6875,2.412715203430131,0.0426602037204666,0.010083997239235296,0.23637949094925237,0.0002718625835698827,0.016666666666666666,0.9199592491362383,0.0002338805433229381,2.1338659438578485e-05,6.97539105205459e-06,0.32688984385981035,0.0010019421465847082,0.125,2.6718813808592206,0.020746038564455484,0.016666666666666666,2.2612156307912596,0.009523532901705756,0.002045212220567944,4.656501074035791,0.2504656939719825,0.15,2.5950564891399863,3
33,CognitiveStress,180.0,0.1269420932828948,0.75,2.1810240952562863,0.1189316930558044,0.015004263721888799,0.12615866583895843,0.000725761773694759,0.016666666666666666,0.5428774605181844,0.0006790727641536304,2.774539799314273e-05,1.0365006571806675e-05,0.37357570341461255,0.0002523177301741833,0.5,2.701797866627726,0.015159229050261016,0.05,1.9691867202857127,0.010385240914587236,0.0006863339975647379,15.131467989982031,0.07718090444843612,0.016666666666666666,1.9918407051914266,3
34,CognitiveStress,210.0,0.289092328780685,0.6875,2.041098749029624,0.2793763991591192,0.022455768252924127,0.08037818627669552,0.00044902906801023865,0.016666666666666666,0.8954492364874037,0.0004000014819721055,2.6001477564297912e-05,1.1542213943314483e-05,0.4439060785977354,0.0006715497256304357,0.125,2.7120161659965922,0.054661581294181354,0.03333333333333333,1.7262091229886836,0.028634587307901794,0.0011015197957183797,25.99552674332751,0.08104022095997744,0.03333333333333333,3.0783659536551715,3
35,CognitiveStress,240.0,0.008018506096129889,0.5,0.967790130239246,0.013945679289822835,0.00041859864808148177,0.03001636846668081,0.0002641786856900477,0.016666666666666666,0.7958410004530293,0.00023724633021791832,1.400695686303132e-05,2.7226728736439623e-06,0.19438004273647302,0.0012317249481726476,0.625,2.731299856117843,0.08116413620360115,0.016666666666666666,1.5640117751328009,0.0194966332501041,0.0010435796912995209,18.68245751872179,0.30906888480710687,0.03333333333333333,1.8246973670673634,3
36,CognitiveStress,270.0,0.001237697647533738,2.0,3.1768192062486627,0.0006836064836317386,0.000558194011291168,0.8165428863776975,0.00020494690015871649,0.016666666666666666,0.8977849753992798,0.00018272534572430087,1.1980025528330164e-05,5.640694158687169e-06,0.47084158087544553,0.003728249330887966,0.3125,2.7090624825005385,0.10281525411608734,0.016666666666666666,1.0961633299285751,0.023869953526779154,0.0014230028748471611,16.774353691550292,0.1102254487181372,0.016666666666666666,2.617413057441563,3
37,Relax,0.0,0.16349620431573464,0.5,1.4864992757273634,0.15148043326964572,0.023896756989271607,0.15775474411757007,0.0012434303799957382,0.016666666666666666,0.6065331236279613,0.0011675951206646144,4.46593111925987e-05,1.246731790641775e-05,0.27916502904961804,0.0016551391340776044,0.625,2.738509163950611,0.1141927953921193,0.016666666666666666,1.1339389219205989,0.0118338163922084,0.0015440258138696703,7.66426071760435,0.20867899856282807,0.016666666666666666,1.6977670296187355,3
38,Relax,30.0,0.00021002932793068204,0.5,3.9652049085878955,5.033932651441581e-05,0.00015849453885112262,3.1485232287669582,0.0006112606476238357,0.016666666666666666,1.523786749249084,0.00043022654559936893,0.00011595521661842556,4.311271340865435e-05,0.37180486282497827,0.0012897047740140447,0.1875,2.68581233611689,0.0802579436649554,0.016666666666666666,1.6220626391536066,0.022913437180186923,0.0027698457634891243,8.272459601260715,0.2180060780465034,0.016666666666666666,2.039898166914594,3
39,Relax,60.0,0.00012851264381549978,1.0,4.06800055187914,1.4041868598301157e-05,0.00011430415097443773,8.140237901689716,5.066813529784879e-05,0.016666666666666666,2.0730856500511123,3.129222881369577e-05,5.016515527459588e-06,5.521960220728289e-06,1.1007561305256566,0.00194342269979823,0.5625,2.57909826632887,0.39337830101480775,0.016666666666666666,0.8110605727565993,0.021725583803207462,0.0025482506616547633,8.525685534051611,0.04799530912940569,0.016666666666666666,3.0830733037852385,3
40,Relax,90.0,0.00012676064391414088,1.0,4.053816790615525,2.181873436413166e-05,0.00010489164144019519,4.807411818195517,0.0001562315738111014,0.016666666666666666,2.0655859302493855,0.00010388320193758592,2.051655539074462e-05,1.2161767974862156e-05,0.5927782584959922,0.0030694191961443437,0.5,2.6450319048549966,0.10174132053201874,0.016666666666666666,1.0856237036867367,0.009921104936166112,0.00103007727573621,9.631418117709048,0.2633463598846706,0.016666666666666666,1.75167544135273,3
41,Relax,120.0,0.00015012680035385805,1.0625,4.014031525371237,2.9810330444890527e-05,0.00012016732438009501,4.031063144443997,2.256021913537129e-05,0.016666666666666666,3.3420897362012605,5.491533806610164e-06,5.9475814865704144e-06,2.6444698046545e-06,0.44462943645676634,0.0021522843121298263,0.625,2.6962939819580036,0.05315354956749772,0.016666666666666666,0.9463705483329969,0.0030853156988556187,0.0005224537955042136,5.905432643814979,0.2415934325571802,0.016666666666666666,1.3666681290335572,3
42,Relax,150.0,0.00011366615483601458,1.0625,4.069792923126254,1.4658044651923022e-05,9.91082118479331e-05,6.761352840805467,2.6658058851143466e-05,0.03333333333333333,3.6128614583750203,4.550839205056885e-06,2.6921653496710375e-06,1.2252376755068443e-06,0.4551123413190647,4.8680539817550044e-05,0.125,2.774751942515019,0.05804676996539669,0.016666666666666666,0.8319500798734392,0.0013984880657146278,0.0008491115305939967,1.6470016191351378,0.0385271182321428,0.016666666666666666,1.2605323767563448,3
43,Relax,180.0,0.0001353864770277815,1.0625,4.0265808416114774,1.3453689884042049e-05,0.0001221877468681551,9.08209925465034,0.00015986458842271597,0.016666666666666666,1.4464613442421554,0.00013514568893805307,8.791727143239873e-06,2.6249393353089706e-06,0.29856924498928933,0.0005509911251856024,0.3125,2.5577639039525626,0.01781299450515228,0.016666666666666666,1.09729530630686,0.0006542937034154593,0.0006534570769829289,1.0012803081671304,1.643460219210441e-32,0.016666666666666666,0.0,3
44,Relax,210.0,0.0001276861456300778,1.0625,4.050360466873939,1.3115937610979487e-05,0.00011424634192385506,8.710497511685194,8.974206233475783e-06,0.016666666666666666,2.061776729024478,5.928298192658425e-06,4.855841821277119e-07,3.562915152326615e-07,0.733737894161788,0.0012053472379107784,0.3125,2.7792093202464443,0.019017171871753905,0.016666666666666666,1.3244664311442034,0.002863163892309456,0.0006817862443424146,4.199503753659608,0.08238999219244364,0.016666666666666666,1.4911468497431497,3
45,Relax,240.0,0.00012608918788333795,1.0625,4.034858390894759,1.4386835250010185e-05,0.00011199926095257066,7.784843504932148,0.00015616759837414502,0.016666666666666666,1.1853750024109837,0.00013223573567872903,8.944571578009591e-06,3.836069819917622e-06,0.4288712753273367,0.0037884135772798095,0.5625,2.662259691453377,0.04693388926268149,0.016666666666666666,1.702467952779455,0.012816349489951957,0.0017219705075209046,7.442839139215843,0.05944190969831733,0.016666666666666666,1.1315140704470128,3
46,EmotionalStress,0.0,0.2784242337377134,0.8125,2.1893003511443037,0.24033065018952565,0.0556197188704536,0.23142998542462928,0.00021858120791934052,0.016666666666666666,2.725297300353694,9.34058471922283e-05,3.986804264885597e-05,2.788760724762159e-05,0.6994977780385674,0.0015546984447267862,0.25,2.7192033584233695,0.023561294195119306,0.016666666666666666,1.3226698115399564,0.0024134062938930426,0.0008085762231372919,2.9847604033284307,0.03557297499099683,0.016666666666666666,1.3369332543928996,3
47,EmotionalStress,30.0,0.38346182348231994,0.5,1.9533809777871431,0.36240227643252654,0.035248892934808956,0.09726454613309178,0.00017969105541147624,0.016666666666666666,1.7600124551529273,0.000131447690068594,1.8153428717878886e-05,7.23279605954115e-06,0.39842589363946096,0.0019976974433629172,0.0625,2.5863587682533637,0.7896575240964074,0.016666666666666666,0.6193395933509209,0.07584545259476409,0.0050687537227685235,14.963333541748355,0.37000768682373086,0.016666666666666666,1.3489383248746265,3
48,EmotionalStress,60.0,0.027064643877338864,0.5,2.3315983818025825,0.021529927708223675,0.005780689867283787,0.26849555398533764,0.0002884564636857534,0.016666666666666666,0.9337353958670401,0.0002561933789396038,1.3654457994003343e-05,2.363107163982023e-06,0.17306488218132376,0.0010212667932634418,0.0625,2.4980216813966503,0.7956914002056301,0.03333333333333333,1.3581655158086983,0.21843545554646202,0.00264756897998944,82.50416030608322,0.20197012002763576,0.016666666666666666,2.2329287834369933,3
49,EmotionalStress,90.0,0.0001445269547074005,2.9375,4.06553858644485,1.6059846467908543e-05,0.00012784610046685351,7.9606053969644694,0.0003004671727970959,0.016666666666666666,1.0134731817542182,0.0002567146734963917,2.6965847528167574e-05,3.4349694262334948e-06,0.12738221643675196,0.0021309906021874207,0.0625,2.631008622461759,0.15545470195195127,0.016666666666666666,0.9866704576409554,0.013905677989134356,0.0010692860393197838,13.004638120946872,0.5221471651655327,0.016666666666666666,1.5062936604408241,3
50,EmotionalStress,120.0,0.00012281845240216387,3.8125,4.07526520819919,1.23506987670017e-05,0.00010900442676222605,8.825770008532754,0.0001664288920398779,0.016666666666666666,1.0973633600610897,0.0001472195801547367,9.519184486372361e-06,2.0460948335715037e-06,0.21494434071539295,0.0021876209109898317,0.0625,2.6440975738129255,0.03384327890974327,0.016666666666666666,0.7427686068108875,0.0018283860112336902,0.0003824507309415814,4.780709940682458,0.018384717906682,0.016666666666666666,1.302353102336055,3
51,EmotionalStress,150.0,0.00014523060686722432,3.0625,4.072506930579116,2.2061082703415396e-05,0.0001238512523716292,5.6140151431668,0.00011322237765390555,0.016666666666666666,1.6529857202849716,8.234381435950325e-05,1.5354469546663154e-05,1.5932614358711861e-06,0.10376531934425798,0.0004850833718201779,0.0625,2.7360583289797766,0.01976919657290811,0.016666666666666666,1.3926739779191166,0.0021158978371183996,0.0008169657225505226,2.5899468958289726,1.0271626370065256e-33,0.016666666666666666,0.0,3
52,EmotionalStress,180.0,0.00012564934880364756,3.5,4.052929673274463,1.907278338480214e-05,0.00010704570866045074,5.612484895400663,7.69513926023374e-05,0.016666666666666666,1.9051605895551165,5.317681684781485e-05,1.097040451368317e-05,1.8580927837477812e-06,0.16937322424439488,0.0006700882468400929,0.0625,2.7737208074793016,0.021772784615681596,0.016666666666666666,1.4421195042025654,0.0035883741626448837,0.0009217212061322619,3.8931231469681213,1.0271626370065256e-33,0.016666666666666666,0.0,3
53,EmotionalStress,210.0,0.00013416116026132108,2.875,4.047331701412631,2.0380452570352198e-05,0.00011292139260847463,5.540671494839294,0.00010431781323661848,0.016666666666666666,1.6984852039643503,7.935294544682111e-05,1.3055065713805833e-05,4.421073206955341e-06,0.3386481005821382,0.0019065440780876466,0.0625,2.802771771519234,0.011618350175450388,0.016666666666666666,1.5256881180083046,0.002066651935473263,0.0004477648679812545,4.615484785107756,1.0271626370065256e-33,0.016666666666666666,0.0,3
54,EmotionalStress,240.0,0.00010847857959159233,2.3125,4.0608402379198605,1.5152476679424114e-05,9.312461184311156e-05,6.145834361822021,3.70037492472699e-05,0.016666666666666666,2.528589326441637,1.9663201930043766e-05,5.773089397368926e-06,3.1553337788859783e-06,0.546558967253134,0.0021924765228811625,0.8125,2.7592476886662705,0.014302429701501322,0.016666666666666666,1.4163946785069048,0.0020726731101129285,0.0005083915724031562,4.0769226372409095,1.0271626370065256e-33,0.016666666666666666,0.0,3
55,EmotionalStress,270.0,9.936577305519472e-05,0.625,4.054399064581612,1.5860864831418282e-05,8.329090431624207e-05,5.251346960050613,0.00013499002390543314,0.03333333333333333,2.407912299619178,6.653685142992185e-05,3.716093946265903e-05,8.391137581821424e-06,0.22580531340584684,0.00023442347346551475,0.375,2.6202794813818495,0.007594396391753306,0.016666666666666666,1.3270661951757672,0.0012094393783049543,0.0005021427134133164,2.408557061564803,1.0271626370065256e-33,0.016666666666666666,0.0,3
56,EmotionalStress,300.0,0.00011914750939593231,0.8125,4.047820974647276,2.3910913056827936e-05,9.637108554310655e-05,4.030422649024985,0.00017086390085342476,0.016666666666666666,2.0095871782603556,0.00012106877327487329,2.4943798236931583e-05,8.508172293471969e-06,0.341093694418793,0.001009168791262966,0.4375,2.5302240835189065,0.02166961543560106,0.016666666666666666,1.3772239021024621,0.004905059828881956,0.00018930332308589792,25.911113174998228,0.004914483386148734,0.016666666666666666,0.7038131333790646,3
57,Relax,0.0,0.0005039614873628519,0.5,0.742194435554657,0.0009152851317639181,3.127612810433978e-05,0.03417091245005269,0.0001488087749766354,0.016666666666666666,3.1314574975004805,5.164759700874307e-05,3.9955148312914256e-05,5.869301782163273e-06,0.14689725930178074,0.0017928791459774262,0.3125,2.6951607682597007,0.11290741753085633,0.016666666666666666,1.617914636392408,0.026259635842672754,0.003920104827238167,6.698707560117332,0.7105928240497141,0.016666666666666666,1.9400717601805297,3
58,Relax,30.0,5.03566245769021e-06,0.8125,4.004649804698145,1.2581006661996475e-06,3.7639281322552844e-06,2.9917543431758964,0.00014324376729991809,0.016666666666666666,1.8875091752752349,0.00010689310148015872,8.328378016671046e-06,1.944802150406223e-06,0.2335151150095831,0.0015505741227601314,0.3125,2.6405640979031464,0.37661626157081474,0.03333333333333333,1.8689288603957122,0.18856706778389115,0.005963735350525432,31.618953005229773,0.14916771742163756,0.03333333333333333,1.8377526368382786,3
59,Relax,60.0,0.00040009457077760024,0.6875,2.544212611410014,0.00029616698862446744,0.00010541421845500776,0.35592831917087975,0.00011464058897064791,0.016666666666666666,1.8983532160104764,8.394037434321788e-05,1.2882441739341588e-05,1.4202021633283852e-06,0.110243243638451,0.0009290455924745672,0.125,2.608534854230667,0.21609163948496157,0.016666666666666666,0.5048105302686576,0.01704161968411678,0.001221030767310273,13.956748789923308,0.03505303743298547,0.016666666666666666,2.0598647289800085,3
60,Relax,90.0,0.0005262360869318298,0.6875,3.5346051030455907,0.00026404299268436947,0.0002705152695590273,1.0245122084432463,0.00011020648636188987,0.016666666666666666,1.8416264903936024,8.394630621525667e-05,8.516754933772848e-06,1.0688858403855805e-06,0.12550388601026394,0.00034446106685596885,0.3125,2.670894108369107,0.007935406704205974,0.016666666666666666,1.8197575074119128,0.0030444303115835106,0.0006956608155789351,4.3763142085987825,0.23312280412502323,0.016666666666666666,2.092539155559975,3
61,Relax,120.0,5.812508648470571e-05,3.4375,3.9753481045284156,1.3447771117051662e-05,4.507625377925835e-05,3.351949805429246,0.00018330797939624164,0.016666666666666666,0.8974177948464714,0.00016161513142064825,8.355986245016695e-06,8.118806157168916e-07,0.09716155483155292,0.0006255475032596004,0.4375,2.6929115791207807,0.008882531997117254,0.016666666666666666,1.7779495333076034,0.002661582970965158,0.0005779694551867339,4.605058186172204,0.3136605004724077,0.016666666666666666,1.4964087478506922,3
62,Relax,150.0,6.35056876007625e-05,3.25,4.0867328178278814,7.460030887343186e-06,5.546052518071017e-05,7.43435597227961,0.0001552592613489562,0.016666666666666666,1.0689393873171822,0.00011979884302282258,2.608343106075866e-05,1.6321819166910654e-06,0.06257543008391289,0.0005225753298757792,0.75,2.736719222499164,0.06635789298404249,0.016666666666666666,0.9915327919528502,0.003887770944777761,0.0011020453546750414,3.5277776257440356,0.22471012500787613,0.03333333333333333,2.067693983616704,3
63,Relax,180.0,6.897550394434082e-05,2.1875,4.063706491392721,6.710213087388916e-06,6.216825357879225e-05,9.264721219603357,0.0001848877810678935,0.016666666666666666,0.8376423766459774,0.0001680049419296375,3.3101088818482343e-06,1.660771574432516e-06,0.5017271738521202,0.001610755766454585,0.0625,2.707965028002194,0.038967343570743516,0.016666666666666666,1.1120026140419237,0.0032803450206141172,0.00071804114745703,4.568463843933713,0.006265311081093842,0.016666666666666666,0.5760426740994317,3
64,Relax,210.0,4.89984353422675e-05,3.4375,4.1011700551317904,4.477691491072361e-06,4.411389837065851e-05,9.851928936732907,5.0993425776689e-05,0.016666666666666666,1.4900659490790882,4.0931102663799254e-05,3.3552814535954233e-06,5.408121540757527e-07,0.16118235133336845,0.002325094600447886,0.75,2.7059581114812694,0.006598887275373544,0.05,1.8159823212404504,0.00465945911919488,0.0005320079448571399,8.75825100778539,0.00032936018765852517,0.016666666666666666,2.6034784433745326,3
65,Relax,240.0,5.9121907726747634e-05,3.4375,4.091260128861336,6.671685509439357e-06,5.200947561146993e-05,7.795552643763697,9.234368178026888e-05,0.016666666666666666,1.2648019136455517,7.185682560252058e-05,1.070431047381229e-05,1.3349471601592054e-06,0.1247111771865274,0.0028925329357756126,0.125,2.665713808427469,0.008991245525615863,0.03333333333333333,2.1052551429890816,0.0034470114690637083,0.000608442788523548,5.665300886264513,0.1288813129980312,0.016666666666666666,2.4859223411574463,3
0,Relax,0.0,0.29614311542813404,0.6875,2.418402439555763,0.23991586251049607,0.07691902157021044,0.3206083197889648,0.0038953374702350285,0.016666666666666666,1.716316332165967,0.003014320078643029,0.0003792177053621631,0.00037110380991895055,0.9786035954321712,0.0014856853071056808,0.0625,1.4723546195005013,0.32879368581869733,0.03333333333333333,1.2413507393485372,0.07405535454172749,0.0012077569513099192,61.31643826301965,0.28667257230137144,0.06666666666666667,2.5595073563320994,4
1,Relax,30.0,9.617249179758006e-05,3.6875,4.047389336979602,1.9540600343933412e-05,7.654505229432959e-05,3.917231351497029,0.0032426810974519544,0.016666666666666666,0.37703967178178155,0.003227010680532069,9.146391614724248e-06,1.884843963113796e-06,0.20607514334718563,0.0014582963120565546,0.0625,1.6284652545220664,0.006329370885828274,0.016666666666666666,1.6092256775203275,0.000899986466321477,0.0004180784204297918,2.1526738103255254,0.44065087786263546,0.016666666666666666,1.7098570856567212,4
2,Relax,60.0,6.755229161527164e-05,0.875,4.058567094289632,1.1315228958544384e-05,5.584995154410209e-05,4.9358216036740945,0.001882063797429846,0.016666666666666666,0.2530290239323277,0.00185109927061967,2.405075489136359e-05,2.8835631383223296e-06,0.11989491187895276,0.001040108749126468,0.0625,1.6433495086056729,0.0029286770222247006,0.05,2.522561390211717,0.0013636772957449348,0.0006855965536806171,1.9890375592234955,0.23372530178330433,0.016666666666666666,1.3782001853659283,4
3,Relax,90.0,4.453036548105763e-05,0.875,4.058632237429752,5.66802915311606e-06,3.874754283806737e-05,6.836157999781192,0.001349538015733396,0.016666666666666666,0.340445888785467,0.001339336163744567,5.8509352984820745e-06,9.146572836306042e-07,0.15632667889318422,0.0011544249651984858,0.0625,1.8789579341294689,0.003663618267759406,0.05,2.6202990031977627,0.0016548737578108547,0.0009207009925363672,1.7974062928421228,0.014084315390555697,0.016666666666666666,0.8663353292536816,4
4,Relax,120.0,4.323710498478999e-05,0.9375,4.087230775543958,3.841969634634327e-06,3.938736145353335e-05,10.25186693264487,0.0004955121995988288,0.016666666666666666,0.3394420253123339,0.00048758190868479885,4.9174104953098025e-06,1.595256894989513e-06,0.3244099504222923,0.0005939254656799542,0.0625,1.4422606317848454,0.014645384374382162,0.016666666666666666,0.9396657904985661,0.00014305165088725788,0.0007791509691478608,0.18359940056765908,1.643460219210441e-32,0.016666666666666666,0.0,4
5,Relax,150.0,3.198156597098866e-05,0.875,4.077032432559874,3.671817758008769e-06,2.8268322630189638e-05,7.698727032008142,0.0002535816746527597,0.016666666666666666,0.3180836592209562,0.00024717501409399683,4.044783555870469e-06,1.5498034040607647e-06,0.38316102274778824,0.0008390165010292614,0.0625,2.3152976116180284,0.007300818125394102,0.016666666666666666,1.7966316667000448,0.0011674614478471832,0.0005760403730587639,2.026700735658482,1.643460219210441e-32,0.016666666666666666,0.0,4
6,Relax,180.0,2.6094360065040647e-05,0.875,4.079841692743454,3.4915743914969616e-06,2.2547680649047662e-05,6.457740297316327,0.00010255196964882175,0.016666666666666666,0.4326409320594369,9.650081861946123e-05,4.645889894733889e-06,3.480042284364536e-07,0.07490582780080864,0.0007996127259231881,0.0625,2.3046649729552637,0.010192315499950344,0.016666666666666666,1.6801384948133034,0.0013836027087466654,0.0009740339356470775,1.4204871700157962,0.20862719867640375,0.016666666666666666,2.3726422086153396,4
7,Relax,210.0,9.51721987674108e-05,0.875,4.077343306400422,9.486704350278494e-06,8.569627300783432e-05,9.033302803973077,5.774143987897301e-05,0.016666666666666666,0.6158711026309817,5.3518090089840554e-05,3.0777683895496448e-06,1.3504498554754184e-07,0.04387756596827688,0.0005467356872978931,0.0625,1.9400569034253003,0.025264431735406167,0.016666666666666666,0.8257250303158336,0.001295985457039134,0.0006594749481815672,1.9651776926669884,0.15828739886573093,0.016666666666666666,1.2253615548018555,4
8,Relax,240.0,0.00025440483588986526,0.75,4.0633707290613845,4.303798414873008e-05,0.00021127423426643075,4.909017893038673,1.3230464162213323e-05,0.016666666666666666,1.1041168016200034,1.181748148762699e-05,2.3116430408788375e-07,1.6951363407472648e-07,0.7333036765498232,0.0004404319155494265,0.0625,2.1035155105915306,0.004890953712050544,0.016666666666666666,2.282199272458769,0.0009607059655804844,0.0009499739030187867,1.011297218299991,0.04289488744945376,0.016666666666666666,1.2605323767563434,4
9,PhysicalStress,0.0,0.6289445990326686,0.5,1.9461523527561677,0.6288342439684417,0.07063647919636964,0.11232925031340146,0.0027891311544203995,0.03333333333333333,2.9045602922979294,0.0008440872069221556,0.001177626612966198,0.00038521943110460906,0.3271150862787662,0.0006304087919223298,0.0625,2.2367692834762676,0.3871458188382968,0.016666666666666666,1.3178152795548792,0.14511098341126752,0.0013077436116959338,110.96286926080398,0.7873999175955915,0.016666666666666666,1.1116942298074486,4
10,PhysicalStress,30.0,0.04409112854494322,0.5625,2.508180250522536,0.036804102260718105,0.011370529368239186,0.30894733656838097,0.0004120036170175227,0.016666666666666666,0.6434263356548582,0.0003777578707844,2.3104583847948565e-05,1.2769825770174817e-06,0.05526966360533968,0.0007010055887073942,0.0625,2.3892527646191475,0.07598280927464929,0.016666666666666666,0.8457558342456619,0.004851654169982446,0.0005829548370415938,8.32252150887682,0.13690761413718458,0.016666666666666666,1.5723770188058563,4
11,PhysicalStress,60.0,0.058483209881796686,0.5,3.151636988016943,0.04002230311153364,0.02399027457622742,0.5994226396559846,0.014790643516455282,0.016666666666666666,0.6834081023159216,0.0134940848532793,0.0011079359218118354,5.806501670420279e-05,0.052408280624431425,0.0007148573746785469,0.0625,2.638266757641418,0.10070426556850266,0.016666666666666666,0.8656702616958157,0.003087880655614586,0.001231190077689259,2.508045436339147,0.11802132280968482,0.03333333333333333,2.5692395279867695,4
12,PhysicalStress,90.0,0.0171625668777303,0.5,4.027756245954312,0.0016486702707447004,0.01552147957134738,9.414544464574087,0.0032563631810154942,0.016666666666666666,1.3068834893349397,0.0025592257908463034,0.0004382847908723928,6.616379465302244e-05,0.15096073610340296,0.00047302570631920334,0.0625,2.4961890900274044,0.127055908202869,0.03333333333333333,1.2723858451205512,0.015372811979798399,0.003441091897436583,4.467422678031432,0.2549318186695112,0.03333333333333333,1.8395175521903768,4
13,PhysicalStress,120.0,0.020718745625989528,2.0625,3.9903991370498524,0.0020848781285841044,0.018706897895221616,8.972657748549533,0.0014105889881998286,0.016666666666666666,2.3716464130223027,0.0006847749872011799,0.0003328556769180022,5.7289448159939206e-05,0.17211497995286484,0.00040094820079145165,0.0625,2.5011069019533188,0.07261729475704948,0.03333333333333333,1.1482968036949381,0.007331932533017812,0.0008451996657539878,8.674793460166745,0.0958969336175954,0.016666666666666666,1.4464435912847073,4
14,PhysicalStress,150.0,0.020329623593913174,2.0625,3.9256908169119926,0.001972659290231738,0.018380707344438814,9.31773035285761,0.0018819471398600855,0.016666666666666666,1.7574677922488944,0.0012740024783708195,0.00026037253726659756,6.606037842723032e-05,0.25371484689105506,0.0004686908816353015,0.0625,2.6947288218700365,0.051003528407371865,0.016666666666666666,1.1213402040095892,0.002989148866713908,0.0010482002477174334,2.8516963941032216,1.643460219210441e-32,0.016666666666666666,0.0,4
15,PhysicalStress,180.0,0.053614928115430324,1.875,3.7570383518532653,0.004777393987780943,0.04885069042583388,10.225384498489852,0.0230665727847557,0.016666666666666666,0.908052203138982,0.021687336245186914,0.0011089815031009552,0.00012030253826021553,0.10848020271196886,0.0005068197763441243,0.0625,2.7202204341873166,0.08751254883947775,0.016666666666666666,0.9595161594744119,0.008009924393611766,0.0013841775621975803,5.786775203099567,1.643460219210441e-32,0.016666666666666666,0.0,4
16,PhysicalStress,210.0,0.11338247176011147,0.9375,3.4001193615690326,0.00443347721882246,0.10903425425866485,24.593394502120518,0.001482098409847524,0.016666666666666666,1.8753558563959936,0.0008272589128234829,0.000505570371183781,5.445755855554142e-05,0.10771509103278808,9.103579336198814e-05,0.1875,2.722215630514974,0.023909693438236033,0.016666666666666666,1.197767693892075,0.0038072065459896637,0.00024658463976110206,15.43975549198113,1.643460219210441e-32,0.016666666666666666,0.0,4
17,PhysicalStress,240.0,0.13841552148322936,1.875,3.420593185869078,0.0056198209115982944,0.13260077811592913,23.5951963953629,0.002799946535926686,0.016666666666666666,1.9857875490988446,0.0019362079057873437,0.0003290596980208368,0.0003236368600766696,0.983520200204451,0.0001402198699356467,0.3125,2.5852926625398953,0.08269355845330877,0.016666666666666666,0.9984655595134617,0.013292205778972117,0.0008162938258954001,16.283604453815116,1.643460219210441e-32,0.016666666666666666,0.0,4
18,Relax,0.0,0.002356830383416731,3.6875,2.174956416474023,0.0022989978315978423,0.0005385744669402421,0.23426488687287006,0.00105307740989067,0.016666666666666666,0.529469637609916,0.0010017370725679204,2.107089766378146e-05,7.42111933170977e-06,0.3521975878828292,0.0003225277358795235,0.0625,2.6787460446774736,0.26092295535890586,0.016666666666666666,0.6851185791486745,0.009269686807562438,0.0007264536370538232,12.760190512853946,0.2553093527173153,0.016666666666666666,1.5242833419353408,4
19,Relax,30.0,0.00017511506607023337,0.875,3.9834830445063525,1.8381971340566268e-05,0.00015633944365165734,8.505042291445614,0.0024220138958480574,0.016666666666666666,0.35099099102651277,0.0023998892600548523,1.2018974854851617e-05,3.422094523800106e-06,0.28472432675227144,0.00020303265755457667,0.3125,2.627924983777831,0.002450573120805877,0.05,2.185888772691823,0.001445670793936485,0.0003634136593665565,3.978030975655518,2.567906592516314e-34,0.016666666666666666,0.0,4
20,Relax,60.0,0.00017860827691990944,0.875,4.017644927052758,2.085557841477648e-05,0.00015809167095386895,7.580306228373829,0.0015907869632343621,0.016666666666666666,0.28705146761747197,0.0015546725329988464,2.262590182626155e-05,2.8463311983627034e-06,0.12579967950974705,0.0005446552966668936,0.0625,2.6728903993969673,0.004270928267814599,0.016666666666666666,1.3092890136555386,0.0005521372721063618,0.0001224742477479965,4.508190760578842,0.2016108855377382,0.016666666666666666,1.648908365798294,4
21,Relax,90.0,0.0001709943266508703,0.875,4.054304495851152,1.555833393471721e-05,0.0001543036530696663,9.917749144421546,0.0013032773817103123,0.016666666666666666,0.27581746348159947,0.001288633067794781,8.398064586551156e-06,2.4036700434772995e-06,0.2862171419027414,0.0002718843774277533,0.0625,2.427282001205881,0.03254593247495222,0.016666666666666666,1.3087074703843344,0.0036537872587158442,0.0012080422891540992,3.0245524444962233,0.29126409611123194,0.016666666666666666,2.2900311614050874,4
22,Relax,120.0,0.00016765044820676465,0.875,4.051287563182072,1.7657239283625517e-05,0.000149229937743256,8.451487536992532,0.0005819471691715672,0.016666666666666666,0.2732771223710767,0.0005746842887077859,3.837097112034335e-06,8.728800005796008e-07,0.2274844694031789,0.00035655090753246885,0.0625,2.3175551594128145,0.0243147488381813,0.016666666666666666,1.4430558713035664,0.0041830373281528275,0.0007887119790769821,5.303631032773426,0.1639055762075549,0.016666666666666666,1.0217401068453473,4
23,Relax,150.0,0.00011843627713120527,1.8125,4.057504986539939,1.248468917554079e-05,0.00010557457247884665,8.456323661279582,0.00035435952932725255,0.016666666666666666,0.31525349768934496,0.00034979306599078845,2.043274188799852e-06,1.3037114456462646e-06,0.6380501710404414,0.00027005063633635473,0.0625,2.383826315023263,0.008060202833214142,0.016666666666666666,2.025561876956166,0.0014406882840418845,0.0017015001950217155,0.8467164965699564,0.20347924456767535,0.016666666666666666,1.0916350824093406,4
24,Relax,180.0,0.00010267853408570655,0.875,4.039554958122694,1.616387549849783e-05,8.642776891072584e-05,5.346970713722579,0.00025564202838585475,0.016666666666666666,0.40077734219463207,0.00024999586853025345,2.6787360972492477e-06,1.0014751363273438e-06,0.37386106729802276,0.0007091076630015917,0.0625,2.5214779261351588,0.003901812389801388,0.016666666666666666,1.537447902259278,0.0003521986837338651,0.0003855484021070777,0.9135005664893134,0.0958969336175954,0.016666666666666666,1.4464435912847073,4
25,Relax,210.0,0.00010150717531107871,0.875,4.067973159847186,9.494230571001644e-06,9.11546922287238e-05,9.601061565445736,0.00016758024355933342,0.016666666666666666,0.3949859677807612,0.0001613954948061408,4.367295218811742e-06,9.089211315515982e-07,0.20811991999911064,0.0004769366988120991,0.0625,2.4966379777804066,0.004922809647285182,0.016666666666666666,1.9474822771892484,0.0007388677330929584,0.0009820154925152705,0.7523992632748296,0.2824535404997467,0.016666666666666666,1.8803249120198935,4
26,Relax,240.0,0.0001093945012287596,1.4375,4.070083378031516,1.402327417438572e-05,9.480044093422415e-05,6.7602215969921176,0.00014031704010316137,0.016666666666666666,0.3988517582194524,0.0001325024458026523,6.75160118676076e-06,3.658206007809428e-07,0.054182791705511546,0.0003333461562847319,0.0625,2.214734404168455,0.013072484435682895,0.03333333333333333,1.5344604132256638,0.0018008381865068173,0.0008763762870131292,2.0548686827714664,0.1738925201878741,0.016666666666666666,2.75319071559176,4
27,CognitiveStress,0.0,0.007054261510772072,0.625,3.3647225053054903,0.004039621197210164,0.003403369108713544,0.8424970913272691,0.04466764304676091,0.016666666666666666,0.30188969079182726,0.04261825325921445,0.0014793906073059793,0.0003231259670191417,0.21841829022259718,0.0005468601633560513,0.1875,2.744041827966921,0.0663158992682972,0.016666666666666666,1.0671117094944393,0.005536776283906929,0.003251642498724027,1.7027629224552236,0.2503203100037067,0.016666666666666666,2.614326943077331,4
28,CognitiveStress,30.0,0.008191990031730366,0.5,3.849964845331595,0.002271506755696554,0.005966449068490687,2.626648172420286,0.1422147719317561,0.016666666666666666,0.5145805913712639,0.13866459501240513,0.002764532895929324,0.00041509810554365615,0.15015126286067107,0.0007285121101873906,0.5625,2.733501130155786,0.042739731853320556,0.016666666666666666,0.9547524420721437,0.002958047946062061,0.0012572742950560463,2.3527466979114515,0.3830981446985921,0.03333333333333333,2.180724223704516,4
29,CognitiveStress,60.0,0.004138655153314241,0.8125,3.715109871644905,0.0010546390148581915,0.003137236064192626,2.974701314851759,0.005081359522321666,0.016666666666666666,1.3689655952400965,0.0036357490635929393,0.001101912877550645,0.00015056540471406371,0.13664002643180254,0.0008457267562622396,0.8125,2.7976155722001463,0.01993000272801766,0.016666666666666666,2.340003341383561,0.010155028607294156,0.0019069196064587421,5.325357489061965,0.07171225363581375,0.06666666666666667,2.821519533974059,4
30,CognitiveStress,90.0,0.001764614754677949,0.75,4.000266247607151,0.00038148654911833945,0.0013802789485891996,3.618158888640209,0.006153218710509535,0.016666666666666666,1.154531379719818,0.005301477749236424,0.0005581017558933729,9.032153844783179e-05,0.16183704404092217,0.00071866879561139,0.1875,2.753645310488775,0.053900128457786974,0.016666666666666666,1.912466552446561,0.019970183737870774,0.002368233021226975,8.43252482288431,0.3309892294109513,0.08333333333333333,2.5251945992399882,4
31,CognitiveStress,120.0,0.0034439067713147105,0.75,3.9571708626475446,0.0009265283296760885,0.0025406363594285284,2.7421032666283685,0.0024067130811373477,0.05,2.3787314007297247,0.0006077008712629472,0.0013728102138584283,0.00014258340516503255,0.10386243030949399,0.0010738163266695011,0.625,2.7170214294803747,0.048254165609644566,0.016666666666666666,1.6126997678947261,0.014792422455253628,0.0013157922324862057,11.242217494553195,0.07176489061739155,0.06666666666666667,2.587991248254959,4
32,CognitiveStress,150.0,0.009134053688159392,0.9375,3.675071028204491,0.004100414311708443,0.005214533444132687,1.271708917131363,0.013115269055110264,0.016666666666666666,2.5688223363996836,0.005002563279025272,0.004274973052550929,0.002097833334334189,0.49072434107681356,0.0005559662545166365,0.125,2.67495604947395,0.1508566706027014,0.016666666666666666,1.1629454689299563,0.018295597426599645,0.0031450098659775547,5.81734182284127,0.00010495032168078234,0.016666666666666666,0.03357659959273154,4
33,CognitiveStress,180.0,0.06089925240345227,0.5625,3.0122210075893623,0.04226460095351068,0.021684990532111894,0.513076902251236,0.021121753688277966,0.016666666666666666,2.0921836016074398,0.014298044922781247,0.0035213979791160516,0.0013614208649128177,0.3866137462981575,0.00033753517368831826,0.3125,2.6627927087413776,0.043446670955459406,0.016666666666666666,1.572128730901329,0.012202277724379838,0.002086522009228756,5.848142349042454,0.2791698010339785,0.03333333333333333,2.0854157218971054,4
34,CognitiveStress,210.0,0.4158129156811766,0.625,3.827181262687615,0.12054892334522999,0.2978790558840139,2.471022117973986,0.680463598816594,0.016666666666666666,1.9728562649110803,0.45899602697566,0.12362943772408361,0.05482876058501107,0.4434927602548674,0.0005335737677479218,0.25,2.657632027661816,0.14946448305306367,0.016666666666666666,1.9610657633447808,0.060635653527102366,0.0037763687251303906,16.056603033383276,0.16994226185448005,0.016666666666666666,3.03090760566127,4
35,CognitiveStress,240.0,0.8783584967739838,1.0625,3.9531581624068437,0.15623159421758384,0.7273751694194606,4.6557495176452255,0.4763566106330122,0.016666666666666666,2.9672210336737996,0.1686627465815179,0.07592380333973268,0.08332701224491246,1.097508404209586,0.0006005454789628618,0.0625,2.6401810472151532,0.07446312438353765,0.1,2.123380355802047,0.047448827009707296,0.003849322466411185,12.326539910267629,0.27523178827542466,0.05,2.8147418864045926,4
36,CognitiveStress,270.0,0.8920151185869827,1.6875,4.0249234876315345,0.07690720280321083,0.8136901001923769,10.580154660863649,1.3459791591418941,0.016666666666666666,1.9675380715914819,0.8642293585285307,0.34305317345453057,0.02573164876308922,0.07500775609790353,0.0003366450830780475,0.5625,2.623875663559941,0.14294690229850077,0.016666666666666666,1.3141824581041215,0.01950137984107599,0.0013829090895999656,14.101707760643295,0.26059042473989147,0.05,2.6248312493476122,4
37,Relax,0.0,0.00011013023767554035,3.5,4.076525073079533,1.7401929939259324e-05,9.499968404427778e-05,5.459146449610476,0.02389022387036587,0.016666666666666666,0.3442255433636873,0.0237246648967055,0.00012643816212399393,9.581851438113252e-06,0.07578290665690499,7.283221748446888e-06,0.1875,2.7987167038799288,0.10793790357030315,0.016666666666666666,0.5966602248357555,0.005458777991488787,0.0002486394589167697,21.954592466017527,0.5098099404220234,0.016666666666666666,1.2523159557212564,4
38,Relax,30.0,7.546416909362291e-05,1.125,4.091342596260573,7.550741775784265e-06,6.787589144398307e-05,8.989301112331189,0.04447822918279592,0.016666666666666666,0.22760977383085884,0.04425745046535559,0.00019420166566519982,7.04621432679737e-06,0.036282975754414575,0.0004333707581351398,0.0625,2.6324233581869745,0.03772652559165766,0.016666666666666666,1.5404133332998353,0.00942712189962203,0.0006566934885710692,14.35543684182853,0.2740415715879959,0.03333333333333333,1.9386884253953167,4
39,Relax,60.0,0.026523261940164845,0.75,2.8251420731978647,0.015681339737547838,0.01102371213801829,0.7029828013752425,0.03982741579543047,0.016666666666666666,0.2158258505371308,0.03953828449696237,0.00019715922258133517,3.1227268299165583e-05,0.15838603890965958,0.0004087801522486599,0.0625,2.6052858007450492,0.007513079315454047,0.016666666666666666,1.2471496172613783,0.0016354887648629421,0.0002207701897793625,7.408105082019669,0.2692849259341755,0.016666666666666666,1.974974113414734,4
40,Relax,90.0,0.0425495301522331,0.75,3.07384967006302,0.023632063265384452,0.019645040038867877,0.8312875527734115,0.02255016077806509,0.016666666666666666,0.8611936710249308,0.019509050911395275,0.00207261372197137,0.00039517528616432205,0.19066518858538214,0.00038579977944769637,0.0625,2.563210122571337,0.2679237464770492,0.016666666666666666,1.4729833604861022,0.06373691105767369,0.0019883870737071024,32.05457926199655,0.22622413006375525,0.016666666666666666,1.586923819980055,4
41,Relax,120.0,0.00011913439915494628,3.5,4.056589182116518,1.2006292440219765e-05,0.00010458870619386846,8.711157646261201,0.010743555555015407,0.016666666666666666,0.2458908929016671,0.010708027320332228,2.7238684947359443e-05,1.782578342187841e-06,0.06544289291618856,0.00041624321447153553,0.0625,2.619413107021873,0.05688501938024318,0.016666666666666666,0.8987448395301184,0.004064553473531009,0.0009142859242903925,4.4456043405520465,0.26200006812591425,0.016666666666666666,1.5834627339448257,4
42,Relax,150.0,2.1984059623378603e-05,3.0,4.046954714395298,4.482614427395807e-06,1.7393792787677365e-05,3.88027858951553,0.004637083482935308,0.016666666666666666,0.2567709534032274,0.004602764285280856,2.0389436990297952e-05,6.454969366144607e-06,0.31658399244746777,0.0003393579602132767,0.0625,2.393193695112845,0.005841513790695792,0.016666666666666666,1.7113822971268016,0.0003309619826635335,0.0009368070584832145,0.3532872427321315,2.567906592516314e-34,0.016666666666666666,0.0,4
43,Relax,180.0,5.1730407708992063e-05,1.25,4.063981236209795,6.98560061537986e-06,4.45617818274552e-05,6.3790909731291645,0.002480177985635264,0.016666666666666666,0.24872916058501593,0.0024627440951811826,1.0984615586658395e-05,1.3817766632356882e-06,0.1257919908379821,0.0010766080331394375,0.0625,2.5088535429793772,0.00839295457897587,0.016666666666666666,1.8620097504288333,0.000816385160415004,0.0021750385907593193,0.3753428393792309,2.567906592516314e-34,0.016666666666666666,0.0,4
44,Relax,210.0,6.188092226085056e-05,2.9375,4.082880687958309,5.2395166220407795e-06,5.652185653224714e-05,10.787608974171365,0.0013455578577891904,0.016666666666666666,0.26956113798365816,0.0013334507638702359,8.15015100097074e-06,4.126049234403888e-07,0.05062543300010572,0.0007991342113883558,0.0625,2.5125021697983665,0.003225005122484699,0.016666666666666666,2.4157841927280392,0.0006291495694301571,0.000816727371641592,0.7703299672271171,2.567906592516314e-34,0.016666666666666666,0.0,4
45,EmotionalStress,0.0,0.3635462534682307,0.5,2.576535903980905,0.29353293079486126,0.07542540411401356,0.25695721399901617,0.0022707759743680837,0.08333333333333333,3.8388001266643803,4.7684038657504884e-05,0.0003823491682497279,0.0003628144383542469,0.9489086638140087,0.0005284758951336734,0.375,2.6060400264089956,0.7726625526822832,0.016666666666666666,0.8635659081830723,0.03848722431116518,0.005030662809956571,7.650527527901921,0.23108615036435876,0.05,2.462933132459328,4
46,EmotionalStress,30.0,0.01122321651332186,0.5,1.808996864893597,0.012343780330837599,0.001029710758927623,0.08341940080990984,0.0004030052490856069,0.03333333333333333,2.1418326559438157,0.00017670755214123065,0.00018442588371468902,2.989876855049757e-05,0.16211807121798388,0.0006837128869116688,0.0625,2.5169820962055405,0.06210902412317602,0.016666666666666666,1.327065867022844,0.011026353173386046,0.0009850565968998008,11.193624009106188,0.5390976762813698,0.016666666666666666,1.298635623780941,4
47,EmotionalStress,60.0,0.0006983550395944967,2.25,3.2426131046885764,0.0006481211223166122,0.00038430478070584093,0.5929521002682351,0.0002888202901927551,0.016666666666666666,0.3560183656960392,0.0002836573831393823,2.4006096114583636e-06,1.3875764909301846e-06,0.5780100539076138,2.1357129724463016e-05,0.3125,2.639882410896857,0.013990688959178746,0.016666666666666666,1.583443739662506,0.005825320444558125,0.0004918321808969449,11.844122183982757,0.10389470375859357,0.016666666666666666,2.02874075245829,4
48,EmotionalStress,90.0,0.00011629946102653424,2.1875,3.789069568496388,3.095450121122892e-05,8.62416785681213e-05,2.7860787670142346,0.00019046482700199027,0.016666666666666666,0.4009020316745495,0.00018753224254794293,6.541303037778857e-07,6.596813073346191e-07,1.0084860822448891,0.0003143191794760127,0.25,2.699275108650687,0.011580017697501414,0.016666666666666666,1.3552321560573937,0.0007058944968793225,0.0007324612283280057,0.9637295048239929,0.07807791190174655,0.016666666666666666,2.2972542671171614,4
49,EmotionalStress,120.0,9.70784644168145e-05,2.75,4.09239940639909,1.108302208574725e-05,8.534886592328425e-05,7.700865816467402,0.0001302417470505221,0.016666666666666666,0.4857514564612274,0.0001275662487232036,1.3614639754487855e-06,2.649772897693864e-07,0.19462673603393782,0.0003605204529131031,0.25,2.783707953639407,0.007400318789177175,0.016666666666666666,1.1174619600525173,0.00033025787649573594,0.0004237385221333625,0.7793907309465588,0.06593045897847209,0.016666666666666666,2.283696297186202,4
50,EmotionalStress,150.0,0.0001271157662403609,0.625,4.073976127693836,2.1439279623737985e-05,0.00010509124363312477,4.901808525169181,0.00010273141784366505,0.016666666666666666,0.6099422321992619,9.76167411132567e-05,3.5470435674810917e-06,2.279188844083657e-07,0.06425601492406272,0.000721283983321949,0.5,2.734970092535082,0.005543355592805649,0.016666666666666666,1.731224007713522,0.0013447369314156439,0.00029666057305517533,4.532914224383767,2.567906592516314e-34,0.016666666666666666,0.0,4
51,EmotionalStress,180.0,0.00035938054187505944,0.5625,3.682745961683891,0.00015096313261964077,0.00021551039019710035,1.4275696751742006,6.314867430583433e-05,0.016666666666666666,0.50773168229743,5.877215355633077e-05,2.8585063068099588e-06,3.826834403487249e-07,0.13387531783191786,0.0008304300391633267,0.125,2.7346563118103986,0.0196744943940562,0.016666666666666666,0.9017660887984459,0.0017298280296168113,0.00039698596336954894,4.357403508512812,2.567906592516314e-34,0.016666666666666666,0.0,4
52,EmotionalStress,210.0,0.0003273878866939733,0.5,3.3922695125745457,0.00018002321306985594,0.00016002946158275721,0.8889379255810728,8.94281818271321e-05,0.016666666666666666,0.48315033081440634,8.706584452454865e-05,1.13792679121762e-06,1.8679185409507007e-07,0.16415102934275455,0.0009008197506635715,0.625,2.7779514923757587,0.042234374275873156,0.016666666666666666,1.27709641351601,0.006204715345757929,0.0006464243602369579,9.598517208546232,0.0004375277174185665,0.016666666666666666,0.11381800437691084,4
53,EmotionalStress,240.0,7.384178490531162e-05,2.8125,4.058436261852721,1.2690318737954723e-05,6.092773662055681e-05,4.801119489483873,8.565732352108341e-05,0.016666666666666666,0.5810864715611381,8.117874835605063e-05,3.4500371129479344e-06,1.7234594760592898e-07,0.04995480974947121,0.0008240233830807491,0.625,2.751855447341291,0.01712787857956008,0.016666666666666666,1.362299442078854,0.0018939720812751798,0.0008987625297974806,2.1073109063658353,0.2006290468075495,0.05,2.378558805791441,4
54,EmotionalStress,270.0,0.0017521741126754892,0.5,3.523843668760057,0.0008831044404887562,0.0008741425806654262,0.9898518686890873,8.591848540295603e-05,0.016666666666666666,0.5340874647936615,8.223097718702238e-05,2.9212858637471254e-06,1.3090005096986745e-07,0.04480905227192053,0.0008381060260725605,0.3125,2.6858721903768976,0.023308436926386313,0.03333333333333333,1.8887732812696454,0.008940766771541568,0.0010955320382130818,8.161118488259659,0.17430227025941514,0.03333333333333333,2.2092079012475283,4
55,Relax,0.0,0.18765386189325356,0.5,1.553739161197713,0.17712116225212662,0.012574637549161933,0.07099455191730458,3.2668255243346295e-05,0.016666666666666666,1.153009111727979,2.8102490499393624e-05,1.3966507228976485e-06,9.745026136042456e-07,0.6977425333532445,0.00013942808978385037,0.25,2.678178357153395,0.5210460799676611,0.016666666666666666,0.7687083034630928,0.039908927535108,0.0017156442883207868,23.26177273854913,0.3529904094411014,0.016666666666666666,1.3929524229727228,4
56,Relax,30.0,0.005474302938857307,0.5,3.6370281487469613,0.0022605278534812675,0.0032714593108573737,1.4472103521393234,0.00022999461214336155,0.016666666666666666,1.0997737178646605,0.0002053399615772402,1.1084585109784599e-05,6.431728094686831e-06,0.5802407605684229,0.00012262511205772035,0.0625,2.6631627504024116,0.009854501080092757,0.016666666666666666,1.548676751937472,0.002533390906259809,0.00041038870563129366,6.173149678577871,0.2990602713138818,0.016666666666666666,1.186404301328483,4
57,Relax,60.0,7.508220829104162e-05,2.8125,3.753248100019067,5.0656688669070945e-05,5.075062461196759e-05,1.0018543640605944,5.8430483571243745e-05,0.016666666666666666,0.6285953795985341,5.513779726764578e-05,2.2352226904354352e-06,2.728709129854509e-07,0.12207773039933392,0.00033039081159446423,0.125,2.6612546507510855,0.012547909783131871,0.016666666666666666,1.3914381873824984,0.0021148235265843066,0.0003052720457597997,6.927668471316023,0.20283987739558537,0.016666666666666666,1.5408834752728053,4
58,Relax,90.0,5.9890713078753e-05,3.875,4.096181709770275,6.8996495651698e-06,5.273350956895891e-05,7.642925784979508,4.11546958831809e-05,0.016666666666666666,0.6931429911769692,3.541077316312446e-05,5.08186416704813e-06,1.0695906383714576e-07,0.02104721029945875,1.2463530170635884e-05,0.3125,2.7989955583267903,0.012283940019732136,0.016666666666666666,1.3369548923391643,0.0013072799263664841,0.0006322331026214192,2.067718252881932,0.00010495032168078677,0.016666666666666666,0.033576599592730245,4
59,Relax,120.0,4.9853092596909644e-05,1.125,4.07727756120633,5.978170995678102e-06,4.3890479668760876e-05,7.341790607945364,5.683608240266123e-05,0.016666666666666666,0.720550843129077,5.258885240329014e-05,2.8350099286633034e-06,3.2607579966403585e-07,0.11501751594139191,0.00010118002134119242,0.3125,2.5784424473124394,0.006690837073932742,0.05,1.6106659436731783,0.002968633284894421,0.00041224170441925994,7.201195932072045,0.27453558412457213,0.016666666666666666,1.5551776408502178,4
60,Relax,150.0,0.00020687742992431192,2.625,3.980647695656364,5.5742857396072085e-05,0.0001545380551151725,2.7723382390882247,9.933123769979592e-05,0.016666666666666666,0.8277437351548991,9.142290020334097e-05,4.4334046095826145e-06,1.5007239504772244e-06,0.33850371951918706,0.00018911390672412572,0.1875,2.604569553512537,0.045961767067543235,0.016666666666666666,1.669770091291546,0.016123026348753476,0.001215773850246164,13.261534080116105,0.2666534034297647,0.03333333333333333,2.0302685355587333,4
61,Relax,180.0,0.0001852930823790223,2.6875,3.226720619233215,8.824544097385066e-05,9.641686563758018e-05,1.092598830869358,3.827126054041769e-05,0.016666666666666666,0.6703128788429927,3.5860294776369674e-05,1.425955664595244e-06,1.975373582748951e-07,0.13852980368149515,0.000729562341497502,0.5,2.716299553892315,0.20695737500941003,0.016666666666666666,1.3912850344794851,0.056740471849836494,0.0028328401070734288,20.029535626864007,0.22754520713181337,0.03333333333333333,2.121395098442762,4
62,Relax,210.0,4.9878762003893225e-05,1.875,4.08233716436072,4.731543278735443e-06,4.497434673502438e-05,9.505217237925015,3.9148352439149776e-05,0.016666666666666666,0.6735437488561556,3.589675320864454e-05,2.55459552800833e-06,6.873918487221815e-08,0.0269080502641489,0.0008725387054035975,0.1875,2.745104284363487,0.021279521456527343,0.016666666666666666,0.8029084646443323,0.0009029538469200018,0.0005334198131010573,1.692763982032545,0.5445158662019194,0.016666666666666666,1.2166891886809805,4
63,Relax,240.0,4.471292859573306e-05,2.125,4.042810917703901,3.4525351909229016e-06,4.090444619414709e-05,11.847655109117907,2.15706565323693e-05,0.016666666666666666,0.9428729220111614,1.982200520380608e-05,7.529586996451848e-07,1.0838150771061213e-07,0.14394083999784388,0.0005011275777549414,0.1875,2.767834744721493,0.005241515414217526,0.016666666666666666,2.170591186588165,0.001392390426286286,0.0012634051239770892,1.1020933822898884,0.16023970872855883,0.016666666666666666,1.7191941567350173,4
0,Relax,0.0,0.0022778581125158857,0.5,3.0579174278681376,0.0016447570542321046,0.0007833401615403026,0.47626496540914626,7.66034035430742e-05,0.016666666666666666,1.38456318756752,6.478580753715127e-05,5.667748370345597e-06,2.526919875781574e-06,0.44584193063382105,0.004538196897211503,0.0625,1.6356220638243841,0.17293548891680566,0.016666666666666666,0.715640241084854,0.011757065861337396,0.0009901467169559893,11.874064378541975,0.15154290122289676,0.016666666666666666,1.792815345966696,5
1,Relax,30.0,0.0005076555216487013,0.5,3.883140448533983,0.0001735346856005395,0.00033302981780518337,1.9190965578592547,4.0831420392406314e-05,0.016666666666666666,1.2714595863655829,3.528137467273261e-05,4.337895163206735e-06,2.920598157879434e-07,0.06732754130739338,0.004615636153870059,0.0625,1.5374931373016216,0.02128122528501407,0.03333333333333333,1.6930904243583988,0.005406672628374559,0.0007227802781111133,7.480382063694591,0.04901565777184811,0.016666666666666666,3.026617492726848,5
2,Relax,60.0,0.00021177779880327902,0.75,3.6255625402425067,0.00012244021271072623,0.00014183566129059578,1.158407504776986,1.2394186102702629e-05,0.016666666666666666,1.191511300363169,1.087231675882331e-05,8.49077063030309e-07,1.0270243171281165e-07,0.12095772714230715,0.0036814189350778733,0.0625,1.4562365556937165,0.012194163947076557,0.05,2.0481490006957594,0.009155659964167012,0.0005052796020640386,18.119987283806154,0.10965118612406406,0.016666666666666666,1.5408834752728051,5
3,Relax,90.0,6.083443943001808e-05,3.125,4.062170756568119,9.031283009842156e-06,5.233765819910968e-05,5.795152044518247,4.154761109900598e-06,0.016666666666666666,1.1652351656259936,3.578103348809818e-06,1.8908765247260723e-07,5.176037264189451e-08,0.27373745437657776,0.002264013641744143,0.0625,1.308979668042089,0.014347966968390573,0.016666666666666666,1.3893286114116932,0.0018276594178610577,0.0005384726144072601,3.394154816717854,1.0271626370065256e-33,0.016666666666666666,0.0,5
4,Relax,120.0,0.0002310562867851671,3.1875,4.033618553861881,3.4180122397754964e-05,0.00019762638084478294,5.781909688473307,7.287637982134557e-06,0.016666666666666666,1.9664775503839713,5.130023784439056e-06,6.608240185235361e-07,1.4860204085343036e-07,0.2248738494485241,0.0041087200228624035,0.0625,2.0155982816916875,0.012164169340311405,0.08333333333333333,1.751829747189055,0.010299884341568845,0.0005136051825437533,20.05408958405791,1.0271626370065256e-33,0.016666666666666666,0.0,5
5,Relax,150.0,6.675670445208616e-05,3.375,4.084334537406226,6.462999972633086e-06,5.98252912886183e-05,9.256582321204146,3.460817934161303e-07,0.016666666666666666,3.072975977090851,1.352501104546479e-07,4.003046489205297e-08,1.5915911102316607e-08,0.39759496036920383,0.0038737399592935805,0.0625,2.193105614338239,0.01085479805776178,0.016666666666666666,1.1815482383859501,0.0007875702440348001,0.0003883129243581369,2.028184473480034,1.0271626370065256e-33,0.016666666666666666,0.0,5
6,Relax,180.0,8.240299030075479e-05,3.9375,4.085083863048364,7.5574544098576236e-06,7.301012900979239e-05,9.660677398802573,5.979836435184456e-07,0.016666666666666666,3.7011369948401693,8.476949502105388e-08,4.8247305302300874e-08,4.7488133381489684e-08,0.9842649881469134,0.0019766346932659365,0.0625,2.185308726876311,0.011281653188975555,0.016666666666666666,1.8228097326003054,0.004792835284618611,0.00036037692055660065,13.299506742041352,1.0271626370065256e-33,0.016666666666666666,0.0,5
7,Relax,210.0,7.356575574301056e-05,1.1875,4.0896275587357245,9.872930909603924e-06,6.313631087031526e-05,6.394890377375094,5.945276245185705e-07,0.016666666666666666,3.516780578019626,1.4629939893950885e-07,5.981112817536562e-08,4.9457930633184984e-08,0.826901818139508,0.001559910298289077,0.0625,2.4149708965146908,0.011353411075855808,0.03333333333333333,1.546012247620666,0.0038724348029584806,0.0003476875843989005,11.137685027359655,1.0271626370065256e-33,0.016666666666666666,0.0,5
8,Relax,240.0,0.0001441725103437104,1.4375,4.060151854156125,1.8483094117195437e-05,0.00012652088287283704,6.845222021302724,1.1002944776700008e-05,0.016666666666666666,1.1815729603366545,9.552532160619412e-06,6.034119094032609e-07,2.8975459738064088e-08,0.048019369996722676,0.001154752333569914,0.0625,2.2856364166838956,0.007921972817472417,0.016666666666666666,2.1948142884004778,0.004487375859024995,0.0004121061939937593,10.888882342527832,0.11633438259626773,0.016666666666666666,1.7576852772627922,5
9,PhysicalStress,0.0,0.0026117285215928004,0.625,2.1930976594049825,0.0024502987116153526,0.0005764160527025667,0.23524317666663833,0.0010198724824424113,0.016666666666666666,0.5334205889552034,0.001006838534383182,7.460644696346456e-06,4.0648414238540875e-06,0.5448378242492471,0.0010491355304985564,0.0625,2.368286103122132,0.19897821360553195,0.016666666666666666,1.1070486304418665,0.027845428322004057,0.000800902302995051,34.76757179730088,0.21899858986537993,0.016666666666666666,1.993027307126076,5
10,PhysicalStress,30.0,0.17903265683133285,0.6875,2.2854237600974914,0.15618516084474096,0.03200937805716109,0.20494506574142896,0.00024364280128066115,0.016666666666666666,1.0704867069936164,0.00020807925635750834,3.0522695140661806e-05,1.3228284627229456e-06,0.043339176197474655,0.0016973009535435736,0.0625,2.6078355428756845,0.060252554375724514,0.03333333333333333,1.8410027818811756,0.024054405145961546,0.0015449122993975346,15.570078091385497,0.40157217554234526,0.016666666666666666,1.509902497314773,5
11,PhysicalStress,60.0,0.12664684527809797,0.625,2.620826293474118,0.09321334391065919,0.03554573440423462,0.3813374020601987,0.0006251959692170262,0.016666666666666666,1.5972096311568342,0.0004342220254423462,0.0001281100223977161,2.7813425284688457e-05,0.2171057717743737,0.0007696050518999286,0.8125,2.5054213330860664,0.08860140133442501,0.03333333333333333,1.3927228976937855,0.022291322590391176,0.001848787739593804,12.057264397095574,1.1465933430578372,0.016666666666666666,1.2506676895102837,5
12,PhysicalStress,90.0,0.013931692338348185,0.5625,3.568542670864204,0.0020917611221355614,0.011774012197021268,5.628755632000997,0.0015542729738767288,0.016666666666666666,1.14125373567097,0.0012777983856991106,0.00023094292766505004,1.8472795029080135e-05,0.07998857213706195,0.0002922647940273118,0.0625,2.718388615638622,0.009130164090001926,0.03333333333333333,1.372598123083244,0.0027379329335950873,0.0004111732900471427,6.658829743734502,0.2429471995103928,0.03333333333333333,2.080877267581716,5
13,PhysicalStress,120.0,0.010087496686122618,0.5625,3.754160091520579,0.002119215390555847,0.008079548374455413,3.812518732386252,0.00036685403772832834,0.016666666666666666,1.659011104584568,0.00025288525849852196,8.255816359706059e-05,1.3960954256848004e-05,0.16910446706381285,0.0007492476500484532,0.375,2.703789703445076,0.023068652348352054,0.016666666666666666,1.1461034240627597,0.0027045715613867403,0.00025502894948989364,10.604959032283972,0.17481110506478773,0.03333333333333333,1.862831893470729,5
14,PhysicalStress,150.0,0.013223192153601845,0.625,3.659115320220268,0.002962688043340933,0.0102631816947523,3.464145243985534,0.0014022305700407349,0.016666666666666666,2.609265920101019,0.0003587041420092833,0.0007460341511447393,0.00013465575183446008,0.18049542588343961,0.0027820458230327703,0.375,2.7189251627877615,0.0050253546397466455,0.016666666666666666,1.4972050645093997,0.0007571786199316732,0.0002250685542924818,3.3642132829791143,0.6577742813126909,0.05,1.748089492176992,5
15,PhysicalStress,180.0,0.03328981462617897,0.625,3.7402498070003056,0.004007377198774728,0.02914636227016174,7.273176650072611,0.014132245795805576,0.016666666666666666,1.8188337875869265,0.010467200286946228,0.0017329374714050254,0.0003236589152024544,0.18676895187686102,0.0031018885654275864,0.4375,2.6917755466948297,0.003472299667614734,0.016666666666666666,1.6222068927772666,0.0005147992610944818,0.0002626049474535307,1.9603562921661182,0.37440235954716156,0.016666666666666666,1.601344233444689,5
16,PhysicalStress,210.0,0.05042943167654405,3.9375,3.8065990139769976,0.004680070064146252,0.045506090109425246,9.72337795924142,0.017330681253771775,0.016666666666666666,1.9794113633136297,0.012452549186519214,0.0019244786727923727,0.0011416103329678464,0.5932049801889449,0.0016801273257592648,0.375,2.7395721909689468,0.009597959013038847,0.016666666666666666,1.247174137301826,0.0017454588469494516,0.0005132411258873841,3.4008553853348884,0.5657714190726173,0.016666666666666666,1.331044744255532,5
17,PhysicalStress,240.0,0.04874654733201017,3.9375,4.01280679868173,0.005241313750523325,0.043080080523429556,8.21932869771976,0.019488437050374303,0.016666666666666666,2.804006440542618,0.007437431501461249,0.003868108247927304,0.0030263587890528324,0.7823873053900401,0.0011438957270958543,0.1875,2.7176602727126538,0.1406025176796257,0.016666666666666666,0.6561895054433443,0.00353277316010107,0.002017357366913235,1.7511885687891666,0.1408902506880095,0.03333333333333333,1.7252288482565656,5
18,Relax,0.0,0.002196804867091939,0.5,2.872391857860273,0.0014821089542789464,0.000828939379037062,0.5592971938020206,0.018399919992605172,0.016666666666666666,0.5574970995770586,0.017789800589416,0.00030521259198708654,0.00011162156181677028,0.3657174204054234,0.0035926551185478223,0.625,2.7599533569138286,0.41210801708761247,0.016666666666666666,0.7090115942733572,0.03199685904344167,0.002468073833014552,12.964303828933716,0.12587947180706902,0.016666666666666666,1.6388854687062384,5
19,Relax,30.0,0.044963172251233786,0.5,1.4311398514930231,0.052748759791876404,0.0014772682885771684,0.028005744483961797,0.016219934096725026,0.016666666666666666,0.6727393188344539,0.015100334492124284,0.0007945936646686991,0.00022109311972779574,0.2782467688311851,0.002515136267466674,0.5625,2.7187900654081956,0.018247391856017627,0.016666666666666666,1.4055550766360376,0.004384326974830309,0.00048435420169754863,9.051902428975046,0.1327230221134577,0.016666666666666666,1.5639179361841093,5
20,Relax,60.0,0.03953395011222938,0.5,1.008713844871113,0.047418729868010975,0.001492027680564173,0.031464944015101214,0.009220159520034956,0.016666666666666666,1.0452809197758393,0.008116088350043325,0.0008914615464420463,0.00013155206038103812,0.14756896795614086,0.0005924290071251451,0.625,2.453918761079068,0.11788105678349191,0.03333333333333333,1.6149550393094034,0.04054404611312994,0.001555054020039405,26.072435806508228,0.09675307354722867,0.03333333333333333,2.5888162752967188,5
21,Relax,90.0,0.00010280662534671409,2.375,3.6264927217962892,4.3979159548859774e-05,5.956520499332006e-05,1.3543961641000568,0.001753959929285281,0.016666666666666666,2.3210247614012927,0.0006288900552662183,0.0009415166353139355,8.809528043247095e-05,0.09356741785353248,0.0001944671305114236,0.125,2.6033168535656044,0.029100072345137267,0.016666666666666666,1.5278420849440384,0.008297317565523689,0.0012679940599677607,6.543656494522263,0.15178267558459085,0.03333333333333333,2.0956721623677153,5
22,Relax,120.0,0.00018395592004991152,2.5625,4.004635012378018,3.073846539687697e-05,0.00015022677860714306,4.887256948826278,0.0023117971149266173,0.016666666666666666,0.5748747839654266,0.0021399079863491086,0.00011913359820030785,2.4241222880913758e-05,0.20347931437574188,0.0001420357951898627,0.25,2.6873786701932003,0.019709275250740815,0.016666666666666666,1.8870162366890941,0.0077449799090765796,0.0008898073659846315,8.704108557818287,0.14654407163937908,0.016666666666666666,1.5691802295157975,5
23,Relax,150.0,7.246843866717628e-05,1.1875,4.039866715536763,7.3256986632706236e-06,6.504933887056562e-05,8.879608875629586,0.0016873707128347221,0.016666666666666666,0.5502039797060776,0.0015999043682420617,6.064244276764155e-05,1.695378468043546e-05,0.2795696200002336,0.00041226963024102717,0.4375,2.6978599810871855,0.22761541574470054,0.016666666666666666,0.9091823219517704,0.010313338029843515,0.0008883201992772436,11.609933037923339,0.16424357776592,0.016666666666666666,1.5755737744810294,5
24,Relax,180.0,0.000127492577001401,2.875,4.072888334920026,1.7107567492599503e-05,0.00011030931536905284,6.447983643307041,0.0014627515389736003,0.016666666666666666,0.28272072408688725,0.0014368904421868376,1.8449081071219405e-05,3.1274879601902958e-06,0.1695199857443947,0.000608566313551545,0.6875,2.755819470979004,0.15170805897636125,0.016666666666666666,0.596399538390691,0.005810837053637456,0.0007337896685074146,7.918940948646976,0.06085604306314728,0.016666666666666666,1.4728358843290552,5
25,Relax,210.0,8.825694888868044e-05,2.9375,4.058119410986948,9.25894163818312e-06,7.897570184395816e-05,8.529668393012525,0.0008546090900917237,0.016666666666666666,0.45145865910613364,0.0008232332568486449,2.551888918583493e-05,1.5133494037402542e-06,0.05930310652315881,0.000188999899102352,0.25,2.7852712859812643,0.007899445301484505,0.016666666666666666,1.9157474880855663,0.002563272366020875,0.00035969609861532674,7.1262167587815295,0.0392535095662028,0.016666666666666666,1.517847640253396,5
26,Relax,240.0,6.473652967609636e-05,1.375,4.057171199703829,5.433416460803464e-06,5.9094158809169754e-05,10.876059149059087,0.0005187623453270162,0.016666666666666666,0.8246182751882314,0.0004871708343609778,2.3964888329381276e-05,4.843522557565494e-06,0.20210912277138676,0.0006160969207002231,0.3125,2.6711781434073436,0.0532893087786868,0.016666666666666666,1.0519689380516364,0.0038298703564125245,0.0005821907015251465,6.578377748699069,0.15003885351215818,0.03333333333333333,1.613794095442957,5
27,CognitiveStress,0.0,0.016400592932573798,0.625,3.137096548650867,0.01119806311369495,0.006238996888708562,0.5571496450201665,0.03560889740475844,0.016666666666666666,1.1053368744859329,0.031220138548942154,0.0022174458433221285,0.0013920317768105692,0.6277635961224008,0.0015958163830055243,0.0625,2.6854384667655657,0.06978818110384254,0.016666666666666666,1.5034546720841773,0.021933874808468236,0.002457343194909632,8.925849207348852,0.11136795130303272,0.016666666666666666,2.0783050861202526,5
28,CognitiveStress,30.0,0.005341036409432043,0.5,3.156926009714642,0.0031075546211155195,0.0023240262994650767,0.7478633790291418,0.0481749453692155,0.016666666666666666,1.9805951995851252,0.03025742685669214,0.012905890244458687,0.003455986400275058,0.26778365031880935,0.002044782459231724,0.0625,2.6064020828400456,0.0043336041087947644,0.016666666666666666,0.5758746644203654,0.0003125041507308635,7.072762013848415e-05,4.418417445956512,0.16286881002508263,0.016666666666666666,1.8425061053262801,5
29,CognitiveStress,60.0,0.0015064828028839273,0.5625,3.5324717039084725,0.0007512713452750592,0.0007831450530761658,1.042426359000072,0.0096237186473873,0.016666666666666666,2.4159635389761194,0.003945922949842703,0.0034415934177887807,0.0013124530078169792,0.38135039456817316,0.0017245707914967682,0.0625,2.6697102594893494,0.08679265058319598,0.016666666666666666,1.2458054937708858,0.01020166221942734,0.002000452996636424,5.099676041666806,0.28363611488321444,0.016666666666666666,1.4509103641706667,5
30,CognitiveStress,90.0,0.0018755321226782587,0.5,3.3103656945728304,0.0010845724111878403,0.0008329954896067163,0.7680404563254628,0.0028314137620930368,0.03333333333333333,2.509975149068322,0.0011017435121934427,0.0009659406815819499,0.000476215126886238,0.49300659550473247,0.0011475536452862853,0.375,2.6583158146343298,0.001814480493644425,0.016666666666666666,1.725258495368163,0.0004469475840197192,0.00015475438858663932,2.88810926851031,0.22725378039432775,0.016666666666666666,1.5778424575170045,5
31,CognitiveStress,120.0,0.0014237034096191417,0.5625,3.575915524259364,0.0005879172846134326,0.0008659401890823866,1.4728945920543222,0.002362834828725176,0.016666666666666666,1.7867356900895617,0.0017954827499620223,0.00023182129582317057,0.00012314651580183124,0.5312131284770548,0.0007139549932103776,0.6875,2.72234856758495,0.02937635859312871,0.016666666666666666,1.0462488453466412,0.002667374870386173,0.0003669718875782628,7.2686081977255315,0.9015748467568694,0.03333333333333333,2.2260550822571163,5
32,CognitiveStress,150.0,0.041802436714213916,0.8125,2.030728495627855,0.039019789558387655,0.00433587680577525,0.1111199433632828,0.005558077566659229,0.05,2.7312683788770733,0.0007955768378739026,0.00275529287642949,0.0011348400877952915,0.41187639161826606,0.0029342295495403035,0.375,2.6788732664844623,0.020139712527955506,0.016666666666666666,0.995058535508096,0.002027816872200814,0.00016770510799810537,12.091562960763982,1.1215161553842417,0.016666666666666666,1.7494741554639786,5
33,CognitiveStress,180.0,0.42446029379784705,0.625,2.24159764318595,0.4013411896145085,0.07416942104158401,0.18480390989228979,0.015601822278987957,0.016666666666666666,1.4037513592923008,0.00963199858246825,0.0049029629704254955,0.0007345462862743467,0.14981681295679872,0.0027207775693205358,0.375,2.690065109104319,0.05349216346628106,0.016666666666666666,0.8848199779984006,0.0019494377267683975,0.0010068901917017997,1.936097642855719,0.18307590115561712,0.03333333333333333,2.1379979360461787,5
34,CognitiveStress,210.0,0.06017350256860644,0.5,1.7264029100951794,0.07429261470059903,0.007991373560669094,0.10756619070246101,0.019043378045257634,0.016666666666666666,1.6346086564124973,0.013799312162561006,0.0038916808888287326,0.0007717433733664686,0.19830592369014557,0.00024567009180952675,0.3125,2.809216850030496,0.0016730145205285849,0.016666666666666666,0.2540074510460752,3.948964036302561e-05,1.417115396561972e-05,2.786621361875711,0.8506350978072035,0.016666666666666666,1.6703177483282414,5
35,CognitiveStress,240.0,0.0014478851521350074,0.6875,3.6053752077745664,0.0006938667641857466,0.0008173628184387484,1.177982374466263,0.0026455404391014896,0.016666666666666666,2.19251041185897,0.0015714466125559621,0.0004646373146714678,0.0004714937336289743,1.0147564966071536,0.0011752357428547813,0.25,2.715160587919554,0.04910344317285927,0.016666666666666666,0.7211578853970797,0.0006402284980062936,0.000821411284564699,0.7794250091725706,1.1006798398987534,0.016666666666666666,1.6108241258768687,5
36,CognitiveStress,270.0,0.0008541438103832507,3.9375,3.3888413536404967,0.0004598389417827676,0.00039966111450354406,0.8691328162727633,0.003168196446417257,0.06666666666666667,2.683588508072191,0.00037007122593981897,0.001779048562451133,0.0005801377880544047,0.3260944081566295,0.0014376861247959768,0.1875,2.3863355677176536,0.009602397821794737,0.03333333333333333,1.8216174357324046,0.00430233695964925,0.0007874434130428933,5.463677628623322,0.005087337610534086,0.13333333333333333,3.1347732875948937,5
37,Relax,0.0,0.002530129873774413,3.3125,2.6559714113776534,0.001931970658574944,0.0007648715850503221,0.39590227815080015,0.0077670340790620546,0.016666666666666666,0.6849336335148597,0.007276833584676922,0.00029761441598527213,9.024221266577822e-05,0.3032185533319192,0.004309292889685745,0.125,2.5635756032890566,0.10819708397001765,0.016666666666666666,0.8945220863988543,0.020208503386433176,0.0011847850054669267,17.05668394956514,0.3200619471041792,0.016666666666666666,1.1209289453681939,5
38,Relax,30.0,0.0008685340623775019,3.375,3.1644697464988676,0.0005133024178086041,0.00039239207538556745,0.7644461856633594,0.007373835321324659,0.016666666666666666,0.35858732895529066,0.00716723259572595,0.0001438047913159822,1.121847020391906e-05,0.07801179711230011,0.002059595335419963,0.0625,2.66558712141266,0.03159652918348377,0.016666666666666666,1.4146578358312647,0.005923905130572667,0.0012251580817405502,4.835216955967617,0.3121333672662734,0.016666666666666666,1.3564937039881062,5
39,Relax,60.0,0.04939042284638199,3.625,1.3311387842468843,0.04729504528612824,0.0026099681161809115,0.05518481059466121,0.009541108237392737,0.016666666666666666,0.3029849013515726,0.009440225645765627,7.01658719106921e-05,5.384803067992662e-06,0.0767439058527841,0.001533077579678336,0.0625,2.605167429425054,0.0214562579696052,0.016666666666666666,1.20315536170019,0.003916269700191822,0.0003690405672636371,10.612030350024085,0.03296947737934888,0.016666666666666666,2.054012008483349,5
40,Relax,90.0,0.013634832333420957,0.5,1.5927311785953162,0.014238634761360766,0.0010392835446339324,0.07299039283276128,0.0019638912861556705,0.016666666666666666,0.5696086375024564,0.0018107668403533855,0.00012231942681435075,8.44209917441388e-06,0.06901683072163838,0.0008775647831943249,0.4375,2.621030249912402,0.09132425277774095,0.016666666666666666,1.641361285911446,0.026089100754659113,0.0011183647308769665,23.327900133439766,0.0630064520849444,0.03333333333333333,2.8292064931354655,5
41,Relax,120.0,0.0003006328912303633,3.125,3.9215254507026134,8.69037892212515e-05,0.0002162129595611615,2.487957792159064,0.04132045428473938,0.016666666666666666,1.3126339126730027,0.034092323718622926,0.006505473074629742,0.0004916715949098423,0.07557814616546171,0.0009514364536005366,0.3125,2.584290349841045,0.012535278859614094,0.016666666666666666,1.5826468976264985,0.0030368138546959305,0.00044167615801685454,6.8756571971902645,0.0011224649836131424,0.016666666666666666,1.5498923191558107,5
42,Relax,150.0,0.00034285453724989856,3.3125,3.6995875524287047,0.00013833230141531815,0.0002035976300827598,1.471801076102205,0.01443226283354867,0.016666666666666666,1.197496830184147,0.011940085795895975,0.002056981113551334,0.00030483001953876424,0.1481929112185584,0.0018505864549663326,0.25,2.6870870687968713,0.022259314547764246,0.016666666666666666,1.603863407339386,0.004960449336023933,0.0007341010400200126,6.757175191971808,0.0,0.016666666666666666,0.0,5
43,Relax,180.0,0.00024185793370362052,3.25,3.7851746877516765,7.038601519235895e-05,0.000171467940926764,2.436108088491113,0.0030865238016365894,0.016666666666666666,0.3315446392976349,0.0029750755528862643,8.1239123183354e-05,1.5026341799394199e-05,0.18496435227987684,0.0004050431819062248,0.375,2.6695894739714077,0.007416935098603047,0.016666666666666666,1.6864023914956525,0.002617928701673345,0.0003656188369844153,7.160267570636509,0.004264218385100989,0.016666666666666666,2.971299030565752,5
44,Relax,210.0,0.0002167457941870366,1.0625,3.7101924283583636,9.656587656343147e-05,0.00012987081863116267,1.3448934888076545,0.0023971549598289766,0.016666666666666666,0.2622257768580176,0.00236541847938573,1.2574855349719037e-05,7.93470990258866e-06,0.6309981054983623,0.0004172977767580001,0.0625,2.6572084330890293,0.019900920034532584,0.016666666666666666,0.9521096004890658,0.0011942216889499156,0.00048102592547919377,2.482655561153471,0.18141497112995944,0.016666666666666666,1.8135225725787187,5
45,Relax,240.0,0.0018365471024060127,0.5,2.24932250358437,0.0017420931009222136,0.0003200782856324834,0.18373202067274316,0.0015826257715268444,0.016666666666666666,0.3675042737028438,0.0015533832297328278,1.396011257226575e-05,1.017005880158905e-05,0.7285083661713218,0.0006027654737900626,0.125,2.6457319756758393,0.008504737436178156,0.016666666666666666,2.072548872217207,0.003059926728730205,0.0006839382346721085,4.473981090115813,0.10110000733495547,0.016666666666666666,1.0395688189779047,5
46,EmotionalStress,0.0,0.3606954025467835,0.5,2.2296827187016213,0.37355529135353466,0.06512354712500701,0.17433442553855769,0.0005462469961857881,0.016666666666666666,2.6426180769390215,0.00024410112142128244,0.00013815537712981565,7.024151208021678e-05,0.5084240189523379,0.0015934382122086777,0.0625,2.72904475540704,0.3291394614618967,0.016666666666666666,1.0390562276191841,0.02109873556067291,0.002602131206686039,8.108251999922533,0.2601662605406834,0.03333333333333333,1.7127710475139517,5
47,EmotionalStress,30.0,0.03761986693406344,1.1875,2.683827745443834,0.02831346008602661,0.011234457500468684,0.3967885756927732,0.001554021700572666,0.05,2.329373887252857,0.00048518058448934715,0.0008506056283163125,0.00011392915834593959,0.13393887196755422,0.0016829093697400426,0.0625,2.7182527716402602,0.18022428549385403,0.016666666666666666,0.8974136824877372,0.014415397168424637,0.0007787002096062345,18.51212699135406,0.12176361875634088,0.016666666666666666,1.518159675518393,5
48,EmotionalStress,60.0,0.03022493282104372,1.0,3.4670658527133673,0.013833748925304711,0.01652354132139197,1.194436982383502,0.0016246792217940943,0.016666666666666666,0.3655766640477136,0.0015748236059293713,1.6601810543407928e-05,4.84474337261489e-06,0.2918201818980876,0.0008597105074349114,0.5,2.6757410295449384,0.03643098797034707,0.05,1.5605656501242549,0.019157746979981065,0.0011097109614760785,17.26372690281301,0.17212643392630064,0.03333333333333333,1.7473358135412151,5
49,EmotionalStress,90.0,0.001972183992264445,0.6875,1.457832202432215,0.003075155136612133,0.00031979868737576215,0.10399432651976091,0.001162175013724611,0.016666666666666666,0.3470470158205624,0.0011309874773111914,2.47906812818515e-05,2.592024150819948e-06,0.10455639041745456,6.140211698927266e-05,0.125,2.6932054878803653,0.04294123723395997,0.016666666666666666,1.259103319776086,0.007199205939362101,0.0006699826204286328,10.745362222614501,0.11113233274032401,0.03333333333333333,2.2402696209065724,5
50,EmotionalStress,120.0,0.0002677110061840983,1.0,3.9903528359358837,6.630079705655719e-05,0.0002018240095991622,3.0440661132172875,0.0006662687946454179,0.016666666666666666,0.3025070903042587,0.0006473557167992172,8.777226619370502e-06,4.310903354279744e-06,0.49114641118710456,0.000478556840265197,0.125,2.7126393755519977,0.018932180596948282,0.03333333333333333,1.8045597636468336,0.0070604558080657985,0.0007579126961438471,9.315658444552257,0.1696180374809469,0.03333333333333333,1.7350358950793365,5
51,EmotionalStress,150.0,0.0004897983678444115,1.5,2.8297467664248814,0.0003283069011181268,0.0001746519260264878,0.5319776265185696,0.0008372685159130493,0.016666666666666666,0.4360087685839423,0.0008209035950241397,1.0850528667445229e-05,2.6341915274756285e-06,0.24277080022644207,0.0004484623946323104,0.125,2.707534346180428,0.01068678699186205,0.016666666666666666,1.741425707889091,0.0030431979185921556,0.0007192341636653393,4.231164302712628,0.03926336926421091,0.016666666666666666,1.5170614654870727,5
52,EmotionalStress,180.0,0.0003954340832762784,2.375,2.947995762360609,0.00025957163467196,0.00014644246001360977,0.5641697337179388,0.0003865500338562778,0.016666666666666666,0.3774979126170802,0.0003760634384593587,5.894648115884756e-06,2.3684916970587478e-06,0.4018037464655767,0.00018112496371455603,0.0625,2.5392140997661046,0.025905165036377405,0.016666666666666666,1.3942249691990096,0.0038554548414647723,0.0006334579270783985,6.086362924285595,0.03588768774771357,0.016666666666666666,1.3725887489473916,5
53,EmotionalStress,210.0,0.33747140443095525,0.5,1.6105452227533332,0.32400864589380984,0.02073748117698629,0.06400286362661681,0.00030838144532311057,0.016666666666666666,0.33444192748473095,0.00029970943734108804,4.394235345546225e-06,8.523639818331584e-07,0.19397322055066338,0.0006982498358437533,0.125,2.563922712858029,0.04100786274181572,0.016666666666666666,1.2171127891042648,0.0056503795882479925,0.0002745662657262898,20.579292846852333,0.12526333203848353,0.016666666666666666,1.5633781508854778,5
54,EmotionalStress,240.0,0.2812184669112149,0.5625,1.3677129888251294,0.32260610205025564,0.012191895838379896,0.03779189470036943,0.00027574352161853125,0.016666666666666666,0.45844409682918247,0.00026286781128496734,8.574663376860659e-06,1.3247199001151414e-06,0.15449235053238272,0.00011346524484846947,0.0625,2.7508502267333146,0.01744435929403897,0.016666666666666666,2.019265340473474,0.008491103525675565,0.0009166277967318984,9.263414829824436,0.061849510542907646,0.016666666666666666,2.421266088159572,5
55,EmotionalStress,270.0,0.011312252395069337,0.5,1.8965798672052108,0.010397887887851504,0.0011338979669818783,0.10905079754770981,0.0001360046316740591,0.016666666666666666,0.762786515828274,0.00012663422292920375,6.689466564059723e-06,2.4683311081529875e-07,0.03689877338522789,0.0008877874533877174,0.0625,2.7340076274232072,0.040977665083329284,0.016666666666666666,0.5985885749477472,0.0026298656165649062,0.00030509371020506483,8.6198617952408,0.014088352265512456,0.016666666666666666,2.3110583760762906,5
56,EmotionalStress,300.0,0.0001402999208653011,0.75,4.063820968980767,2.3355922876530898e-05,0.00011710027078178889,5.013729125619635,6.42641950667227e-05,0.016666666666666666,1.2032654574884265,5.293575450575332e-05,2.7821587012711524e-06,2.8137027110285853e-06,1.0113379620447318,0.001980579998099284,0.0625,2.723857985850991,0.05292254526582961,0.016666666666666666,0.7965438784382091,0.0020402628296302314,0.0007174941470140054,2.8435950845330114,1.0271626370065256e-33,0.016666666666666666,0.0,5
57,Relax,0.0,0.0005433844518580646,0.625,3.3264819950629807,0.0003080671740732235,0.0002558864082057277,0.830618870626271,0.0003430174367318863,0.016666666666666666,1.6538888055421468,0.00023214184659761197,7.59768387668372e-05,1.7946280270350755e-05,0.2362072515997342,0.00035610600418049164,0.125,2.646517728570207,0.03637161113090466,0.016666666666666666,1.593493886973004,0.011543098910746707,0.0007440456017140992,15.513966999004133,0.023309572380305996,0.016666666666666666,1.821127697999604,5
58,Relax,30.0,0.00046555962239301646,0.9375,3.5213796354150944,0.00020636327075251,0.000278940500561459,1.3516964503629638,0.0004804917811274933,0.016666666666666666,0.9753092459797162,0.00040912567296162765,4.540569574173566e-05,1.8878911972736716e-05,0.415782902658702,0.0014010424061489635,0.25,2.726724544944564,0.09235506032306055,0.03333333333333333,1.4818526101737064,0.023063636424001457,0.0014167276979279945,16.279512610456262,1.0271626370065256e-33,0.016666666666666666,0.0,5
59,Relax,60.0,0.0003234404594527982,0.5,3.740759309461037,0.00011701692650767906,0.00020637961321251074,1.7636731656848583,0.0003623445941709168,0.016666666666666666,0.5401397897296437,0.00034401336903772285,1.2311704838258662e-05,3.5384515135029257e-06,0.287405486079164,0.0020693853449401775,0.1875,2.6481793484899425,0.023197494733602914,0.016666666666666666,1.3283215352849032,0.003122302674203571,0.0005388323404586285,5.794571780056883,1.0271626370065256e-33,0.016666666666666666,0.0,5
60,Relax,90.0,0.00017484567286218602,3.0625,4.020609103450241,3.181655435731296e-05,0.00014538706070156768,4.569541348469459,0.0001677920243238042,0.016666666666666666,0.6469330105147337,0.00015751933833660483,7.624845823322316e-06,4.049619292064779e-07,0.05311083510276499,0.0021002831527139275,0.1875,2.6320308526671745,0.06493083319938199,0.016666666666666666,1.104222951114107,0.006970063408259599,0.000905063129645332,7.7011903147473975,1.0271626370065256e-33,0.016666666666666666,0.0,5
61,Relax,120.0,0.0006455897662307422,0.625,2.74648351488877,0.00048525248068634206,0.0002281576496119707,0.47018337606283656,0.00014722759569729368,0.016666666666666666,1.2744753449746402,0.00012177592412866425,1.708761888776036e-05,4.105383776731008e-06,0.24025487715386967,8.378749377695256e-05,0.25,2.758911644174521,0.018138231573669852,0.016666666666666666,1.0629162051435213,0.0031520687006133976,0.0002506395180120494,12.576104221768663,1.0271626370065256e-33,0.016666666666666666,0.0,5
62,Relax,150.0,0.00042792843812405326,0.625,2.983333148931943,0.0002707125805548326,0.00017490815568570742,0.6461027977614802,7.785401978966557e-05,0.03333333333333333,2.0317948003933655,5.215235924833859e-05,1.5325158162215112e-05,4.604649990804788e-06,0.3004634563679588,0.0005130290932009757,0.125,2.694594128984069,0.022387721010753113,0.016666666666666666,1.7204429935809988,0.006118774865342019,0.0006168004057547985,9.920186187060427,1.0271626370065256e-33,0.016666666666666666,0.0,5
63,Relax,180.0,0.0002925028538185565,1.0,3.7289589970145447,0.00011685895831692253,0.00017549458275380105,1.5017640519938418,0.0002532589995694857,0.03333333333333333,1.9400767693734613,0.00013114070036442818,0.00010591781179473158,9.01916827146781e-06,0.08515251701901595,0.0004150024067322534,0.125,2.708813519073799,0.04218011353272853,0.016666666666666666,1.4878153850834037,0.00847744663616313,0.000741181054732435,11.437754084558291,0.001858874655191979,0.016666666666666666,0.5445361243993152,5
64,Relax,210.0,0.22863105333343106,0.5,1.3354020199837084,0.2269215925424262,0.006463794539272217,0.028484704636751214,0.00026710566444764893,0.016666666666666666,1.1299505207261253,0.00021971775351244254,2.1200807850628878e-05,1.0469961210089743e-05,0.4938472761913727,5.097219553837272e-05,0.0625,2.643640714229673,0.05484018649565157,0.016666666666666666,1.2347277139071495,0.0080128016768955,0.00042756153084952777,18.740698352760493,0.18828624212333384,0.016666666666666666,2.2912537494805068,5
65,Relax,240.0,0.3302851477338387,0.5,1.3344334510401201,0.3339984947438774,0.011057654886032615,0.03310690036047031,0.0016077530024247862,0.06666666666666667,3.3283112545362328,0.00011850446820891767,0.0006298907069831859,0.0004171050250324151,0.6621863450408852,0.00048555273585215025,0.25,2.706319477638393,0.03720015132592352,0.016666666666666666,1.882343996057757,0.014030237407031979,0.0016116517163988562,8.705502103383568,0.15694090774875896,0.05,1.7751802121989182,5
0,Relax,0.0,0.0143419354027531,0.5,0.5113523856957061,0.032657510103784315,0.00045441019378776663,0.013914416388257049,5.451860394546304e-05,0.016666666666666666,1.8379420309533399,4.016313502363369e-05,1.0279582771472907e-06,2.2127761592475973e-06,2.1525933575712046,0.003084160099952917,0.0625,1.5269483873278658,0.04982559795502155,0.03333333333333333,1.73048671819072,0.026419190741768867,0.0015092597764999262,17.50473387890634,0.014211338580683717,0.016666666666666666,1.522391979219447,6
1,Relax,30.0,0.0030580821263799223,0.5,1.9209427633018121,0.003274503978809629,0.00041643205889470617,0.12717408853052928,6.420112808803979e-05,0.016666666666666666,2.1021763798751163,3.982044700153918e-05,3.437721746103204e-06,3.3171640405504856e-06,0.9649309297096615,0.0014934379831097013,0.0625,1.3610325756165045,0.03619221959654149,0.03333333333333333,1.6197568113273981,0.01629424729596414,0.0007040600720449126,23.14326283073856,0.2894025140569707,0.016666666666666666,1.8225386228005125,6
2,Relax,60.0,0.007769119107251243,0.5,1.5285568239894827,0.008382482000542688,0.0004922119362587166,0.058719116393790106,0.0001964716090794408,0.016666666666666666,1.0818542508043143,0.0001768494837507536,3.5318686781604417e-06,7.075986853590493e-07,0.2003468276537391,0.0013041484623179894,0.0625,1.4943539811560682,0.11948686649567426,0.016666666666666666,1.0702296120541692,0.009897592319368743,0.0013237106124701088,7.477157186871345,0.0115066638764783,0.016666666666666666,0.8663353292536806,6
3,Relax,90.0,0.00011173148601684646,3.3125,4.064056081049698,1.445449021796768e-05,9.754561078240468e-05,6.748464270372567,0.0002993297281063384,0.016666666666666666,1.2728225941617832,0.00026111745448968796,1.1701954620869163e-05,4.854572912395893e-06,0.41485145598994977,0.0016413298811140285,0.0625,1.993445478238863,0.04127097685045913,0.05,1.6629909887242,0.026639415869688435,0.0010052052030550876,26.501470335334638,1.643460219210441e-32,0.016666666666666666,0.0,6
4,Relax,120.0,0.0028019321034852517,0.5,1.6861805481305459,0.002822006388557043,0.0002904082599999976,0.10290843464337089,0.00013365041571621218,0.016666666666666666,1.6488543251533776,0.00010469329201911547,3.7782594645930635e-06,4.3973327179795405e-06,1.1638514398462982,0.0010580753113693722,0.0625,1.8576171544656543,0.053868277382371044,0.016666666666666666,0.7861439090764712,0.0015120843006682589,0.0005649050528134,2.676705214686285,0.08393594362804827,0.03333333333333333,2.9297087293778925,6
5,Relax,150.0,0.0030670279935130123,0.6875,2.204643288742769,0.002784113841950116,0.0004779256863932998,0.17166168968814136,0.00031335044015244796,0.016666666666666666,1.033687377791593,0.0002857700340780425,4.487189392422651e-06,1.5156638578021188e-06,0.3377757712570732,0.00149737606658936,0.0625,1.7955335529005911,0.010835708369518889,0.03333333333333333,2.2970135654799853,0.004519303902726978,0.0012197690932132126,3.705048707884431,0.02265429417471814,0.016666666666666666,1.7738640823136422,6
6,Relax,180.0,0.0001509493533295318,0.5,4.0584406325626805,2.2080010735344463e-05,0.00012847856415382363,5.818772721344843,0.0005459146229910901,0.016666666666666666,1.0180794423638362,0.0004934805538723853,2.492521035924184e-05,7.186465168750347e-06,0.28832114414174764,0.0015284493313430154,0.0625,2.223815483706658,0.011744649711973634,0.016666666666666666,1.4256424437327664,0.0032211574867483457,0.0006455888941479267,4.989487142587474,0.2783739153333497,0.03333333333333333,2.40288791529158,6
7,Relax,210.0,0.0004590260015939621,0.5,4.043989338010391,9.048899180974767e-05,0.0003725259479695108,4.116809575608306,0.0003080041147906722,0.016666666666666666,1.1051685398616602,0.00027735655165146174,3.5442746673650003e-06,3.7987804922320353e-06,1.0718075907633446,0.0005977421345640733,0.0625,1.9643267371973017,0.014188418414978187,0.016666666666666666,1.29474726692245,0.0019205970720801667,0.0007416959379383212,2.5894668877637588,0.050812142077365674,0.016666666666666666,1.9158536914792035,6
8,Relax,240.0,0.0005611150408187174,2.9375,4.055476581110526,9.370744208191623e-05,0.0004732483633405103,5.050275120377427,8.304060649406664e-05,0.016666666666666666,1.6818355337278046,6.152290182669763e-05,2.6320884696699126e-06,6.1144074107047905e-06,2.323025035504066,0.0006579922494541308,0.0625,2.1744776685397005,0.04926066912305107,0.016666666666666666,1.141708063311737,0.009673484871534604,0.0015239780147141215,6.347522587685902,0.21609819714095846,0.03333333333333333,2.4386396031057447,6
9,PhysicalStress,0.0,0.13902172417936715,0.5,3.0438507011247316,0.0894920776825271,0.060250074886458706,0.6732447882168485,0.00016058840131135234,0.016666666666666666,1.410292824457543,0.00011746761361269774,1.6535147649440122e-05,3.3893871898674855e-06,0.20498076350604885,0.0010966595151972857,0.0625,2.5170462890570966,0.39332295210045376,0.016666666666666666,1.1252172901666966,0.04326662566272762,0.0035800772456828617,12.08538885994762,0.503454788050252,0.016666666666666666,1.1072265773669945,6
10,PhysicalStress,30.0,0.6127940958546392,1.75,1.784258047324146,0.5602201734693176,0.07008788527683364,0.1251077497670159,0.0006929855226755744,0.03333333333333333,3.1428548916133696,0.00016666150897692503,0.00028866217640273814,8.817385534988937e-05,0.30545690623100624,0.000810856205953244,0.0625,2.0532122961884145,0.014783063929500878,0.016666666666666666,1.2381816294593755,0.0019177369155332464,0.000293180604633218,6.541145236849555,0.2627025927834856,0.016666666666666666,1.8751059875637193,6
11,PhysicalStress,60.0,0.3407270977648931,1.6875,2.6129868934148597,0.24035506987071256,0.11307500285973977,0.4704498345741699,0.0008407543787248184,0.016666666666666666,2.234779170532068,0.000414448118025709,0.00030148749055861545,3.788437356941939e-05,0.1256581939742335,0.0007036972493906253,0.0625,2.3905806353965726,0.016747572348805466,0.016666666666666666,1.640200291495748,0.005499383564608464,0.00035174010320780343,15.634792605264861,0.8757151389763276,0.016666666666666666,1.1476101983861284,6
12,PhysicalStress,90.0,0.06261005469706987,0.5,3.8554456478311474,0.01196831473282481,0.05094764630754585,4.25687721662388,5.882890087713812e-05,0.016666666666666666,1.624236788362145,4.546741394551716e-05,2.012249500674914e-06,1.667906538957731e-06,0.8288766071992119,0.0005090487802441675,0.0625,2.6449987479748027,0.015172105133130356,0.016666666666666666,0.87016327982563,0.0007518342597054206,0.00027903441275440536,2.6944141128827517,0.37856456427225704,0.016666666666666666,2.3012954818770037,6
13,PhysicalStress,120.0,0.8509866638916246,0.5625,1.9213114006415775,0.8301940995185615,0.08197273376000214,0.09873923918218523,0.0002517046811261611,0.016666666666666666,1.319435586917411,0.00021331865776073704,7.496921844792864e-06,3.718058638548202e-06,0.49594469777361405,0.0007886734744784939,0.0625,2.7572106949906856,0.02736491985282582,0.016666666666666666,1.2020872128295756,0.0030945468509501295,0.0006336539504600172,4.883654317476541,0.1681912197802886,0.05,2.332371842405,6
14,PhysicalStress,150.0,0.9648604001682827,0.5,1.918957447649872,0.9654969124735666,0.09173208541032515,0.09501023175238439,0.0002251501328395859,0.016666666666666666,1.3115611045283952,0.0001812296730911851,1.8680194800315568e-05,4.7096256048807736e-06,0.2521186558933108,0.0008533663973056087,0.1875,2.7689333281596564,0.00878135578503614,0.016666666666666666,1.1620390474175761,0.0010598343571137402,0.0001238721609733122,8.555872027953702,0.2554659632078499,0.016666666666666666,2.129850236039404,6
15,PhysicalStress,180.0,0.2599603045352781,1.0,3.1952685124415385,0.15629027072677024,0.10270302860932841,0.6571300192375755,0.0003059491391439971,0.016666666666666666,0.8723075278048235,0.00027529622584059656,7.865169600005374e-06,2.2570900024421774e-06,0.28697283303854443,0.0002874732624629561,0.125,2.6638789450669664,0.08336460250414804,0.016666666666666666,0.6710949273673856,0.0021223360602692855,0.0009043282990156488,2.3468645873179295,0.018070179093518556,0.016666666666666666,1.8743523344240691,6
16,PhysicalStress,210.0,0.690573586768694,1.0,2.9465018277942283,0.5188432785868986,0.19852397010412573,0.38262800791178775,0.0001584731212279036,0.016666666666666666,1.8522409359546075,0.0001154108911964836,1.3105400713335534e-05,5.4676854586670975e-06,0.41720856754142577,0.0007530768871612764,0.0625,2.6798701551357014,0.08033245026506329,0.016666666666666666,0.4876642930273355,0.0041081284476325326,0.0007228896595919448,5.682926008308765,0.2280946194110378,0.03333333333333333,1.9278128090908255,6
17,PhysicalStress,240.0,0.19005146834075803,1.0,3.911447988237147,0.022765566075345207,0.1625506520097299,7.140198116389911,0.0005095168454424366,0.016666666666666666,1.0768323528696686,0.00046411130041500067,1.0079926174911105e-05,3.681652867788324e-06,0.3652460150900651,0.0006700470733837555,0.0625,2.617677529708047,0.17091340513781106,0.016666666666666666,0.764046992013899,0.004988078095645872,0.0030386414964310845,1.641548732058198,0.482936378845487,0.03333333333333333,1.4828159556456688,6
18,Relax,0.0,0.02919421501611238,0.5,1.7650332558077422,0.032221483406798965,0.0028101821539485176,0.08721454932629046,0.0007443364769603586,0.016666666666666666,1.0878096008359592,0.0006517972910767047,5.737128499375293e-05,7.236717695509621e-06,0.12613832331448765,0.0019938812792401756,0.4375,2.6943498738170737,0.19773347911952763,0.016666666666666666,1.1965277697365835,0.0286530694914068,0.0008602208889405211,33.30896733593269,0.3165383005869027,0.016666666666666666,2.521486781950813,6
19,Relax,30.0,0.03795075249899024,0.5625,1.6464073295579784,0.03969188097131288,0.004350071629514319,0.10959600611163559,0.0004382460993227447,0.016666666666666666,1.5205385473542867,0.0003542575799443116,1.3694663844269909e-05,2.39892610100917e-05,1.7517232465789392,0.0016026753137121028,0.4375,2.6383666346064607,0.16002723378001632,0.016666666666666666,1.2091023418834645,0.033655512438262855,0.0009149586013693994,36.7836450609802,0.18630017235080207,0.016666666666666666,1.966832053691472,6
20,Relax,60.0,0.0008072779725508839,2.3125,3.02065134857003,0.0004928405957106268,0.0003288141752883357,0.6671815961390489,2.3289916524512924e-05,0.016666666666666666,1.8658282231436822,1.6844585389618646e-05,1.6732374723948352e-06,5.096463575989288e-07,0.30458698541426593,0.0009580493923999215,0.5625,2.5925180694845933,0.05190504115703414,0.016666666666666666,1.1791025948718268,0.006826319632856466,0.00047337551633521064,14.420516898940239,6.419766481290785e-35,0.016666666666666666,0.0,6
21,Relax,90.0,0.0008076886987974115,1.3125,3.2466395035316875,0.0004941347996918361,0.00032339227974852945,0.6544616569207652,0.00025506309701362145,0.016666666666666666,1.2728532984986383,0.00021924372492116486,5.139793010834783e-06,3.809668543914044e-06,0.7412104993106121,0.0005253008544630253,0.375,2.745647935161183,0.0838925913539499,0.016666666666666666,1.3132716419867532,0.010840088838476978,0.0019836683606001444,5.464667912128915,0.044532281282114616,0.016666666666666666,1.6923146715197366,6
22,Relax,120.0,0.0003998666048511015,2.4375,3.5632272626695056,0.00021045319007932022,0.0002102478096660428,0.9990241040622858,0.0005940093313221759,0.016666666666666666,1.2417122929107067,0.0005230580013549888,1.4529865224302728e-05,4.739129402220628e-06,0.32616471860275315,0.0009784499230083169,0.25,2.718188327168635,0.01224887272033564,0.016666666666666666,1.7660947058264684,0.0049816097383999945,0.0004887716951954848,10.192099475824994,0.1143907174866068,0.016666666666666666,1.5234890334843485,6
23,Relax,150.0,0.0003265686058368447,2.4375,3.570241304009948,0.00013756731080319425,0.00019300209666676133,1.4029648143872846,0.00021979657559552163,0.016666666666666666,1.1005867372101643,0.00019456816573980618,1.0438594241979553e-05,3.168126959332511e-06,0.3035013035176386,0.0010323720333866764,0.25,2.6745163704674955,0.012718917959770296,0.016666666666666666,1.9417925268136547,0.004946666410116706,0.00048456355553331724,10.208498665716487,0.1657169855413879,0.016666666666666666,1.5408834752728051,6
24,Relax,180.0,0.0003605423294544024,3.0,3.5067364269181263,0.00015669579080847918,0.0002142784308586934,1.3674804521111508,0.00012829808949092536,0.016666666666666666,1.35966552122567,0.00010691265996935034,4.857372228609597e-06,4.840440834442493e-06,0.9965142893378895,0.00020946322139447942,0.5,2.741418759459884,0.014699064659896077,0.03333333333333333,1.463122576634722,0.001805535048428127,0.0007628422686610606,2.36685239216909,0.07884200406850504,0.016666666666666666,1.6369447502072862,6
25,Relax,210.0,0.00018685056042121168,2.25,4.040760998193948,3.5545599201504637e-05,0.00015192223718950366,4.274009739666249,0.000551285150204253,0.016666666666666666,1.3937285986649037,0.00046193001630469885,3.697897109465646e-05,9.82060509949947e-06,0.2655726973679527,0.00023147637321238316,0.125,2.7017100933712426,0.08297238523351722,0.016666666666666666,1.1421727819792498,0.009460966000031195,0.001572251356714476,6.01746403946613,0.20311672117439447,0.016666666666666666,1.725846922035115,6
26,Relax,240.0,0.0002503854391677046,3.375,4.0533613294430095,4.2920671812638786e-05,0.0002083541644297996,4.854401285686443,0.00044561288693866576,0.016666666666666666,1.1411181992888741,0.0003980158015421789,1.4510997279411423e-05,5.956720516072255e-06,0.41049697697371934,3.5232764793755335e-05,0.5625,2.758494922208167,0.07445277858180746,0.016666666666666666,1.7893064931145852,0.03120137976333976,0.0015717604020201589,19.85123160199043,0.06805342901178085,0.03333333333333333,2.619310399148993,6
27,CognitiveStress,0.0,0.7170943089096384,0.8125,2.0555551727765384,0.6490326551372341,0.09163751876008928,0.1411909216504878,0.0026450877181131136,0.016666666666666666,1.8868552308545,0.0017431373793403435,0.0005762761084653826,0.0001293184631036661,0.2244036516593406,0.0012228877363129817,0.4375,2.607216932458468,0.025374011558582227,0.016666666666666666,0.9327480661402693,0.001311952168995131,0.0005919134932277098,2.2164593036070923,0.02923255410665859,0.016666666666666666,2.5767703151747265,6
28,CognitiveStress,30.0,0.0004392306831970752,3.75,3.8721384180658025,0.00015653476236779091,0.00028609704630885147,1.8276901691436669,0.0004183724281712757,0.016666666666666666,0.8325266172905933,0.0003731699958295523,1.2010705415711125e-05,1.9327953381571998e-06,0.16092271613197032,0.00137139033220759,0.5625,2.645338651387944,0.056722942319560786,0.03333333333333333,1.2368489939480667,0.006525879992050501,0.0009369640379805595,6.9649204532073,0.143121082304316,0.06666666666666667,2.5940617531051826,6
29,CognitiveStress,60.0,0.05177008950994697,1.0,2.6281725314502324,0.038700511235626525,0.01319109382456625,0.34085063487282635,0.03476744856581551,0.016666666666666666,1.9534428890563391,0.02308736683754954,0.003660709443338661,0.006460062386508402,1.7647023033373166,0.0012043752067921847,0.25,2.6887907040246883,0.1233004916784468,0.016666666666666666,1.6012057967759923,0.03936172700499021,0.0019471385795336719,20.21516466199191,0.0007845989157498902,0.016666666666666666,0.056604546557128745,6
30,CognitiveStress,90.0,0.05774229823360026,0.6875,2.3486353395665196,0.04609404767598941,0.012472083609428222,0.27057904953582507,0.006015694307427282,0.016666666666666666,1.1348601693006726,0.005461535565444024,0.0003179780033995282,0.00014503786034392272,0.45612545142529165,0.00038067107065125705,0.25,2.6469669559964966,0.009558883344467271,0.05,2.158456408886208,0.006010133106789022,0.000453527196482219,13.251979491872998,4.108650548026102e-33,0.016666666666666666,0.0,6
31,CognitiveStress,120.0,0.0059099213446267,1.9375,2.5988002707822995,0.004280098561542173,0.0017954894941492549,0.41949723080730117,0.001331256859988289,0.016666666666666666,2.4226081705533984,0.00038576525607206215,0.0007716518148980135,6.805640496464301e-05,0.08819574275690363,0.0001247127398214027,0.125,2.6991208677805867,0.014945140543105953,0.05,1.7454788080569545,0.009659732330790073,0.0009186074045659069,10.515626461072165,0.0016417399959291837,0.016666666666666666,0.3836097295071064,6
32,CognitiveStress,150.0,0.3960997410140559,0.5,2.2125349538295818,0.3810516006531817,0.035709962970766645,0.09371424476253142,0.00020265850048216974,0.016666666666666666,2.045056460462186,0.00012790014770857656,5.515712913129611e-05,4.489048531883533e-06,0.08138655152261089,0.0002190099835798876,0.375,2.7343435507647302,0.025278437401212713,0.016666666666666666,1.9308861678595513,0.006398532489808864,0.0018601248190798423,3.43984039360007,0.19619775029367237,0.03333333333333333,2.172038344838398,6
33,CognitiveStress,180.0,0.27788661705762036,0.5,2.3525303096270944,0.2572516239758028,0.03348627167491358,0.1301693305464354,0.0022021122774075843,0.03333333333333333,3.4981425386421687,0.00044270617255076405,0.0007170321719880588,0.00022447022116874851,0.31305460192445417,0.0009640866678860279,0.0625,2.7002801973578143,0.03009290568898836,0.03333333333333333,1.646563369975562,0.0080614289921523,0.0008816608497527301,9.143458047857294,0.22527101000912883,0.03333333333333333,2.940309793014546,6
34,CognitiveStress,210.0,0.04066705820973901,0.5,3.172297138822126,0.02746439745046255,0.01495144291420783,0.5443936260089339,0.0005896752339150741,0.016666666666666666,1.7422346016991712,0.0004571729715799709,2.801327541913339e-05,2.2875137999370188e-05,0.8165820546549228,0.0014042981581621691,0.5625,2.6506178260119615,0.041270162396424115,0.016666666666666666,1.1372305848631423,0.008529495551901856,0.0010096009422131604,8.448383113831321,0.44690526813933623,0.05,1.7394662357380206,6
35,CognitiveStress,240.0,0.0455972068121009,0.5,1.8117259429785164,0.043467724701684675,0.005417923109127035,0.12464243634351198,2.8303930372388613e-05,0.016666666666666666,2.8342229028851578,1.3603622247215796e-05,4.048779361830313e-06,7.758515834489788e-07,0.19162604679407455,0.00026497946016150285,0.5625,2.567109130940314,0.018948097508928452,0.016666666666666666,1.4166003521409116,0.004173735436498251,0.0009253965505186574,4.510212874857806,0.30051446137551036,0.03333333333333333,2.209292231305383,6
36,CognitiveStress,270.0,0.05266724802102757,0.5,1.7413441492000237,0.04913034685762315,0.0046249376840958,0.09413606823291105,0.0001813006794075598,0.016666666666666666,1.3870818687501079,0.00014452837044388715,1.2184434088451601e-05,4.985548205643175e-06,0.40917355450824544,0.00035959698675378903,0.125,2.5664956386861584,0.02622926938022268,0.016666666666666666,0.9621317001470416,0.0014855891897438123,0.0007024881762462097,2.1147533011618114,0.8398117228376438,0.016666666666666666,1.4823744435970982,6
37,Relax,0.0,1.8186865575177489,0.625,2.243377546550733,1.7036172799456528,0.23272009580893405,0.1366035074593503,0.0018479772725486232,0.016666666666666666,3.222853642863281,0.000495138177012706,0.0005058673803431119,0.0002194063825037294,0.43372312789750117,8.392240673771798e-05,0.0625,2.7329002366897526,0.08257639582129685,0.016666666666666666,1.5120155584385941,0.017603876680634723,0.001234189039571285,14.263517270214706,2.754892256215774,0.016666666666666666,1.0902570474169846,6
38,Relax,30.0,1.6088051862808308,0.75,1.4656877913245618,1.7762115112913064,0.062101249050899976,0.03496275564938341,2.6247253742559555e-05,0.016666666666666666,3.112677861809215,9.433946713818592e-06,3.984252763268484e-06,2.416822305169924e-06,0.6065936196244945,0.0001274818675913303,0.125,2.6990356077519273,0.09128128677581118,0.03333333333333333,1.3420138870177936,0.023591119619537772,0.0008940875688131651,26.38569245611281,0.3342274395896858,0.016666666666666666,1.693532001096367,6
39,Relax,60.0,0.0009335790316551843,3.6875,4.070921776468446,0.00019122813097972703,0.0007548289916526469,3.947269618676918,0.00010109968381895993,0.016666666666666666,2.4109673054025897,6.092557949377629e-05,7.950681191894973e-06,5.82041420353402e-06,0.7320648461502173,0.00010962795313856878,0.125,2.697109482037705,0.009505455352610125,0.03333333333333333,1.8165770093502942,0.002719936262672936,0.0004781497841971349,5.688460713707113,0.2652331881491084,0.03333333333333333,1.7715977514525953,6
40,Relax,90.0,0.000983171679280898,0.5,3.117209632947833,0.0006718599641219335,0.00033943151579312984,0.5052117017223066,0.00010910887284765128,0.016666666666666666,1.4924045106792196,8.924250525252879e-05,1.9557073640366217e-06,5.738662672179614e-07,0.29343156229339407,1.4930227989472617e-05,0.125,2.7932698682463517,0.04381690381617552,0.016666666666666666,1.206634714194063,0.003910751549378239,0.0008767933242648856,4.460288920033762,0.15302730373029844,0.03333333333333333,2.601517360934695,6
41,Relax,120.0,0.002627631875598708,1.0,2.665956790676603,0.0018768389956849139,0.0008070698726342015,0.43001550718508913,0.00014006483110744162,0.016666666666666666,1.6563317728409532,9.986970562766345e-05,7.806446358295971e-06,7.26038163884811e-06,0.9300495136474545,0.00018627697035409257,0.125,2.7083338343462255,0.02253617701560746,0.016666666666666666,1.4712813231986472,0.004764878338602925,0.0006560023695783891,7.263507815780146,0.03235734498883187,0.016666666666666666,1.3366441645531575,6
42,Relax,150.0,0.0024043070170368815,1.0,3.501983307813129,0.0011708219469475554,0.0012905954924431866,1.1022986849605034,0.0005288922533095207,0.016666666666666666,0.8100582482477771,0.0004475090547359553,5.878036700556634e-05,1.7369804444594921e-06,0.029550350447709945,5.0139629480580077e-05,0.0625,2.549201925456861,0.005753031793414388,0.016666666666666666,1.894261487664061,0.0020356974694465063,0.0003726295135268154,5.463060212754759,0.2769336794854076,0.016666666666666666,1.40282963545223,6
43,Relax,180.0,0.0006570816324553673,1.125,3.448088421361653,0.00036040472770496485,0.0003331660487483172,0.9244219710154695,0.0001772624733868615,0.016666666666666666,1.0627163434324938,0.00015679554493778166,8.592602098089853e-06,9.609805276807743e-07,0.11183812734612739,0.0005412817674586934,0.125,2.65188112482811,0.026275115945143243,0.05,2.0061656957606275,0.018583161479206595,0.0015252325733037125,12.183821539396284,0.16334788825702237,0.016666666666666666,2.386053392901528,6
44,Relax,210.0,0.0003036213439100043,1.5625,3.909196946223071,0.00010277331955674691,0.00020255721056333057,1.9709124064197165,1.876348411763948e-06,0.016666666666666666,3.8437562043427835,1.0813107302027149e-07,1.6258532040741207e-07,2.442407511116916e-07,1.5022312623283853,0.0009577953953116563,0.125,2.642652492662653,0.04059811098068054,0.016666666666666666,1.3041592302896052,0.010680645031709086,0.0007291022621141547,14.649035652061698,0.15237245906168895,0.016666666666666666,2.9340821349913218,6
45,EmotionalStress,0.0,1.4346356077674587,0.625,2.547158387819821,1.260529957375111,0.2297168595358674,0.18223831825006584,0.0022928338098684754,0.016666666666666666,3.6778641340477165,0.00030241374941434955,0.0004581717978478833,0.0005113344289055118,1.1160320895073488,0.0006468303671577941,0.4375,2.5979302002735487,0.031812783767170394,0.016666666666666666,0.9879375307344126,0.0028606331232336694,0.000393951085688543,7.2613916477318226,0.16452607781165213,0.08333333333333333,2.845134636294497,6
46,EmotionalStress,30.0,0.9569673181334869,0.5,2.412117558446915,0.7940939609221017,0.19315579915980288,0.24324048370234477,0.00025039410994697516,0.05,3.3694477264808484,2.994149439577303e-05,9.068531156807985e-05,5.502713480556258e-05,0.6067921458730642,0.00021023717493891513,0.4375,2.7036440219903284,0.12083077370523707,0.016666666666666666,1.0332114832119088,0.009935461429264016,0.0009550844273160775,10.402704876242272,0.22525736336815025,0.016666666666666666,2.160037653909569,6
47,EmotionalStress,60.0,0.7371763588721882,0.8125,2.130292339165945,0.7368828597136075,0.11683589623572153,0.15855423246122224,0.00010113007438760656,0.016666666666666666,3.4045546735642507,2.2071071892686136e-05,2.568159351112348e-05,1.0638827663255286e-05,0.41425886048104005,0.00014267142576797549,0.25,2.711581769951414,0.023765104231000245,0.03333333333333333,1.8778982177100803,0.010430646277003009,0.0016300364517670193,6.399026393364275,0.005698956361243678,0.016666666666666666,0.5760426740994335,6
48,EmotionalStress,90.0,0.2498098639665392,0.5,1.964946422144005,0.24400985910022316,0.03234380780002134,0.13255123345953262,2.9097378989940994e-06,0.43333333333333335,3.866212605338708,2.1784627641843817e-07,2.5027490510326166e-07,3.142231299427282e-07,1.25551193322032,0.0008002526076037522,0.3125,2.662800136809836,0.04633769853133627,0.016666666666666666,1.0487021154606186,0.004078679531873129,0.0003730870175331838,10.932247277970092,0.2281894955761107,0.016666666666666666,1.558064617568287,6
49,EmotionalStress,120.0,9.146651113034926e-05,1.625,4.083954607023745,1.1457357688240923e-05,7.922770672385928e-05,6.915006834880732,0.00035368236918200833,0.016666666666666666,1.5702664362691399,0.00028424233888468115,1.1611999259191574e-05,4.866537985698031e-06,0.4190956162734753,0.0012109927006750633,0.8125,2.743146024195798,0.010036139013107612,0.016666666666666666,1.7370216056188794,0.0022308088621820826,0.000949943287655199,2.348360045459682,0.1856591621057721,0.016666666666666666,1.5139196401619932,6
50,EmotionalStress,150.0,0.0001326274243123227,3.6875,4.087442205695523,1.762169970956306e-05,0.00011451166524003559,6.498332574461682,7.866569967227116e-05,0.016666666666666666,1.817799896750901,5.786507359235334e-05,3.7060099208327098e-06,1.1957474553700976e-06,0.3226509051280206,0.0011699971681375192,0.5,2.7155905404514438,0.002269161843037135,0.03333333333333333,2.641424850124876,0.0005891265791617807,0.0005501235553855546,1.0708986615722913,0.1379785368858751,0.03333333333333333,2.6198645334695017,6
51,EmotionalStress,180.0,0.00017298711207843555,2.3125,4.080475441918612,1.8398787338914943e-05,0.00015290881039310093,8.310809162388994,0.00016208299949987384,0.016666666666666666,1.9035771151759826,0.00011283760683255853,5.065972274367238e-06,2.8168304868441375e-06,0.5560295900348116,0.0013334292955856158,0.375,2.590219692114109,0.009415530936806577,0.016666666666666666,1.1178714452775576,0.00034928153783868126,0.0004082829263570614,0.8554889643688386,8.363447239864985e-05,0.016666666666666666,0.0,6
52,EmotionalStress,210.0,0.00016680833952646375,2.6875,4.056553461040173,2.7051080489266445e-05,0.00014022003556433268,5.183528089385205,0.0001837708270865937,0.016666666666666666,1.8999506033895688,0.00013112497014006893,1.8368910106571338e-06,1.1773178916838002e-05,6.409296386412298,0.0009273856282663085,0.4375,2.6970011471164357,0.007095283921835803,0.03333333333333333,1.5796107835360536,0.00235709734207694,0.0005820919058245721,4.049355983979805,4.108650548026102e-33,0.016666666666666666,0.0,6
53,EmotionalStress,240.0,0.00028701030539641923,2.5625,3.8757725806904735,9.341787336159655e-05,0.00020514462051744012,2.1959889808599913,0.00019714277789169166,0.016666666666666666,1.5480612767115909,0.00015746789409966535,1.386599042731532e-06,2.5048794320848594e-06,1.8064915342436483,0.001385177489632473,0.1875,2.722475313364725,0.12476616702794474,0.05,1.7498187960556177,0.06756442191478715,0.0015522302152047875,43.52732040193748,4.108650548026102e-33,0.016666666666666666,0.0,6
54,EmotionalStress,270.0,0.00023088881666776464,2.5625,4.093966788952401,3.0305833429484096e-05,0.000200292076758862,6.609027177058288,4.718065287879361e-05,0.016666666666666666,3.0559320617390417,1.8847826726484543e-05,2.695630549040963e-06,3.090714998055908e-06,1.1465647616864654,0.0014174654565360732,0.4375,2.729175458885001,0.049901326166871984,0.016666666666666666,0.9448205355565533,0.007554528451691896,0.0004325537234962471,17.464948378273387,4.108650548026102e-33,0.016666666666666666,0.0,6
55,Relax,0.0,0.14506218486691888,0.5,2.324774189500883,0.12895277337251781,0.016546916087479636,0.12831764416325525,0.00042064601031311787,0.016666666666666666,1.1866133629713862,0.0003605064788973298,3.276859926466632e-05,1.5586794600483646e-06,0.04756625229718181,0.0004031656689944342,0.125,2.5918340209860684,0.1432789806269454,0.016666666666666666,1.2783855688172066,0.025443535847721507,0.001530269903600479,16.62682889329324,0.037898071574557074,0.016666666666666666,2.4629121417065787,6
56,Relax,30.0,0.03834260508653402,1.375,2.735881351396511,0.0308949799678068,0.010255409207473998,0.3319441934631563,0.00044488495492071996,0.016666666666666666,1.5755395565630577,0.00034679345493942047,6.03006733045846e-05,6.006423303584383e-06,0.09960789779651964,0.0003903397220566148,0.125,2.662823788919293,0.02046939917936419,0.016666666666666666,1.833042169488953,0.007145238017735437,0.0008347592340854119,8.559639385797249,0.40818443579382213,0.016666666666666666,1.7129169548226573,6
57,Relax,60.0,0.15120591654641583,0.5,1.4610306946434215,0.13782142737198097,0.014554515493819871,0.10560415583664748,0.008980125892565726,0.016666666666666666,0.5432611749000157,0.008759455128877826,6.095839199249449e-05,9.160647591800538e-05,1.502770544362201,0.0001537774850353058,0.0625,2.792550575478744,0.023814311404661573,0.016666666666666666,1.1447061967262766,0.00233502179881524,0.0005131653626389104,4.550232671214564,0.033126055350467414,0.016666666666666666,1.0186385271079352,6
58,Relax,90.0,0.0009884281706587616,0.5,3.952453029351431,0.00024719512081341723,0.0007394398015681521,2.99132037531712,0.0011203336185383324,0.016666666666666666,0.8168089065197142,0.0010312663630864716,5.556860424847436e-05,3.5739273654970472e-06,0.06431558636089316,0.0002336505835301828,0.125,2.729469181572359,0.013499673769975604,0.03333333333333333,1.4178474652088728,0.0018983044228453167,0.0006392309707237422,2.969669039496071,4.108650548026102e-33,0.016666666666666666,0.0,6
59,Relax,120.0,0.00018398816442296694,0.5,3.789649440501662,7.761134103134062e-05,0.00011067268469224096,1.4259859863463726,0.000168586210173643,0.016666666666666666,2.3829382125707257,0.00010847383578606659,6.494205784919616e-06,7.1046639038674904e-06,1.0940004273294568,0.0006668451011521341,0.0625,2.758486896425206,0.0047032101970204574,0.016666666666666666,1.6842749836482247,0.0007827997614295668,0.0002806578350148316,2.7891605498496026,0.019421802639463304,0.03333333333333333,3.39574060364571,6
60,Relax,150.0,0.00013195260440154418,1.5,4.089787867707184,1.550393553974801e-05,0.00011569426423036367,7.462251370547435,0.0004765411838377741,0.016666666666666666,1.7682093815487014,0.00037031882478299067,4.919949223474796e-05,7.470296246222813e-06,0.1518368565793204,0.0007134608125429101,0.0625,2.696304617327966,0.004185805290315332,0.016666666666666666,1.5554853202925947,0.0007732408037909954,0.000243308115890021,3.1780312833481976,0.003637819728800102,0.016666666666666666,3.3740831981981714,6
61,Relax,180.0,0.0007549411966406353,0.6875,3.938948044140793,0.00013692566196823634,0.0006354605504342835,4.640916401643514,0.00027779947279455347,0.016666666666666666,2.7919744810665565,0.00015139178517438166,1.4487854221343717e-05,3.098032461998018e-05,2.138365291827655,0.0001684121979493661,0.125,2.708202165991402,0.03271954298262046,0.016666666666666666,0.9099313111996536,0.0030780096817096324,0.0009871785266035663,3.1179868673801767,4.108650548026102e-33,0.016666666666666666,0.0,6
62,Relax,210.0,0.004906082966969793,0.6875,4.09612656758996,0.0008937501408808715,0.004036220766381706,4.516050495280085,0.0002095614517132828,0.016666666666666666,3.247339431827321,6.209094793585501e-05,8.175643490792399e-06,1.4437921653725152e-05,1.7659676171038374,0.0003771236433079782,0.0625,2.691458547335002,0.035858759563942855,0.016666666666666666,1.5408194638634227,0.008580406258911556,0.0009810914291395294,8.745776391540836,4.108650548026102e-33,0.016666666666666666,0.0,6
63,Relax,240.0,0.0017785704339319747,1.0625,4.06918347788841,0.0003202758214276931,0.0014579289041322864,4.552104175810959,0.00028044600852730734,0.016666666666666666,2.916292671387858,0.00012665855096451601,3.2457196909116275e-05,7.054122145336112e-06,0.21733614782226668,0.0006993133508762558,0.25,2.740061649638538,0.027237483438193277,0.03333333333333333,2.034886278516561,0.014485061942091133,0.0018929690130763232,7.652033309594965,0.06546035129284981,0.48333333333333334,3.1045991283344523,6
0,Relax,0.0,0.0005599652819360365,0.5625,3.695242366073204,0.0002549897596793139,0.0003348125970391812,1.3130433059753301,0.00016199216301397408,0.016666666666666666,0.22704109614845316,0.00016123759408988615,5.623391274638805e-07,4.5368496998583816e-08,0.08067817938117398,0.002197805794988448,0.0625,1.079617413295625,0.16482344960940837,0.016666666666666666,0.6845494164665498,0.004034344738999491,0.0007976031329828649,5.0580853712446014,0.4785029820944684,0.016666666666666666,1.8920449684366594,7
1,Relax,30.0,6.547319449022934e-05,1.625,4.077074135778538,9.162200936311284e-06,5.5851932123182627e-05,6.095907796764464,8.082284231538695e-05,0.016666666666666666,0.24306557603940634,8.023008957126448e-05,4.2371703090850415e-07,3.00235556849163e-08,0.07085756175658531,0.002741948371917919,0.0625,1.2245001352111948,0.012358865864799949,0.03333333333333333,1.82108146582586,0.005969965931145511,0.0006241874627391352,9.564379753715945,0.020883323362970954,0.016666666666666666,2.344022613757225,7
2,Relax,60.0,9.795365027459723e-05,2.6875,4.065830961972799,1.5321159568921286e-05,8.244707013100789e-05,5.381255234639705,3.795157571183612e-05,0.016666666666666666,0.2519039284027281,3.7569787420974594e-05,2.3662241522595484e-07,3.538860964449503e-08,0.14955730043876797,0.0011718420131746547,0.0625,1.4733597434682602,0.006933089214916608,0.03333333333333333,2.002868456098052,0.0030891557411179605,0.00039583625469887126,7.804125328206753,1.643460219210441e-32,0.016666666666666666,0.0,7
3,Relax,90.0,0.00012562674616144274,1.625,4.045564032637057,2.1839896031374226e-05,0.00010278714449090305,4.706393489384912,2.228146325241423e-05,0.016666666666666666,0.3179813485924651,2.2007383054855923e-05,1.6646384229694234e-07,5.514481459024049e-08,0.33127202778289716,0.0012221401470758919,0.0625,1.4237382688782054,0.007515380443818006,0.05,1.815061000652805,0.003659707865529211,0.0003410691382473263,10.73010558602747,0.03509465910162359,0.06666666666666667,3.3944566461102115,7
4,Relax,120.0,0.00027787021744891385,1.25,3.7395286605394684,0.00012818718639449937,0.00015830664462908648,1.2349646566224934,1.4033142324147338e-05,0.016666666666666666,0.3903740225746011,1.378295591969742e-05,1.6150027608644914e-07,5.469724304747856e-08,0.33868204050747125,0.0012490768207973951,0.0625,1.8001433548077743,0.012086889161744895,0.03333333333333333,1.7991851758154473,0.00440580951510015,0.0004308203615442113,10.226558232550067,0.32104182450805946,0.03333333333333333,1.766901486632078,7
5,Relax,150.0,8.442215606794708e-05,0.625,3.963639875900194,2.138327289080833e-05,6.289278706835463e-05,2.941214256092167,5.166521657574326e-06,0.016666666666666666,0.8582280423496595,4.6980936960328504e-06,3.827611748964412e-07,5.12681178131237e-08,0.13394283740244725,0.0009008407785637211,0.0625,1.569290730094548,0.013708120896975626,0.016666666666666666,1.7539496607721508,0.004247518656432506,0.0006440961633371011,6.594541154267796,0.31549132844183025,0.016666666666666666,2.259345655499299,7
6,Relax,180.0,0.0001903165088845617,0.5,4.042970406306855,3.1475183626374624e-05,0.00015694729957216747,4.986382333307613,1.3778995398142823e-06,0.016666666666666666,2.2499113283097443,6.958628577564165e-07,5.378762895694024e-07,5.887030344011202e-08,0.10944952321144463,0.0010276416751842498,0.0625,1.3492283135564693,0.028783591821424252,0.03333333333333333,1.753554494933597,0.01099904227913378,0.0010024741617661822,10.971896033465255,0.4405567867624348,0.016666666666666666,1.8827060372555238,7
7,Relax,210.0,0.00019232997207007502,0.5,3.986478392248053,4.328963461175723e-05,0.00014774133145494168,3.4128569755776117,2.4170798237254245e-07,0.016666666666666666,1.9712567014626634,1.6614492127273705e-07,2.849457507060103e-08,9.792498934903221e-09,0.3436618693432114,0.0014741987695280603,0.0625,1.4395451377919648,0.02244299764923707,0.03333333333333333,1.5989352517140707,0.006124483831778114,0.00039193283580444215,15.626360621731555,0.9009559054509427,0.03333333333333333,1.6171515643726975,7
8,Relax,240.0,0.00012299682603168126,0.8125,3.954948277096708,2.9145943589785473e-05,9.296988783537362e-05,3.18980538574692,5.409681666468541e-07,0.016666666666666666,0.9719117439608861,4.861600729062252e-07,3.484598629961486e-08,2.533745517202221e-09,0.0727126933764026,0.0004891682334201574,0.0625,2.05150941611381,0.007368734295542566,0.016666666666666666,1.676918006616406,0.0013914163094458317,0.0004108639609207184,3.3865620784255737,0.0010123066331506395,0.016666666666666666,0.056604546557128675,7
9,PhysicalStress,0.0,0.011069894169891919,1.3125,1.6691665946402772,0.014552883771792514,0.0018165286353301877,0.12482258937923486,0.0002825270194738182,0.016666666666666666,1.7100810785301659,0.00017983174312078925,9.184989097806346e-05,8.672750908995033e-06,0.09442309420994685,0.0004241527722071497,0.0625,2.259495911931784,0.052714716568942964,0.05,1.7573250835342344,0.027743386358540977,0.0014102944454402935,19.67205249105232,0.36850797340090263,0.016666666666666666,2.27768020640739,7
10,PhysicalStress,30.0,0.12482002615251288,1.0,2.927555929578126,0.07779159215911255,0.049718530464187026,0.6391247316611577,0.00023122658383760474,0.016666666666666666,2.112912218302248,0.00012908155036425004,7.76777836969071e-05,1.766417275739485e-05,0.2274031507685535,0.0004315338128219687,0.0625,2.293431216359969,0.14780943114651623,0.03333333333333333,1.567624580749716,0.04545234352705473,0.0013214534630362777,34.39572016605093,0.48762174425548716,0.016666666666666666,0.9395750451137174,7
11,PhysicalStress,60.0,0.3034749064147361,0.5625,2.476472133092514,0.26601933885878154,0.08757157508387325,0.3291925145726391,0.0004951332602764463,0.03333333333333333,1.9811492986866233,0.0002712381869750982,0.0001925228432630665,2.4539940859550842e-05,0.12746508644700955,0.00044640181468623625,0.0625,2.317202100851273,0.1207312815379672,0.016666666666666666,1.1727526253588332,0.013027039397245787,0.0021844873485715325,5.963430919279233,0.516494865004099,0.016666666666666666,1.8730361416185908,7
12,PhysicalStress,90.0,0.023341504001302683,1.0625,3.736305901428656,0.0047539012985514575,0.01882168829111875,3.959208891622094,0.0021168504360530326,0.03333333333333333,1.840068361959267,0.0012413207611190098,0.0008076373007118556,5.394790280931074e-05,0.06679719072133095,0.000323529763245316,0.25,2.590795744257899,0.014901760217621858,0.03333333333333333,2.0477542492698966,0.005697871762005201,0.0013029010856390516,4.373218984010968,1.0188203072437996,0.016666666666666666,1.6306301446955802,7
13,PhysicalStress,120.0,0.02296420237812756,1.0625,3.864632787285871,0.002341335372508935,0.020357909879157587,8.694999493960747,0.00013250401641505568,0.016666666666666666,0.169874615475188,0.00013147229652768117,7.358858521453624e-07,5.9256637146854164e-08,0.08052422393242174,1.7355248501123663e-05,0.125,2.788858987809714,0.06453491008491226,0.016666666666666666,1.542022119882387,0.014639377424317954,0.003263613143199585,4.485635025346719,1.0464686257738682,0.03333333333333333,1.8643466188859046,7
14,PhysicalStress,150.0,0.02143482462019137,1.0625,3.9124710401460323,0.004257667054439794,0.01711472943350337,4.019743492074266,6.814897217445379e-05,0.016666666666666666,0.2682889042863834,6.679702793311649e-05,1.044549200002848e-06,9.802985781519116e-08,0.09384896165247542,0.00034690379742077955,0.3125,2.659048830239553,0.011836767932805952,0.03333333333333333,2.0706811696502894,0.006612362952525062,0.0006664584576346168,9.921643092344496,0.5757525282041991,0.05,2.4394607710710314,7
15,PhysicalStress,180.0,0.03567750951261802,2.0625,3.856250767794724,0.006152105800078784,0.029384640650277852,4.776354894595856,0.006203616778246015,0.016666666666666666,1.1915985268209968,0.005229207684346798,0.000904087541046621,6.252538792973192e-05,0.06915855499717331,0.00041941562984804126,0.3125,2.666961548935607,0.04674573099623406,0.03333333333333333,1.7525510435730032,0.016044893374865865,0.002052949457229771,7.815532583309031,0.7712598176297241,0.016666666666666666,1.9306157520955016,7
16,PhysicalStress,210.0,0.06970863828158715,2.0625,3.8325094264358133,0.01057388208266323,0.0585703782517815,5.539155609443816,0.01594327291507039,0.016666666666666666,1.1289730407149694,0.013089698952609155,0.002592161760911738,0.00017349987130672634,0.06693250163743694,0.00018487413471982318,0.125,2.7478732167226942,0.5142642374717257,0.016666666666666666,1.1440808347286433,0.10313491648080945,0.003185047088319574,32.38097071124411,0.3320946379185276,0.06666666666666667,2.07341403815946,7
17,PhysicalStress,240.0,0.08831453338914812,2.0625,3.77993548960208,0.01674013223004838,0.07160487789811244,4.277438010291362,0.014065820932488178,0.016666666666666666,1.206983274184639,0.01123462637130851,0.0005317200377910098,0.001987090592396588,3.7370993213868786,0.000382040674983594,0.5625,2.703195195491971,0.1520354283885919,0.016666666666666666,0.34569354199316105,0.004126591380486535,0.0008100638878760067,5.094155463844324,0.09575236469459208,0.016666666666666666,1.7707539022408618,7
18,Relax,0.0,5.3575382461317636e-05,0.75,3.9513819500494805,1.1547344053390715e-05,4.180184044045949e-05,3.6200394001584257,0.0071754236328556206,0.016666666666666666,2.2506003348487003,0.003722582055117606,0.0021014109925816204,0.0007128852267747896,0.3392412190149427,0.00012845836828041714,0.0625,2.7283822611654687,0.1143900857105691,0.016666666666666666,0.569437772618219,0.0069586328745282035,0.0012161746353817544,5.721738204434682,0.09404693123928161,0.016666666666666666,2.0168459718618017,7
19,Relax,30.0,4.50400821724594e-05,0.6875,4.012201403989017,1.1216986240462807e-05,3.3750046398995256e-05,3.0088337166046792,0.00299589789956053,0.016666666666666666,2.439683807957451,0.0012574753970279514,0.001034308174208041,0.00047181817403432085,0.4561678867089947,0.0005178911419732409,0.1875,2.7546297608308126,0.02220872418398469,0.016666666666666666,1.5318298476233445,0.005636215734516072,0.0012412342660428144,4.540815451771986,0.19732367395463266,0.016666666666666666,2.665046818390069,7
20,Relax,60.0,0.00010734787822438135,0.5,3.8531844561419994,3.355382305179962e-05,7.284667732620051e-05,2.1710395627270693,0.0018831779942990055,0.016666666666666666,2.387464451858099,0.0006468874911031129,0.0007234625444750992,0.00031722701920407394,0.4384843716190376,0.000537751737289361,0.1875,2.731634289694301,0.04262082783351409,0.016666666666666666,1.179595225440167,0.0038598027885364174,0.0010322728737344568,3.7391303082224727,0.00043671329646520257,0.016666666666666666,0.009668246317596964,7
21,Relax,90.0,0.00010009215515997531,2.25,4.00221738766872,2.257810810218869e-05,7.71019167247866e-05,3.4148971373430728,0.011555482976506798,0.016666666666666666,1.9228353245721816,0.007462187473553614,0.0019281350597768227,0.0015711495689070187,0.8148545201438719,0.00021777739976661025,0.0625,2.7328934353620307,0.14155106427043618,0.016666666666666666,1.4763441555038634,0.028575884928927927,0.0019008328653419392,15.033349564790608,0.15242448721475768,0.016666666666666666,2.401279870247563,7
22,Relax,120.0,0.00019169321536496533,0.5,3.9131984799864608,5.797891409262965e-05,0.00013348340229093526,2.3022749628886863,0.003518330878394257,0.016666666666666666,2.7621428117208344,0.0007731271188596016,0.0014152693238970258,0.0010270828795687025,0.7257154961435683,0.0003430226608191814,0.0625,2.700214853471751,0.11102676344062058,0.03333333333333333,1.7194825724175187,0.031609932405625714,0.005083985860024446,6.217549237140034,0.368718408341838,0.016666666666666666,1.3871306045748824,7
23,Relax,150.0,0.0002421711249988597,0.5,3.9674406351986544,6.448929863309822e-05,0.000177783843798675,2.756796050925416,0.002594028933853395,0.08333333333333333,2.415570251561971,0.0001797928991310982,0.0018288746312997777,0.0003599482589518335,0.19681406958771086,0.00034969911971372724,0.125,2.753295743307487,0.051369460427538156,0.016666666666666666,1.068661302012143,0.0038354244444588517,0.0005036006057856536,7.616004429691482,0.2442080642188644,0.016666666666666666,2.5335913102097027,7
24,Relax,180.0,0.00029465087776718406,0.625,3.942528832498937,8.630591777607384e-05,0.00020889696375815577,2.420424568106119,0.0007809775172060439,0.05,2.6163059615694952,0.00014791917617381142,0.00047900605865000204,0.00010005107241778932,0.20887224829632933,0.0006269994191947737,0.0625,2.604020838523728,0.14686771015088093,0.016666666666666666,0.7429648333375201,0.0061077436039688165,0.00117247840546446,5.209258930060485,0.0,0.016666666666666666,0.0,7
25,Relax,210.0,0.00024895708625124,0.5,3.986478291622734,4.61948666791343e-05,0.00020222321911540563,4.377612355070343,0.0009033902292737413,0.016666666666666666,1.5538296320810752,0.0006809739517121216,0.0001527460017234714,4.1043857467875966e-05,0.2687065913658481,0.0010397277493735695,0.0625,2.6191980291138117,0.051499197058536235,0.016666666666666666,1.6555346490900504,0.011743736473448571,0.004129039060888162,2.844181491206934,0.4074426147057242,0.016666666666666666,1.8721318391897395,7
26,Relax,240.0,0.00020779175143256705,3.6875,4.0286874857622745,2.512797411506974e-05,0.0001828416603211531,7.27641868317189,0.0017394025564246808,0.016666666666666666,0.5575672098535681,0.0016798482293292757,3.17349305274713e-05,1.6168182652461246e-05,0.5094759113609932,0.00027781022538384546,0.5625,2.710271349478057,0.012113443201672281,0.016666666666666666,1.3122987417282894,0.0017958701562722237,0.000856182195361715,2.0975327050727963,0.3983515029499626,0.016666666666666666,1.405144610087225,7
27,CognitiveStress,0.0,0.00020706824202556417,0.5,3.4398794816639744,9.52754796453398e-05,0.00011745832525908086,1.2328284853176918,0.005265778876435726,0.016666666666666666,1.2694189606149324,0.0044246987347158475,0.0004563268492585549,0.000204056111458676,0.44717095167691473,0.0005775370733748857,0.375,2.713551500628365,0.020472320064793884,0.016666666666666666,1.6600197201533782,0.008790417769741791,0.0011579334423397825,7.5914706738060875,0.2713678444238278,0.016666666666666666,1.8617061922026255,7
28,CognitiveStress,30.0,0.005915932301802411,0.5,2.0421402630740286,0.006025350369702884,0.0004988049741057935,0.08278439318880472,0.005095449468800363,0.03333333333333333,2.5474107113149578,0.0016053641523432703,0.002289622979383088,0.00045270063122297547,0.19771841709282215,0.0007340394314874303,0.5,2.7213305609506464,0.01020270714902966,0.016666666666666666,2.2330469232334913,0.004899475817806264,0.0010352219162593694,4.7327782969566945,0.031046446611579525,0.016666666666666666,2.1805301834305313,7
29,CognitiveStress,60.0,0.004013020481775374,0.5,2.2246257659653077,0.004096514532921791,0.00043326803252247625,0.10576504221833016,0.008984675846488323,0.016666666666666666,1.809160426569359,0.006096128479902346,0.001954204362831721,0.00043082096421066606,0.22045850086343532,0.0009570497443626274,0.5625,2.7382813717632466,0.04698460623610694,0.016666666666666666,1.5623746926450048,0.008973483363857521,0.001572835416444325,5.7052907570861295,0.8716545376557269,0.03333333333333333,1.6779737185174615,7
30,CognitiveStress,90.0,0.019781149035442744,0.5,2.260846321047268,0.016734802997812933,0.0035575756206098126,0.21258544968080897,0.00706379419838886,0.016666666666666666,1.017544553349527,0.005740156333597055,0.0008869483780263594,0.00016079830475114004,0.18129387091157323,0.0008661876049195199,0.125,2.7368621703645593,0.03560636992834815,0.016666666666666666,1.7848588088814903,0.012930351666070393,0.0010213944180189778,12.659508841989915,0.2880410787331433,0.016666666666666666,1.9499656447719635,7
31,CognitiveStress,120.0,0.05453277254127761,0.5,2.5796294896599172,0.04659202747247525,0.009406448282911657,0.2018896535135463,0.029824825106900345,0.016666666666666666,1.430734048617296,0.02380809314273782,0.0052704681344467475,0.00041443532535344996,0.07863349417574159,0.0007186641665277469,0.75,2.715729034640961,0.014935371747652621,0.05,1.9746561267439449,0.010632742463760007,0.0006812500358202842,15.60769453899149,0.5372745061676043,0.05,1.8663315075150644,7
32,CognitiveStress,150.0,0.12392682438843082,0.5625,2.256058244760852,0.10526252480211441,0.026532043917389045,0.25205593317533737,0.02656503593325581,0.05,3.2083628454177764,0.0017401806623689841,0.013995814625137461,0.005592323836617988,0.3995711565494576,0.0006259353903463514,0.3125,2.650762545103736,0.0820742573124023,0.016666666666666666,1.3874355432772416,0.015645064975445384,0.0012757742343974079,12.26319246275975,0.30304719114447254,0.03333333333333333,2.233411474921372,7
33,CognitiveStress,180.0,0.08076576635344691,0.5625,2.441309418856716,0.07291963002054327,0.02254718436986896,0.3092059622836383,0.0041790903456292265,0.03333333333333333,2.516476584472294,0.0013994827948353482,0.001668679616525452,0.0005225728661876986,0.3131654878578832,0.00014149747757372783,0.0625,2.6721953925341726,0.10763843660593436,0.03333333333333333,1.5265741498486425,0.033254846128663425,0.0011933314971307827,27.867232373083734,0.2712881361663983,0.016666666666666666,2.7633335724810335,7
34,CognitiveStress,210.0,0.03305689936067731,0.625,2.1529951299151286,0.030839428548956802,0.004545572039863622,0.14739482064810777,0.0013092286839468136,0.016666666666666666,2.591208109986291,0.0005103334624773826,0.0005323203844224391,0.00010781969907127028,0.20254662835850876,9.772246989278553e-05,0.1875,2.689577560348717,0.031104589280879818,0.016666666666666666,1.5199140294254472,0.004957471872840765,0.0017781325594389316,2.7880215378346347,0.231456951432618,0.05,2.2145445510642316,7
35,CognitiveStress,240.0,0.009115246898791056,0.5,2.896872694889522,0.007202794796005412,0.002417455015632026,0.33562736189190323,0.001565003569717452,0.016666666666666666,1.484316472791024,0.0012010748888229,0.0002080979023255326,6.087500986874765e-05,0.29253062711568995,8.874046705689725e-05,0.1875,2.707573864656542,0.03755958830464038,0.016666666666666666,1.490038142979052,0.008634075728568493,0.0008717238183628004,9.904599996802084,0.26529686154020987,0.03333333333333333,1.9302226607553297,7
36,CognitiveStress,270.0,0.011316119289625722,0.5,3.125082758971385,0.00800371143813534,0.003743571264527459,0.4677294144676979,0.0018722250525903454,0.016666666666666666,1.9898616553701824,0.0010498555617705998,0.0005333045701159265,9.485935220084926e-05,0.17787087813672647,5.7809449820709406e-08,0.0625,0.10544509865118469,0.03771914027792207,0.016666666666666666,1.5728867919025988,0.007567389107927257,0.0009325306780836928,8.114895612311534,0.11687483190304712,0.03333333333333333,3.0072470763456653,7
37,Relax,0.0,0.6911177521962913,0.5625,1.6294756233439496,0.6742120192465894,0.045932735291307245,0.06812802794977703,0.00029668845747426,0.016666666666666666,1.238656443097019,0.00023291113265021685,3.714498295865714e-05,4.5681650886603496e-06,0.12298202138751223,0.0007201965213488237,0.5625,2.6821377939648237,0.09817897388333954,0.016666666666666666,1.6665723828191077,0.02851599691759228,0.0024886945052514193,11.458215083217482,1.486465982699583,0.016666666666666666,1.4107654551442623,7
38,Relax,30.0,0.0006246552867747968,0.75,2.7494964797109898,0.00045379430603160396,0.00019281692529181366,0.4248993932470919,0.0010556602514307691,0.016666666666666666,0.35141279655911023,0.0010255206885875275,1.79175437692008e-05,4.228323138035715e-06,0.23598787827737597,0.0005296310719478194,0.375,2.6938298101737894,0.02065099241518603,0.05,1.4868969695868897,0.010142086464185875,0.0006809418655741532,14.894203127948847,1.4769626921330798,0.05,1.6537149863699523,7
39,Relax,60.0,0.00019715984236619028,1.3125,3.8711168752995433,6.251478074481292e-05,0.0001426183719711812,2.281354429656458,0.0013429233477628936,0.016666666666666666,0.37489230044838323,0.0013109407745776837,1.0393478863155804e-05,9.469395672510156e-06,0.9110900976648482,0.00018806656190155862,0.375,2.683353395109629,0.02603022815606192,0.016666666666666666,0.7779799965727757,0.00035368851395271346,0.0006829303823223885,0.5178983438252553,0.28878078354610237,0.03333333333333333,1.5387730094956709,7
40,Relax,90.0,0.00012108275755847526,2.6875,4.056503490890476,2.107176714653085e-05,9.930367299668919e-05,4.712640962010538,0.0014593173261716046,0.016666666666666666,0.3388743489951622,0.0014353208026180822,7.66081755552411e-06,8.421255545240426e-06,1.0992632945772185,0.00039596978059982407,0.5625,2.7165967095417676,0.007045556368693265,0.08333333333333333,2.3069719716772186,0.004166186600221709,0.0004691706766611224,8.879895542216307,0.020271843118688834,0.016666666666666666,0.9896382227864908,7
41,Relax,120.0,0.00017718046900601104,1.375,4.045557715696252,2.331649565033898e-05,0.00015212298424310483,6.5242644745756735,0.0012893077335184352,0.016666666666666666,0.2971566941302452,0.0012660669115057794,8.37065948166848e-06,8.780339159910838e-06,1.048942341895468,0.0005645492195616776,0.25,2.7428723964392323,0.008687128643614223,0.016666666666666666,1.417095093491402,0.0013734415211758824,0.0006512403684633359,2.108962508599781,0.012649320250824062,0.016666666666666666,0.9836269673334715,7
42,Relax,150.0,6.318782384111257e-05,3.9375,4.0646789697287105,6.644490099609626e-06,5.5676408781016266e-05,8.37933504999689,0.0011314792108012138,0.016666666666666666,0.2869099701077894,0.0011116124102200598,9.047850434398894e-06,6.600728650942005e-06,0.7295355619326762,0.00014028346841716714,0.0625,2.704913647476685,0.031280384180873796,0.016666666666666666,1.8791005219775239,0.010662707603891127,0.0018309225015823616,5.8236804641791,0.3593677206757677,0.016666666666666666,1.390089920994115,7
43,Relax,180.0,3.298617667536356e-05,3.9375,4.057185778780433,3.80304455515062e-06,2.9097924230435283e-05,7.6512183353273535,0.0011616555500046824,0.016666666666666666,0.2884036718219088,0.0011429548600902454,9.64456991388704e-06,5.023957737264834e-06,0.5209105001178881,0.000345479616182859,0.0625,2.6716558476315644,0.0025845881854118153,0.016666666666666666,2.6279696319923636,0.000719579923307906,0.001076572968854377,0.6683986539933646,0.03532706183889933,0.016666666666666666,1.185717994752793,7
44,Relax,210.0,0.00018196154326681268,1.3125,3.8262349941366356,7.399223587909166e-05,0.00010783049031800029,1.457321691078543,0.001019824963697152,0.016666666666666666,0.3374256221385098,0.0010049971017270449,5.782947619042932e-06,5.279019580619449e-06,0.9128596571125639,0.0005496137326949053,0.0625,2.674382094010358,0.005338842044521697,0.016666666666666666,2.415288101886094,0.0010960723653724448,0.0015101016160321047,0.72582689385662,0.039699508029157865,0.016666666666666666,1.7268897473214668,7
45,Relax,240.0,0.7292502007601658,0.5,1.4585932852955739,0.765235744599207,0.020853475079968042,0.027251046788058852,0.0009482152111715589,0.016666666666666666,0.6626462010627683,0.0008990302361185585,3.284504924584538e-05,7.409939017549341e-06,0.22560292000434848,0.00022834138868531328,0.25,2.5823895971474937,0.03684765236021008,0.05,1.62989053392379,0.02583181092826942,0.0007838823761391444,32.95368248422528,0.34851442271799593,0.03333333333333333,1.9787538215068885,7
46,EmotionalStress,0.0,0.46690272474300615,0.625,2.8842733589416536,0.31402974953729657,0.1688638151918924,0.5377319041928441,0.007605214719633046,0.016666666666666666,2.980510828884689,0.00256376669734519,0.0021141963998819583,0.0009232315225231883,0.43668200483868713,2.8034444597278172e-05,0.25,2.6011639003564726,0.40537707145243157,0.016666666666666666,1.4003168236294075,0.08227863776617295,0.00785106923958524,10.479927670402205,0.4444555962326061,0.016666666666666666,1.165576338232465,7
47,EmotionalStress,30.0,0.025339129184560327,0.5,2.196544974205782,0.02271776890036187,0.004060420440793652,0.1787332399850662,0.00136906763277263,0.016666666666666666,0.5019274493408666,0.0013163700007921856,3.108007124439262e-05,8.112082183776394e-06,0.26100590696811715,0.0001463069545368057,0.25,2.6994516919966993,0.3623796966355372,0.016666666666666666,0.8862347981518716,0.02724357692217688,0.0008343778636898277,32.651365895182025,0.2805449379157378,0.06666666666666667,2.384729958081663,7
48,EmotionalStress,60.0,0.0016587328102451414,0.5,3.39803728396666,0.0008381822106898382,0.000869461020661957,1.0373174347691962,0.0011453292357264215,0.016666666666666666,0.2383612503877218,0.001131360222355007,7.903078672445583e-06,9.775964223463396e-07,0.12369817673140099,0.00021049443475120333,0.25,2.7600230972872373,0.0948363429324679,0.016666666666666666,0.8124680907565338,0.003774311986405874,0.0005706381292791637,6.614195218909795,0.38949171361791995,0.03333333333333333,2.356982636975613,7
49,EmotionalStress,90.0,0.0006097147517571188,0.625,3.7746423005776464,0.000253218831259686,0.00037464849243703624,1.4795443552648706,0.0008047020313528883,0.016666666666666666,0.2861760612354582,0.0007931450799215723,7.549390455162586e-06,1.3864298355848662e-06,0.18364791751323023,3.803187863814979e-05,0.5,2.668101463011749,0.07204609437340913,0.016666666666666666,1.9860472598252443,0.022834186102780724,0.003692498069956528,6.183939888436977,0.018393915964435674,0.05,3.2331835375785474,7
50,EmotionalStress,120.0,0.0007763197620852461,0.6875,3.1845850672045497,0.0004871789334605111,0.000322597520947013,0.6621746114010932,0.0016887659837852658,0.016666666666666666,0.3855453257638191,0.0016628718358864109,1.3354381086542668e-05,4.182795168609448e-06,0.31321520192534336,0.00020929019972185865,0.375,2.7184542003013745,0.015342614348625841,0.016666666666666666,1.295010207052776,0.0029262591348701715,0.0004444462597216202,6.584056161712419,0.3206544956277184,0.03333333333333333,2.1348877412756577,7
51,EmotionalStress,150.0,0.0011016253973376614,0.6875,3.1660403984805146,0.0006724480650636743,0.0005330088863157615,0.792639482523146,0.0016444806595473764,0.016666666666666666,0.5227162836300557,0.001534863109169358,9.713349938717351e-05,7.4406815623795195e-06,0.07660263049641618,0.0004074743964288316,0.5625,2.777269189912273,0.007257031160051601,0.016666666666666666,1.7027774477075344,0.0026081993471574285,0.0005644155476691973,4.621062190664684,0.16798500881776368,0.016666666666666666,2.4820555795279646,7
52,EmotionalStress,180.0,0.002182175095862088,0.75,2.606857095663938,0.0017753596475162878,0.000690651784489873,0.3890207741603729,0.0005740361810116532,0.03333333333333333,2.3025707111128235,0.00019550010505952492,0.00028518036120071214,6.469948098016417e-05,0.22687214753412902,0.0005414534916195061,0.3125,2.744555535913583,0.019456369155083735,0.05,1.8282712905304974,0.012909002025558836,0.000823924019287142,15.667709307379688,0.2438260795790233,0.05,2.7489859050124257,7
53,EmotionalStress,210.0,0.010669792019654052,0.5625,2.6409425458964995,0.00897571306352882,0.0019304743675625316,0.2150775491483416,0.0011096502770926945,0.016666666666666666,2.238714054116656,0.0005194055293734591,0.00041882583982491084,0.0001364345049611367,0.3257547457391188,0.0001990957721984056,0.0625,2.543738901807446,0.038277209108753665,0.05,1.6743551715348948,0.02352381552832239,0.0008372227408088868,28.09743976327583,0.32003441820265643,0.05,1.9978727181565787,7
54,EmotionalStress,240.0,0.038865758527947464,0.5,2.3948185900694785,0.03245006263306924,0.008077733291768249,0.2489281263678174,0.00011739549229763131,0.03333333333333333,2.3699537452545636,5.972444041041358e-05,3.0970190859036356e-05,1.7397647559333947e-05,0.5617546123148199,0.0005265347519397848,0.5625,2.5073330445874813,0.1386232242552065,0.03333333333333333,1.3414681017641004,0.024240429528535147,0.0023087829117322393,10.499224247267136,0.6233551086519303,0.03333333333333333,1.5649265157337193,7
55,EmotionalStress,270.0,0.026533174581166823,0.5,2.3033352471907858,0.024914306790481275,0.006663585289436981,0.267460192469929,0.00014963708428886803,0.016666666666666666,1.8615906597670853,0.00010797002340677223,2.5371029156287148e-05,5.368569635562158e-06,0.21160235962409835,0.0006432182731073528,0.625,2.574964015771805,0.006602039772589591,0.016666666666666666,1.0824673124455897,0.0007434516201328432,0.00040145264023920286,1.851903675835492,0.22944362862245804,0.03333333333333333,2.226894288470415,7
56,Relax,0.0,0.008767911998309792,1.125,1.8500597090245967,0.011634876993047183,0.0014869842928621354,0.12780404070887327,0.0002378951981611158,0.016666666666666666,0.2896244831356354,0.00023530726192472597,8.198949841375934e-07,4.4675775181252404e-07,0.5448963104493757,0.0007903336559607989,0.5,2.771269829655343,0.045489754231813236,0.03333333333333333,1.5994346448383716,0.018176565855157707,0.0006520968403998581,27.874028409663893,4.699033088721182,0.016666666666666666,1.078871746957092,7
57,Relax,30.0,0.00031726390116175495,1.375,3.790970632932466,0.00010347967530718326,0.0002219827114788698,2.1451817549669134,0.00013382901543618285,0.016666666666666666,0.2801592147590017,0.00013142332559631085,1.2123222549169134e-06,2.884880043154675e-07,0.2379631349217779,0.00017941892502390967,0.625,2.763033140518176,0.11651372492130675,0.016666666666666666,1.15090652969724,0.016615887497900876,0.0008738710598214148,19.014118056840694,0.3541902626549264,0.016666666666666666,1.5875988087549229,7
58,Relax,60.0,0.00033730745850627853,3.0625,3.7182510903734576,7.475213260526242e-05,0.0002668903624223907,3.5703377699167085,0.00011264929539496169,0.016666666666666666,0.32532007086475556,0.00011021885982854244,1.0554420224078058e-06,4.795040031089865e-07,0.4543158154865601,0.00032476988509558415,0.125,2.5907748669319366,0.023219900104492697,0.016666666666666666,1.1492362251302743,0.0022424057142130757,0.00044109136600800923,5.083766963083922,0.5139207532200105,0.03333333333333333,1.8453375960231306,7
59,Relax,90.0,0.0004583147959382385,3.0625,3.658469916820647,8.519270607342075e-05,0.00037330652699387064,4.3819071397045155,9.665344216165858e-05,0.016666666666666666,0.3148601124249533,9.49013489696374e-05,9.752908459754115e-07,3.009859041502769e-07,0.30861143154609816,0.0007608031954954019,0.125,2.6963262296340758,0.12423059613316897,0.03333333333333333,1.2533098327636485,0.021040789066089083,0.0010601293141740162,19.847379734502198,0.2949602246312378,0.016666666666666666,2.1458136368945055,7
60,Relax,120.0,0.0003362197175347914,3.125,3.795790874001053,3.604115152714667e-05,0.0002998417112003454,8.31942650263271,8.197183651690213e-05,0.016666666666666666,0.42539713205649315,7.993495590512975e-05,6.688120213811067e-07,4.7265472935688737e-07,0.7067078853948354,0.00041709929224776737,0.1875,2.7352911071603905,0.010928741490181868,0.016666666666666666,0.8261531937933844,0.0008519070592977778,0.00031141075063838747,2.7356379237113067,0.33822141511897663,0.016666666666666666,1.7308528207832639,7
61,Relax,150.0,0.0006033232132701069,1.5625,3.717859355289622,0.00016519413790979582,0.00044794755908052653,2.711643189936486,5.580418455521115e-05,0.016666666666666666,0.3851889974767827,5.4061612907385675e-05,7.462670216543024e-07,5.210977622640135e-07,0.6982725313371876,0.00013814290498155205,0.8125,2.7458048492552196,0.02265127382903093,0.016666666666666666,1.7185306923865378,0.00988318225713807,0.0006850524821178737,14.426897960552923,0.28580596462832314,0.03333333333333333,1.7124615028253598,7
62,Relax,180.0,0.00015517088457904025,1.5,3.7721000323292744,3.7460249963607515e-05,0.00012414360698395855,3.314009039036407,9.0264358290858e-05,0.016666666666666666,0.4175959193877819,8.871559493523348e-05,7.127707113824222e-07,3.1549133369085176e-07,0.4426266801549054,9.034974280020693e-06,0.125,2.7976998613816813,0.02209123159455284,0.016666666666666666,1.5936957520335355,0.006768151081195455,0.0009706577919240911,6.972746870737271,0.18666961059148074,0.03333333333333333,2.2008173704787626,7
63,Relax,210.0,0.00017663568442769244,1.5,3.873077099804751,5.52107800386292e-05,0.0001223075567897322,2.2152839844711045,6.248584462632744e-05,0.016666666666666666,0.33003523697954146,6.124303177345763e-05,6.615345111654099e-07,1.9607813372775114e-07,0.296398948835375,0.00011968723458515685,0.1875,2.706909046443895,0.014351708645631048,0.016666666666666666,1.215470228505704,0.004433755585941186,0.0007158656956278542,6.1935578321748395,1.643460219210441e-32,0.016666666666666666,0.0,7
64,Relax,240.0,0.0001970026624305161,2.0,3.8440111491296847,6.511259713642238e-05,0.00013131010422863824,2.0166620593173454,4.453685446081056e-05,0.016666666666666666,0.4309297796120978,4.3178512721538714e-05,4.3988347595001844e-07,4.1243079438711456e-07,0.9375910142939237,6.331755425971891e-05,0.5,2.6267668561177024,0.06360735633627651,0.03333333333333333,1.3878442227368648,0.0283202448611386,0.0012333859579216103,22.961380968582855,0.5078670452056521,0.016666666666666666,1.408993188435879,7
0,Relax,0.0,0.008045638041872116,0.5,1.9313866345062303,0.0069828270599019025,0.001209743779380924,0.17324555928468305,0.0005487671142597278,0.016666666666666666,0.421282521753813,0.0005360913008456769,5.717013534734465e-06,2.7957514680161518e-06,0.48902306265853623,0.0014437872949701433,0.0625,1.5337200231894776,0.34229165154192187,0.03333333333333333,1.3411684089510676,0.05295780187415864,0.006652278896510832,7.960851115538073,0.0001861058344393062,0.016666666666666666,0.0,8
1,Relax,30.0,0.0001443414476645185,1.5625,3.9578104212540954,4.182448718758858e-05,0.00010462698909182603,2.5015725506103537,0.00012194881497877174,0.016666666666666666,0.6886037275596489,0.00011469990662310372,3.5851547674412295e-06,3.5879271054100797e-07,0.10007732826471055,0.00107482546753054,0.0625,1.3249384969060625,0.1633088610553871,0.016666666666666666,1.4396953079424983,0.042152762279578704,0.0022470719687930647,18.758972950127436,1.0271626370065256e-33,0.016666666666666666,0.0,8
2,Relax,60.0,0.00015884971376593356,3.9375,3.9826364086980757,3.779815190006553e-05,0.00011873971529854119,3.1414158981231917,1.0599853345405157e-05,0.016666666666666666,1.9208812076331503,7.694828737328196e-06,1.1322255941746777e-06,4.650096200865135e-07,0.4107040350253491,0.0008236799207310062,0.0625,1.3042279168051816,0.048805136942434844,0.016666666666666666,2.1184573323591573,0.023701172821313718,0.0034077374917971747,6.955105221093242,1.0271626370065256e-33,0.016666666666666666,0.0,8
3,Relax,90.0,0.00014190124526501066,3.9375,4.064686458002013,1.38278589092009e-05,0.00012686344737353645,9.174482340799916,1.1596460206472486e-05,0.016666666666666666,1.8349675081133552,8.369826868511907e-06,5.66836688074974e-07,4.836265390977624e-07,0.8532026053927447,0.0006056516118591709,0.0625,1.5461429055547906,0.05407160578359494,0.016666666666666666,2.1621326798201252,0.030306175970629425,0.0021308987036654883,14.222250883393908,1.0271626370065256e-33,0.016666666666666666,0.0,8
4,Relax,120.0,7.853041826058987e-05,1.4375,4.088725317919019,1.1193099851153246e-05,6.64099152182528e-05,5.933112015561128,8.650026587318458e-07,0.016666666666666666,3.0356768256614637,2.9210817789205565e-07,8.345942441896143e-08,8.24087904488456e-08,0.9874114400209412,0.0004442442469519988,0.0625,1.9477601816143588,0.05674520245925523,0.016666666666666666,1.789978476216334,0.016573907881908653,0.003202866664894578,5.174710537772006,0.26797668412410564,0.03333333333333333,2.457987461704563,8
5,Relax,150.0,2.5856602037961446e-05,2.875,4.0769631929624115,3.1523763762051018e-06,2.2395167773344132e-05,7.10421761258848,9.103026953929883e-06,0.016666666666666666,2.45539449367752,5.314958389128526e-06,2.9026832400792354e-07,4.08434014663295e-07,1.4070912355291851,0.000834129404551031,0.0625,1.9022108654886396,0.029426199321706276,0.016666666666666666,1.7144069895067167,0.00756684719237833,0.0013011193031397259,5.815644402568466,0.02164121909114137,0.016666666666666666,1.9976677857433256,8
6,Relax,180.0,4.706928461267264e-05,1.5625,4.015751654606815,1.08104483444694e-05,3.627163167241746e-05,3.3552384245907754,1.7537937718949316e-05,0.016666666666666666,2.3605804351035773,1.094826033595476e-05,2.7134132355884253e-06,5.436748958264622e-07,0.2003656828586826,0.0005961632668580742,0.0625,1.5579354325729118,0.014850901838810028,0.08333333333333333,1.899838238542674,0.011931439069234991,0.0015421644831358776,7.7368135498577235,1.0271626370065256e-33,0.016666666666666666,0.0,8
7,Relax,210.0,7.596395693143357e-05,1.5625,4.020080114433931,1.7629680382018036e-05,5.7945731660697986e-05,3.286828258089217,3.6848675729735726e-06,0.016666666666666666,3.1351618301018602,1.3020404356162425e-06,4.6442084588111715e-07,2.2904722522223952e-07,0.4931889411373908,0.000353828534651331,0.0625,2.311578644307702,0.036458605402526316,0.016666666666666666,1.962995728584326,0.016499604670679367,0.0015525487387635535,10.62743104852194,1.0271626370065256e-33,0.016666666666666666,0.0,8
8,Relax,240.0,0.00012492101372116272,1.0625,3.906592692398814,3.213683790270934e-05,9.265186917377578e-05,2.8830424901873943,4.116965770775895e-06,0.016666666666666666,3.0042338913507094,1.7464173768989078e-06,3.4492675896765817e-07,1.6406632710951395e-07,0.4756555496029159,0.00023945270805084687,0.0625,2.4273118143547214,0.11714905648972389,0.1,1.937603644175973,0.07944952638574382,0.0029713297237217787,26.738710871248667,0.06595996504728212,0.03333333333333333,3.3940326632265796,8
9,PhysicalStress,0.0,0.07854323047187543,0.5,2.362550513469947,0.07488980495816103,0.011187379015110592,0.14938453934231352,3.6511550927631596e-05,0.016666666666666666,1.2671440363804627,3.110145529862859e-05,2.2516810652780307e-06,1.1999057178358534e-06,0.5328932841950654,0.0004358076752182196,0.0625,2.4614157656444084,0.08886422039260522,0.016666666666666666,1.8173267892785372,0.04596810788852279,0.005016072118685914,9.16416407118271,2.1379726046437573,0.016666666666666666,1.299332723172877,8
10,PhysicalStress,30.0,0.17586915006069162,0.5,2.4498791014405907,0.1656327536023444,0.03231733792566894,0.19511441561405954,0.00011519678834652455,0.016666666666666666,2.3166175174317862,6.022594380670195e-05,3.25055662160216e-05,4.844000308747499e-06,0.14902064085134903,0.0004460310032893722,0.0625,2.2111495173528777,0.17268814534195634,0.05,1.8536121073202758,0.10848210971593096,0.003392479068746151,31.977237741963602,0.22084943699588733,0.016666666666666666,0.5058109510610167,8
11,PhysicalStress,60.0,0.2262398197915962,0.5625,2.6201633782569633,0.17937354616033285,0.05764173779845828,0.32135027172253855,0.000318391951219099,0.03333333333333333,3.290113709442727,6.018612110506212e-05,0.00013975876924927008,2.7788329595813196e-05,0.19883066905269223,0.00027929383255640664,0.0625,2.2419138042880005,0.37246507343608415,0.016666666666666666,0.8006851187219675,0.017118479689388816,0.002323888049658303,7.366309961405353,0.531891424721605,0.03333333333333333,1.8534152234159706,8
12,PhysicalStress,90.0,0.09254818604883971,0.625,2.4972522125637875,0.07619147785689373,0.022256702447539668,0.2921153792205371,1.3456152497610962e-05,0.016666666666666666,3.2670344219439844,4.288559746097338e-06,1.058906342253715e-06,3.536652086821764e-07,0.33399101938463777,0.0003028215845571478,0.0625,2.5070810136087767,0.08458794596415983,0.016666666666666666,1.7639042344957407,0.02665499479677919,0.0040207321135795155,6.629388390923958,1.0271626370065256e-33,0.016666666666666666,0.0,8
13,PhysicalStress,120.0,0.020254815513971118,0.5625,3.99573976623084,0.0032417634665716337,0.016742166092973246,5.164524267613864,3.65529215551324e-05,0.016666666666666666,1.0949238483250079,3.310025616945557e-05,4.1319078069693006e-07,5.1189130543192407e-08,0.12388739762501853,0.00042585119091499316,0.0625,2.6729287954074663,0.34006620495904805,0.016666666666666666,0.8084984288885574,0.03233692392198199,0.011824127583867678,2.734825355411512,1.0271626370065256e-33,0.016666666666666666,0.0,8
14,PhysicalStress,150.0,0.023821151907185055,0.5625,3.989769542739985,0.003639366063058593,0.020025863117399588,5.5025690657151065,2.17538309437877e-05,0.016666666666666666,1.4029813481352238,1.842365386562064e-05,5.394939086336248e-07,4.5169346193811096e-07,0.8372540536780371,0.00025559495954576386,0.125,2.5979869346676594,0.32198624687562183,0.05,1.6986612696209826,0.19596377731362166,0.015174223394698368,12.91425414114361,0.2619213041390654,0.016666666666666666,1.5395922821205454,8
15,PhysicalStress,180.0,0.05815585095865286,3.5625,3.687619213644505,0.0073037147981149415,0.05053809710217923,6.919505826709293,0.007481835551988352,0.016666666666666666,1.461986103454798,0.006109755266161156,0.0008736147840799891,0.00021404010847191708,0.24500513541254282,0.0004261515530720223,0.0625,2.6617920945991647,0.08429647162284108,0.016666666666666666,0.8822078665681814,0.010278519692784732,0.003456467060285904,2.973706826511617,0.04666179904365634,0.016666666666666666,1.0959111197750395,8
16,PhysicalStress,210.0,0.10514649000977477,3.5625,3.2056145771006923,0.004120276339040369,0.10100759288978804,24.514761772826425,0.06598780274233566,0.016666666666666666,0.9841550907662909,0.05936260591808156,0.004824167910995447,0.0009353219267990838,0.19388253975722083,0.00019462421031128164,0.3125,2.623665670696558,0.10443480249546166,0.016666666666666666,1.1020098646601677,0.0082797834984079,0.0019818606090386912,4.177782968512624,0.09142448691925491,0.016666666666666666,1.3891036328116384,8
17,PhysicalStress,240.0,0.13208799912583113,3.5625,2.9772706759850145,0.006303207114858147,0.1260053809642957,19.9906775500477,0.053358044330072484,0.016666666666666666,0.7540856649327456,0.04622578419943361,0.005622509759412299,0.0010493591846498847,0.1866353691771218,0.00041320801953097713,0.5625,2.623241002518398,0.20423478702827494,0.016666666666666666,1.4173346337265322,0.017159640635588547,0.015094373958272345,1.1368236061346784,0.6107444730711838,0.016666666666666666,1.4197684566355537,8
18,Relax,0.0,0.00013457554778357954,3.1875,3.437866741609255,8.623156883096457e-05,8.386351547989455e-05,0.9725384405830305,0.01193129538661373,0.016666666666666666,1.0951388628593506,0.009731827733732499,0.001717229893803361,0.0003194822945220773,0.18604515078320727,5.161264375121033e-05,0.375,2.578255900825247,0.1632390898171819,0.016666666666666666,1.0727323251970573,0.020805249083753637,0.001698942558696003,12.245999122961745,0.19701764776008698,0.016666666666666666,2.8170393555517634,8
19,Relax,30.0,8.704247618236753e-05,1.5625,3.995213754710148,7.960077937436561e-06,7.864888509248255e-05,9.880416462079314,0.018425966953649713,0.016666666666666666,0.31775121527324235,0.0183332766797936,5.8792308077202565e-05,7.395780970391907e-06,0.12579504381219744,0.0003512763430067213,0.0625,2.581142386006507,0.024189470077572977,0.11666666666666667,2.191091840124432,0.01580219598348915,0.0018255919934614224,8.655929714901587,0.023289640870383713,0.016666666666666666,2.5283471355438802,8
20,Relax,60.0,0.0001024343787511789,1.5625,3.94752312528791,8.501705956616048e-06,9.322007618265372e-05,10.964867128827201,0.020164751369919708,0.016666666666666666,0.24966619857216846,0.0200429217220094,9.615690558294665e-05,8.342165598070901e-06,0.08675576181967297,0.00043036679152898597,0.0625,2.586223207444958,0.04131894206089184,0.03333333333333333,2.0233837512104698,0.02141515067567079,0.0019395144162731926,11.041501159254253,0.4657829824973555,0.06666666666666667,2.7473510455808636,8
21,Relax,90.0,0.0001030239153587126,0.8125,4.053988912995084,8.791119715101523e-06,9.340636523240222e-05,10.625081702840118,0.019823308267277427,0.016666666666666666,0.22726876081633357,0.01971916426105402,8.916880946260235e-05,5.0352328640417395e-06,0.05646854426326652,0.00043160362679699936,0.0625,2.688337866640984,0.05017191296789882,0.016666666666666666,1.503038967294974,0.01586006252971679,0.0014403971548621818,11.010895485442896,0.12457667365826086,0.03333333333333333,3.068001597877099,8
22,Relax,120.0,6.924788026753593e-05,1.4375,4.051850950880278,6.255168270278358e-06,6.274422403447892e-05,10.03078115941504,0.009630248307784587,0.016666666666666666,0.23069362494416848,0.009580554736302808,3.560894026916152e-05,3.0863886959398305e-06,0.08667454500500095,0.000649808807681,0.0625,2.3860022449143665,0.11351628014500265,0.016666666666666666,1.297828642375465,0.018807381913892928,0.002290794104430262,8.20998355003645,0.005148707389202327,0.016666666666666666,2.722769396356486,8
23,Relax,150.0,4.245824343104427e-05,0.875,4.054485058120859,4.265820920120685e-06,3.810003562733205e-05,8.931466261892249,0.005808119501276517,0.016666666666666666,0.24914474686423319,0.005767287824349924,2.900010591777767e-05,1.913921766423919e-06,0.06599706124696064,0.0004346757497650503,0.0625,2.096864282603746,0.10915687519574152,0.016666666666666666,1.674263231735832,0.03549425534394429,0.002753772057363947,12.889322211338445,1.0271626370065256e-33,0.016666666666666666,0.0,8
24,Relax,180.0,0.00014527567894984783,1.5,4.0453427507664,1.829827362983183e-05,0.0001269878641783592,6.939882239564382,0.003484475450788129,0.016666666666666666,0.2707562530211194,0.0034570877409388985,1.646808433717684e-05,1.0924019541082934e-06,0.06633448868379832,0.00034351878419483116,0.0625,2.497610818449831,0.05408017946812343,0.016666666666666666,1.8171853987467745,0.018267031374431548,0.0015402647140923427,11.859670099107648,1.0271626370065256e-33,0.016666666666666666,0.0,8
25,Relax,210.0,0.00019670992041605093,1.5,4.0270533946651685,3.805719313472598e-05,0.00015931810503207834,4.1862810131077595,0.0017198262085931701,0.016666666666666666,0.2722169073099376,0.0016922090476483443,1.7308322469065953e-05,6.7872838699940135e-06,0.392139901606553,0.0001860571086091471,0.0625,2.4345777369670873,0.11144645497455904,0.03333333333333333,1.7666568421999873,0.047935882755151066,0.0009424861726988795,50.86109923276974,1.0271626370065256e-33,0.016666666666666666,0.0,8
26,Relax,240.0,0.00013749587433182383,1.5,4.081542513794813,1.743090065858739e-05,0.00011859908090944494,6.80395598784029,0.0010607385913716531,0.016666666666666666,0.3012958299400202,0.001044180925077396,1.0237389756390022e-05,3.226507127304999e-06,0.3151689252908499,0.00018872882788547598,0.75,2.665627158169439,0.06384940469466475,0.03333333333333333,1.32853094969007,0.008556341223665003,0.0016660378796218122,5.135742307136065,1.0271626370065256e-33,0.016666666666666666,0.0,8
27,CognitiveStress,0.0,0.053529246644285,0.5,1.6917586437918204,0.05770370999896489,0.004753456292219283,0.08237696141729106,0.004649310426710369,0.05,2.4090942628993397,0.001424449830934424,0.0022523069755820842,0.0005254175203667387,0.2332797110087315,0.00034063525792413436,0.1875,2.647813015267557,0.10276140669628121,0.13333333333333333,2.1504378119387284,0.07325718157503296,0.009004803880772442,8.135344483343582,0.47153972065162564,0.03333333333333333,2.103727775061902,8
28,CognitiveStress,30.0,0.004169118746393108,0.5,3.5862119569971664,0.0017983761283079124,0.0023860994681175326,1.3268077965217475,0.016605291683875284,0.03333333333333333,2.248587053613957,0.009068511946029813,0.004297535860155916,0.002224142580374002,0.5175390392887401,0.0003886979462591379,0.125,2.621821993777698,0.06449111640468358,0.11666666666666667,2.0410594254279335,0.05871710291223719,0.0020037017245442446,29.30431320839073,0.0017214701554490676,0.016666666666666666,1.583346375638125,8
29,CognitiveStress,60.0,0.14300717112757846,0.5,2.3347888846716893,0.13270059322171407,0.017640228236633367,0.13293254994844184,0.007868170415581082,0.05,2.7589236893919904,0.0010873457876260976,0.0047295226346308564,0.00135626663647017,0.2867660737130668,0.0001480409040348149,0.0625,2.588645082492882,0.07327029934393649,0.06666666666666667,1.93513397312448,0.058205115503071725,0.0034849593026178047,16.701806376719997,0.35643019833461675,0.03333333333333333,2.4550898134279673,8
30,CognitiveStress,90.0,0.12876682140863271,0.5,2.344506685873488,0.11951380894243946,0.015987108388004392,0.13376787610964808,0.00995680016071496,0.06666666666666667,2.6441851992695473,0.0005818557109499502,0.006449791039430882,0.0021222499273859767,0.3290416564523678,0.00023355666301036818,0.0625,2.5997874853715883,0.2828569624718649,0.06666666666666667,1.7109236717306224,0.2584980107765128,0.01303280177207444,19.8344159066702,4.108650548026102e-33,0.016666666666666666,0.0,8
31,CognitiveStress,120.0,0.0915368029329015,0.5,2.2905686713288356,0.08525931843962001,0.008953754604955969,0.10501790031663165,0.02049503370174484,0.016666666666666666,2.2276891308505404,0.010266193684933278,0.007306335055448066,0.0021059587754476638,0.28823736654087984,0.0003016223643921077,0.0625,2.5986270814431105,0.10501547564842971,0.1,2.1745320522072045,0.08511923311078701,0.006062824807238196,14.039533685546399,4.108650548026102e-33,0.016666666666666666,0.0,8
32,CognitiveStress,150.0,0.03697673033769911,0.5,2.54070816346616,0.0313530902842368,0.006035709618889103,0.19250764642883192,0.014975358005655318,0.1,2.7664637169131514,0.0025738861628901385,0.0069924350673560955,0.003249566128675973,0.4647259641847005,0.00028935247376851985,0.4375,2.6557467147965017,0.14880318501330744,0.06666666666666667,2.0973494594350197,0.11519854958266304,0.010142847393246838,11.357614397251293,4.108650548026102e-33,0.016666666666666666,0.0,8
33,CognitiveStress,180.0,0.3017266140613654,0.5,2.1373218400643132,0.26807484069055,0.04979162815070169,0.18573778882956887,0.006573095363808886,0.016666666666666666,1.2831236902374772,0.004905875816925766,0.0012935925337320294,0.00024517949203421447,0.1895337872172691,0.00014394229749057583,0.125,2.6748327627206097,0.0832605921973715,0.06666666666666667,2.008535929010071,0.06154743142317735,0.004685301434106482,13.13627997873201,0.16059165015450408,0.016666666666666666,1.8064128607938628,8
34,CognitiveStress,210.0,0.49378929490737417,0.5,2.2318088116372166,0.4298266813372509,0.08720706716896749,0.20288891070618073,0.013196557946363381,0.016666666666666666,0.8497885854704733,0.011400281674087492,0.001402766706779092,0.00014824910824227887,0.10568336668231545,0.00034682174732274376,0.0625,2.574127725223207,0.24101659906616424,0.016666666666666666,1.6571472837453196,0.06702637894576734,0.006649367354974176,10.08011369617398,0.38690428592998055,0.016666666666666666,2.2000273996352853,8
35,CognitiveStress,240.0,0.38947937922016296,0.5,2.0237512413137813,0.3801053316769998,0.02183696438415908,0.057449771324742605,0.03316697215945014,0.016666666666666666,2.1221352166729797,0.019849213237298928,0.008462941471032928,0.0027773312846631,0.32817564604096433,0.00024331262145353883,0.25,2.4224522625567664,0.18947024389534098,0.03333333333333333,2.014614012069007,0.10489790535570982,0.0030319737329424046,34.59723420951631,0.42845524811423785,0.016666666666666666,2.056794370114972,8
36,CognitiveStress,270.0,0.00019120161562530356,0.6875,4.07796318957356,3.6533534042085243e-05,0.0001553728529416333,4.2528831939075395,0.008457222294664892,0.016666666666666666,2.3567116330588957,0.003208478039158521,0.003823892461186028,0.0008737201742878718,0.22848973478110748,0.0004266457261692104,0.0625,2.6643632360597347,0.23008524387222076,0.08333333333333333,1.9307020719206183,0.193863507910176,0.003393407905333969,57.129444298591196,0.3648438851878489,0.016666666666666666,2.815531789618692,8
37,Relax,0.0,0.24305529921311264,0.5,2.0025224511696518,0.19830020956676558,0.04455706965451607,0.22469502050381937,0.06269872546973738,0.016666666666666666,0.6855968020679292,0.05794742925594524,0.002223596206631033,0.0008744673056338109,0.39326713322591733,2.0890544429882265e-05,0.375,2.6135402403490864,0.21011981009594183,0.016666666666666666,1.10099003339245,0.02003125886714641,0.0034490637517840756,5.807738072914705,1.0320074469481841,0.03333333333333333,1.9914094556588822,8
38,Relax,30.0,0.00014774775298032454,1.8125,3.762627152154078,6.25075351606171e-05,8.757882460985888e-05,1.4010922744725014,0.05752773818375589,0.016666666666666666,0.4022484491107793,0.056469101321207124,0.0007080277291514536,0.00022386561567891146,0.3161819890122193,0.00011944554873322976,0.125,2.715765612309522,0.06756982037926942,0.016666666666666666,1.5558924890786965,0.020582477551554203,0.0013194591311489019,15.599177773420143,0.07954678190649654,0.016666666666666666,1.8437259672398134,8
39,Relax,60.0,0.00026246562003237926,0.5,4.002966195360267,6.44319493880607e-05,0.0002007954413386272,3.1163955653316733,0.01974936579132482,0.016666666666666666,0.2365466771941563,0.01967237837231024,5.7815293482301146e-05,5.153737008233388e-06,0.08914141393766493,0.00023672540154424154,0.0625,2.5821517362039645,0.08805606081304627,0.1,2.20830391809862,0.06207233558327774,0.002744468383909432,22.61725292490239,0.47641547464041256,0.016666666666666666,1.5889214841650077,8
40,Relax,90.0,0.00012654042434038945,1.4375,4.05122430111947,1.560941873248187e-05,0.00011102126035450684,7.1124532090026555,0.009413276362917168,0.016666666666666666,0.2528177991843747,0.009365132182174921,3.449336919031379e-05,2.639307861717635e-06,0.07651638339982135,0.0003768945098287772,0.6875,2.7036591109764414,0.04364968022733605,0.016666666666666666,1.4783769676558587,0.008171279572470384,0.0015619955625469134,5.2313078016346575,0.3815412187029773,0.016666666666666666,1.5911881358017368,8
41,Relax,120.0,0.00011621619818754334,1.4375,4.028178481933672,1.2473319884282056e-05,0.00010416666460205697,8.351157957018325,0.0023123112247297774,0.016666666666666666,0.6417035849190368,0.002115101363185168,0.00017491789373134898,1.1963447220955077e-05,0.06839464485737158,0.0004126868914651892,0.4375,2.6410875313334836,0.07872354040591252,0.016666666666666666,1.2784045707713798,0.012535742358839629,0.0009795989747362701,12.796810411336466,0.5075934728411136,0.016666666666666666,1.671890479511846,8
42,Relax,150.0,6.0449783024462154e-05,0.875,4.063191960930354,7.392017428111034e-06,5.216501493836192e-05,7.056938845948073,0.0020241456535420063,0.016666666666666666,0.3114985042276825,0.001995796070878781,1.8708481371141618e-05,4.259573560219905e-06,0.2276814176264687,0.0007038710729442671,0.5,2.6713274307455146,0.07659259344139191,0.016666666666666666,1.3455650249543738,0.022040740678148152,0.0011960345394674255,18.428180751337273,0.22753774293740517,0.016666666666666666,1.8819144013310278,8
43,Relax,180.0,6.087684600795316e-05,3.8125,4.079934798007277,7.258609781585413e-06,5.261191005329236e-05,7.248207526841449,0.0009632411017789935,0.016666666666666666,0.3209790636688449,0.0009502521867760192,4.4143039964356815e-06,5.356609081268029e-06,1.2134662872319644,0.00014745338038391105,0.0625,2.6394391156966464,0.05653976058025738,0.016666666666666666,1.7169808592054292,0.019085030758663104,0.0011527670000094756,16.555844119849223,1.0271626370065256e-33,0.016666666666666666,0.0,8
44,Relax,210.0,9.976272130413785e-05,3.6875,3.9511439989982953,6.734554002534076e-06,9.280868488167227e-05,13.780969734113091,0.0005764986743456491,0.016666666666666666,0.4355546057295904,0.0005648543065158664,5.790362878428028e-06,2.718913326564329e-06,0.4695583651058605,0.00024991112166363437,0.0625,2.735335526350415,0.05980315364252293,0.03333333333333333,1.8017100011219447,0.023345338072092305,0.0015913465478574172,14.670178600333395,1.0271626370065256e-33,0.016666666666666666,0.0,8
45,Relax,240.0,0.0001269687119614596,3.625,3.9549576946324887,6.924206878101645e-06,0.0001196383423837676,17.278273813876556,0.000251606463813927,0.016666666666666666,0.5085886328370318,0.00023923110430008735,1.0245010109139269e-05,4.294411950303366e-07,0.04191710798286523,0.00017044726751528456,0.0625,2.650843348994358,0.01896972738228484,0.016666666666666666,2.1193376859281456,0.009958572997527185,0.0016790092570065742,5.931219828580249,1.0271626370065256e-33,0.016666666666666666,0.0,8
46,EmotionalStress,0.0,0.929031058347563,0.5,1.7096900477916905,1.0403817050230022,0.09661179601301742,0.09286187516232938,0.07373056581668987,0.016666666666666666,1.0130499579690377,0.0671673438183061,0.00210442404975374,0.000760926345870265,0.3615841331785335,0.0003802040450614825,0.25,2.6336697909822746,0.6689280260485958,0.016666666666666666,0.7348394574781105,0.025231517979227253,0.0017932853341182252,14.069996279556829,4.644546182857691,0.016666666666666666,1.6446245792490612,8
47,EmotionalStress,30.0,0.0012732820305047382,0.75,2.150313735087267,0.0011791901645561047,0.00022240479663630515,0.1886080831754795,0.002027305127609757,0.016666666666666666,0.5489529270590424,0.0019846061395015625,2.1721210955065693e-05,1.0567947214941898e-05,0.4865266138616136,0.0002067684866331361,0.0625,2.366427869457424,0.23430876197589645,0.016666666666666666,0.7288334555821476,0.015383972291049756,0.0006212009565606528,24.764888283857136,1.2703317939119525,0.016666666666666666,0.8375387551061519,8
48,EmotionalStress,60.0,0.0010393271212619118,0.625,2.5800080222680872,0.0007644209861227976,0.0002737496540418649,0.3581137344623992,0.0017191560395772652,0.016666666666666666,0.2764911684339232,0.0016916181059597425,1.9260984402797784e-05,3.807350241794228e-06,0.1976716330885552,8.692640706335595e-05,0.0625,2.6716444811800466,0.06122603539170458,0.016666666666666666,1.083924050959951,0.0036522844740161774,0.0012816839956641052,2.849598252277266,0.35054511520011394,0.03333333333333333,2.199767446552824,8
49,EmotionalStress,90.0,3.435000700356748e-05,1.25,4.0624673432520995,3.50381157580853e-06,3.0871898058632155e-05,8.810946990352425,0.002103677489827432,0.016666666666666666,0.28046063452097175,0.002080193805734749,1.3677815929530339e-05,3.2229126595061123e-06,0.23563065010604942,7.288510873174143e-05,0.125,2.709076880038367,0.026251682442252487,0.016666666666666666,1.8775140995722126,0.008651314375456944,0.0011454248378959366,7.5529306587665666,0.09008773251024425,0.03333333333333333,3.0798882212199974,8
50,EmotionalStress,120.0,3.35591878311033e-05,2.375,4.083594301601247,4.6081034620258074e-06,2.8803869085423096e-05,6.250699300219353,0.0014964121914018654,0.016666666666666666,0.27894556751775823,0.0014769035194224407,1.0041460193717986e-05,4.681924197695499e-06,0.4662592996807921,4.949741939527313e-06,0.25,2.7961954279000762,0.09790644317201189,0.016666666666666666,1.8551777719529812,0.04518952467488477,0.001060834081222886,42.59810791786793,0.014476652588940191,0.016666666666666666,2.9937271057911503,8
51,EmotionalStress,150.0,6.389092930505572e-05,2.4375,4.0403666489973595,9.064164722234537e-06,5.449170737732866e-05,6.011773731743826,0.0010885203367679388,0.016666666666666666,0.3168708826870079,0.0010710265919406596,9.378723302608011e-06,4.854791054633585e-06,0.5176387977331176,0.00026671363954926404,0.75,2.6554353198729985,0.041243191927315716,0.016666666666666666,1.233811260616825,0.005330062584305418,0.000666664385373532,7.995121235280905,0.4955259872226381,0.016666666666666666,1.5622210568483654,8
52,EmotionalStress,180.0,0.00010971962397448456,0.625,3.9654276614726722,2.712238736746251e-05,8.230132970776024e-05,3.0344426761817207,0.0006391531951312077,0.016666666666666666,0.3603832962691313,0.0006279035678405246,6.366858056163263e-06,3.3413611874179458e-06,0.5248053526469673,0.00045542878434598526,0.0625,2.712203501151885,0.027634038850186338,0.1,1.9689544010067765,0.019295400615479616,0.0006986811310030651,27.616890966810676,0.15787657212170478,0.016666666666666666,2.143540908820296,8
53,EmotionalStress,210.0,6.262691598937465e-05,3.6875,4.051136736198347,7.966424478380091e-06,5.4990362478493856e-05,6.902765805127635,0.00043192958161257836,0.016666666666666666,0.43297628080617495,0.0004228607218616588,4.343336574702325e-06,1.873354344685243e-06,0.4313168718253513,0.00017984222413146392,0.75,2.7242405546582784,0.02227876396305591,0.016666666666666666,2.1748793467455827,0.012229990134842194,0.0018511578337058261,6.606670653446671,0.1579163113339548,0.016666666666666666,2.1435034108234983,8
54,EmotionalStress,240.0,0.00012106649760001829,0.625,4.053753592180028,1.569497618985195e-05,0.00010495899109269811,6.687425952296916,0.0002762236656744864,0.016666666666666666,0.5080200126597146,0.000267298422615688,6.3114620986535935e-06,3.233524514901076e-07,0.05123257439177009,0.00015688946849702634,0.25,2.719511551109262,0.01783735422177789,0.016666666666666666,1.4376707674804006,0.004641580418149444,0.000638255226192836,7.272295200520746,0.4867776923491278,0.016666666666666666,1.557777892400576,8
55,EmotionalStress,270.0,0.2164731505253487,0.5,1.2838706569205107,0.2127550445848596,0.00783964308259152,0.03684821244962112,0.0003607933392658418,0.016666666666666666,0.9875069394424816,0.00029285025887529906,4.8014060410613454e-05,6.8302278322108515e-06,0.14225474316896217,0.00031208374848795765,0.625,2.684621129792611,0.05792233487717445,0.016666666666666666,1.0654194084192605,0.00828607746361214,0.0006411434941882644,12.923904771275787,0.4160494616983264,0.016666666666666666,1.576939787863077,8
56,EmotionalStress,300.0,0.2567804821039702,0.5,1.6600768657473601,0.243281677633397,0.014232466553218734,0.058502007597406265,0.0008861924984107375,0.016666666666666666,2.507478202190676,0.0003990992820632657,0.0003036253749642011,4.68878083452489e-05,0.1544265144202035,0.00016070516772394031,0.25,2.7266997824275023,0.2944990551373058,0.03333333333333333,1.743299027374901,0.10040452501966034,0.008134797370229293,12.34259692652065,0.19631146944342348,0.05,3.0202871230398722,8
57,Relax,0.0,0.000526340246479579,0.5625,2.531311369797847,0.0004111815490495118,0.00012779164097775973,0.3107912825202473,3.23091965085347e-05,0.016666666666666666,0.8077179299721531,2.7929434698884537e-05,2.3685692535336636e-06,2.0332307181280624e-07,0.08584214774783087,0.00012817964954142831,0.0625,2.3904684779067074,0.34563597759260206,0.03333333333333333,1.7660581257729655,0.12655925422767436,0.010427030445868905,12.137612418482579,0.3539697805628354,0.05,2.7062130342959403,8
58,Relax,30.0,7.992906138184843e-05,3.4375,4.002230238978608,6.404558842112094e-06,7.333464266563842e-05,11.450381591225126,5.527602652308047e-05,0.016666666666666666,1.1680557134941205,4.730361561991481e-05,3.968411007615422e-06,7.77674828815419e-08,0.019596630170691822,0.00012886989392386198,0.125,2.6440175730246995,0.055088676625331234,0.016666666666666666,2.1451170710404046,0.03165827512338475,0.002284395920519218,13.85848873175591,0.48643678699875814,0.03333333333333333,1.9426960403114244,8
59,Relax,60.0,6.838349051827537e-05,3.375,4.051384313427713,6.984905985997749e-06,6.075105041463265e-05,8.697475747907973,7.045364062297296e-05,0.016666666666666666,0.9006468199586743,6.405542920053471e-05,1.949975204198646e-06,1.1641852848445643e-07,0.05970256864486609,4.625888803776129e-05,0.6875,2.634766453475987,0.09440157441982465,0.016666666666666666,1.2480704845436168,0.011238944602715364,0.0013672697296123915,8.219990803059396,0.11576022359984761,0.016666666666666666,2.5952009436916543,8
60,Relax,90.0,6.46203809919332e-05,3.4375,4.082934957747374,8.151340574361871e-06,5.561690799112714e-05,6.823038184180044,2.441254348043376e-05,0.016666666666666666,1.2093893379008251,2.0517640595713136e-05,1.2405666863906608e-06,7.082487349726436e-07,0.570907427018891,0.0003517167973972846,0.25,2.6045686238004313,0.07069767954542883,0.11666666666666667,1.992600262965912,0.04059708597351785,0.0024122282695784067,16.82970326046844,1.0271626370065256e-33,0.016666666666666666,0.0,8
61,Relax,120.0,6.955634989544352e-05,1.25,4.067692664102452,8.45663125946335e-06,6.01910467622641e-05,7.117615149047396,3.965748926578936e-05,0.016666666666666666,1.1895384182641713,3.491509478430351e-05,1.8109221285875e-06,5.049995756429741e-07,0.27886321983202467,0.00021803145808366026,0.25,2.6337455136983414,0.07767454163415181,0.06666666666666667,1.708097211943138,0.07014875514189774,0.0016312092419811075,43.00414277735572,0.35643019833461675,0.03333333333333333,2.4550898134279673,8
62,Relax,150.0,7.521230341982125e-05,1.5,4.043063610026633,8.059313105226318e-06,6.702444840847973e-05,8.316397133772552,6.654943483218794e-06,0.016666666666666666,1.8820607977208763,5.032796417924895e-06,4.1203686933689396e-07,2.3800233374264117e-07,0.5776238765372309,0.0002755481524338168,0.0625,2.5617454356672384,0.03344920752910848,0.016666666666666666,2.078505923149334,0.019052770381189334,0.0016145773698183806,11.80046911182245,0.017176981402881732,0.016666666666666666,2.200119920188086,8
63,Relax,180.0,9.506430982229267e-05,3.5625,4.035519980898323,1.0590026859716157e-05,8.393699851027554e-05,7.926042079228993,2.133523667620287e-05,0.016666666666666666,1.5951187947228347,1.690443836039826e-05,2.78856767058941e-07,9.473696848095806e-07,3.3973343907029454,0.0002312123886610587,0.3125,2.6935311284359154,0.04829184860127345,0.016666666666666666,1.7514006733695229,0.011790986764691508,0.0021575685865842472,5.46494180440326,0.043224549458741345,0.03333333333333333,3.395740603645708,8
64,Relax,210.0,0.00010221422583966033,2.9375,4.066717724503764,8.758452323506468e-06,9.25964885969655e-05,10.572243265907769,5.3294504572274474e-05,0.016666666666666666,1.2526785355879988,4.647779840531092e-05,9.409305136844136e-07,5.691727424764263e-07,0.6049041179966725,0.00020576683954561437,0.625,2.6748629382254414,0.025921279242672925,0.016666666666666666,2.180135822488084,0.014799549207641951,0.0019679472815853083,7.520297594415212,0.10826571718972677,0.03333333333333333,2.8266201443350187,8
65,Relax,240.0,0.00010458161658069017,3.375,4.051707541728466,8.870613047321784e-06,9.468317290847037e-05,10.673802633861603,9.097912230408149e-07,0.016666666666666666,2.8585879900615097,4.3759074253993277e-07,7.347424854740416e-08,3.339129317765987e-08,0.45446253398721664,0.00034737765788315817,0.625,2.76142258328007,0.022391424816218197,0.016666666666666666,1.8795190701608835,0.004855385324192361,0.001625231210877459,2.9875043573467606,0.0918634009581445,0.016666666666666666,3.0855869725970932,8
0,Relax,0.0,1.0684854147384646,3.1875,1.3997530772475164,1.0185546089236381,0.06596398907889002,0.06476234901985053,0.0017821732642173862,0.016666666666666666,0.5158671036081321,0.0017560568899353073,1.9564122132272e-05,2.3875026682531442e-06,0.1220347456487628,0.001476941424537562,0.0625,1.3198075105077078,0.13995707323820436,0.016666666666666666,0.853299711538946,0.007742552621992212,0.0014272784787996142,5.4246965374997735,0.5004643965570033,0.016666666666666666,1.8915316279953658,9
1,Relax,30.0,4.257487743396255e-05,2.5,4.073986832935993,5.62411220947127e-06,3.70248052991423e-05,6.583226635626292,0.0019443398283629924,0.016666666666666666,0.23439764161914128,0.0019235510889317724,1.6776146343992578e-05,8.895833630697912e-07,0.053026681147684725,0.0013969638061717667,0.0625,1.5043591575369941,0.01421648924371667,0.016666666666666666,2.112584306782018,0.007191068223756292,0.0009413310259693832,7.6392555066916294,0.1708130376688486,0.03333333333333333,1.7385230213248895,9
2,Relax,60.0,0.006557569527896271,1.125,3.195124225310414,0.003946292557145509,0.0026326674092282815,0.6671242365093635,0.002479382870464107,0.016666666666666666,0.22534093534678362,0.0024635201646552585,1.264147165584962e-05,1.5568954863412844e-06,0.12315777219030177,0.0010658062531380779,0.0625,1.3979631130918262,0.08049398304536833,0.016666666666666666,0.8768667352594967,0.0025008644465812596,0.0005181318853614651,4.8266947416999395,0.10457602843968966,0.03333333333333333,2.216950833479501,9
3,Relax,90.0,4.997419342542345e-05,0.75,4.057174643363621,7.068330625583198e-06,4.351510889799916e-05,6.15634881884275,0.0017314227285242744,0.016666666666666666,0.234560600610887,0.0017185483919680267,9.439761290054272e-06,1.8344041987307393e-06,0.19432739264958604,0.0008332604201388701,0.0625,1.506805598880458,0.020899745063080587,0.016666666666666666,1.3640526952045668,0.0023216403810062815,0.0009748801265427874,2.3814624155274386,0.13193142889540999,0.05,2.481968284908846,9
4,Relax,120.0,9.324236017114941e-05,2.4375,4.01827129073542,1.90705794432188e-05,7.434471370825157e-05,3.898398259455477,0.000977107467249767,0.016666666666666666,0.244741752053423,0.0009666832920132945,7.889147304601044e-06,1.256830149923728e-06,0.15931127933062292,0.00045750117012802335,0.0625,1.4155158593560941,0.07031352138685303,0.05,1.7847960623836168,0.04882244020647844,0.001666596386821177,29.294699420056407,0.1434128705303245,0.03333333333333333,1.6661505087141961,9
5,Relax,150.0,2.514857681367898e-05,2.5,3.9799530833671684,5.908347174122026e-06,1.91345805008915e-05,3.238567392366356,0.0007087044670976067,0.016666666666666666,0.21565777274076223,0.0007014227141614184,6.0906677623404544e-06,9.667872684566418e-08,0.015873255711540166,0.0008323423131400569,0.0625,1.9636424827594992,0.2227671928077187,0.03333333333333333,1.4104328574944007,0.06019217242429823,0.00106163055612482,56.697852258522595,0.1396562234469748,0.03333333333333333,1.6604085706716227,9
6,Relax,180.0,9.973888856435319e-05,3.3125,4.058881256871866,1.9986931628182095e-05,7.930828075987243e-05,3.9680068074103825,0.0005024837125690423,0.016666666666666666,0.26361961030712106,0.0004976537706788464,3.4624917245372344e-06,3.153819653060081e-07,0.09108526182778365,0.0006276354207663306,0.0625,2.132427923141207,0.014868397101037219,0.016666666666666666,1.1755865925191689,0.001324920545410695,0.0005711970864506872,2.3195506014281437,0.02718793044686363,0.016666666666666666,1.3221940575239435,9
7,Relax,210.0,0.0001230203903085383,1.3125,4.062685191777117,1.9594664874092796e-05,0.00010350993589661729,5.282557092031391,0.00028156058165937093,0.016666666666666666,0.30510657582461964,0.00027703691078700894,3.651357203533452e-06,1.0579139772883914e-07,0.028973171298185735,0.0006846749491396102,0.0625,2.122556291669356,0.005316537696050963,0.016666666666666666,1.469746594274425,0.0007339625903094345,0.00040696774981241305,1.8034907941667264,0.03159689901921097,0.016666666666666666,1.431214613175883,9
8,Relax,240.0,0.00011056088191824153,3.125,4.021420935663817,2.4891030234169622e-05,8.522771414530897e-05,3.4240332096945933,0.00014366408970701745,0.016666666666666666,0.2801859885095891,0.0001419076977452885,9.562283351432068e-07,3.056343246379197e-07,0.3196248358318594,0.0009929009685476515,0.0625,2.3916920319431734,0.004768990552925379,0.03333333333333333,2.448782353464437,0.00165817014751775,0.0008088738359758217,2.0499737706528007,0.138568964857713,0.03333333333333333,1.7098279852948763,9
9,PhysicalStress,0.0,0.10224230431549815,0.5,2.67025141105574,0.08402376069241929,0.020769260766538806,0.24718318479659088,0.00040809836709511637,0.016666666666666666,1.0101619308496077,0.000372030961098241,3.2090615466459325e-05,1.9873183541205225e-06,0.06192833403889186,0.0005265503898108072,0.0625,2.284924165176773,0.010275849390621001,0.03333333333333333,1.5807453589633464,0.002297182624512568,0.0008177202989823569,2.809252292466488,0.3730311834222285,0.016666666666666666,1.2274549785989497,9
10,PhysicalStress,30.0,0.5132911103004267,0.625,1.8895555770234695,0.528173561903481,0.03336267417823126,0.0631661192165616,0.0016478508964417715,0.016666666666666666,1.0654942527734004,0.0013743209626794729,0.00023123529187772532,1.900198714967086e-05,0.08217598185539474,0.00042972347219417625,0.0625,2.23227481925589,0.07138501963392324,0.016666666666666666,1.3184698806076236,0.011620406057740278,0.001700789994834807,6.832357958966553,0.08325345855314825,0.016666666666666666,2.593236265883261,9
11,PhysicalStress,60.0,0.30105534933354183,0.625,2.6500070644705165,0.24987409857546855,0.0682036672191926,0.272952129124313,0.0030511150132736774,0.016666666666666666,1.0297850692298518,0.0025480926139822926,0.000394327698403376,4.578922354217751e-05,0.11611972409642296,0.0006502591799548204,0.0625,2.282635758839537,0.06868677701682874,0.016666666666666666,1.1122815080593345,0.008288800584326864,0.0008729220489624314,9.495464794570214,0.01637521443665254,0.016666666666666666,0.9073041554811014,9
12,PhysicalStress,90.0,0.3037226891946092,0.5625,2.808045633904732,0.23438384573009285,0.07463559851889845,0.31843320211089055,0.013971562512817705,0.016666666666666666,1.3007077867666437,0.011831163500540098,0.001035941169843417,0.0006901581820035828,0.6662136828753515,0.0003024957532954794,0.0625,2.3109790916973734,0.00557632642144766,0.016666666666666666,0.9984076106326262,0.0006829771547730869,0.0001052507481209312,6.489047982712281,0.2782322093557724,0.016666666666666666,1.108025529496007,9
13,PhysicalStress,120.0,0.09274907671485538,0.5,3.5790498600300835,0.043787543194537745,0.050493669450979065,1.1531514619728167,0.0006293760220754172,0.016666666666666666,1.8809468281170596,0.00039380634277307,0.00014776539773839577,5.6844213337122626e-05,0.3846923177357108,0.0001705691839724511,0.125,2.630724643161007,0.0008706064379000278,0.016666666666666666,0.44033725086315595,3.6400550023522825e-05,1.6831631045430746e-05,2.162627610198503,0.2511311369980627,0.016666666666666666,1.2204537125325874,9
14,PhysicalStress,150.0,0.09562810055391525,0.5625,3.4824012988844992,0.05063198152162994,0.0479359825731354,0.9467530428896446,0.014036230915600202,0.016666666666666666,1.1752797765779028,0.011646500417723306,0.001357203232751017,0.0008975981769925187,0.6613587083587398,0.0005261178270316701,0.1875,2.72208674087725,0.01684634612242362,0.016666666666666666,1.622391772006736,0.003074223061577185,0.0008959424127635549,3.4312730570424423,0.18627438709703284,0.016666666666666666,1.3539622495758208,9
15,PhysicalStress,180.0,0.14688494189074022,1.75,3.4495019184189912,0.039869624256435164,0.10730278613948177,2.6913417956820234,0.006022849008234275,0.016666666666666666,1.816193179297572,0.0037942315380350995,0.0012413039000005067,0.0006401635990232719,0.5157186721342055,0.0005641997923609875,0.375,2.758489398119608,0.09915759749498629,0.016666666666666666,0.9453487845131008,0.0067177752997827555,0.001996095118072401,3.3654585089462117,5.264794017494025,0.016666666666666666,1.243161799539369,9
16,PhysicalStress,210.0,0.11163325769357563,3.5625,3.916528483226415,0.012410286008706136,0.10066073375054069,8.111072837477282,0.005947212596958822,0.016666666666666666,1.5549675009147086,0.004422528000384258,0.0006726310232129676,0.0006964674069723704,1.035437532520494,0.0002609707358983144,0.3125,2.759973321358332,0.05255711318326782,0.016666666666666666,0.5888681874878922,0.0012796598806873421,0.000968949165593827,1.32066771521816,0.21555207082317138,0.016666666666666666,1.3586999967965998,9
17,PhysicalStress,240.0,0.11756542896629237,3.625,3.6862180458717964,0.006247134916618881,0.11110227470839457,17.784516613021403,0.006229577773513324,0.016666666666666666,1.5606846821390408,0.004776639203065616,0.001205901050190008,0.00012234907158441594,0.10145863258443799,8.65261566066283e-05,0.5,2.6354830293609846,0.04208321089035195,0.016666666666666666,0.7358778152115544,0.002150011283072599,0.0005786509376846108,3.715558280568182,0.2189607857215137,0.016666666666666666,1.2026963919675293,9
18,Relax,0.0,0.027095267437765438,0.9375,1.2851355708735483,0.03452383896387668,0.001880204231788177,0.054461041651697274,0.03351270177934129,0.016666666666666666,2.184996778430835,0.016081840697202178,0.011252266568743037,0.0037418570770323635,0.33254251969346627,0.0001072519668649762,0.125,2.6966315500301334,0.15932892445609012,0.016666666666666666,1.1350153733855741,0.03219828527170506,0.0018644898536410103,17.269219893488643,0.04151227733402179,0.016666666666666666,0.9517209171767633,9
19,Relax,30.0,0.0008035395314599573,0.5,1.910923372042054,0.0006704516428472832,0.00014642850703918542,0.21840278654151823,0.004379862360139876,0.016666666666666666,1.746961243514261,0.002543445264353358,0.0013912183228534268,0.00033740203440929805,0.24252270751960575,6.690240381690758e-05,0.5625,2.7120956612456113,0.03540241990618298,0.016666666666666666,1.6050354808574405,0.009565453491669066,0.0011327091970345865,8.444756621303386,2.567906592516314e-34,0.016666666666666666,0.0,9
20,Relax,60.0,0.00014001596376481238,0.625,3.9371216989644258,3.2125345941635704e-05,0.00010931955054415049,3.402906563022192,0.0006065082912773599,0.016666666666666666,0.6139092939050275,0.000587291017599247,1.1788868824536929e-05,1.617508278655326e-06,0.13720640230457926,0.0007639270359772413,0.1875,2.6407314603024314,0.10225534676239285,0.03333333333333333,1.6314346536746676,0.036265068635480534,0.0006731332400012097,53.87502277471153,0.025742723386104917,0.016666666666666666,3.3670536617293205,9
21,Relax,90.0,0.04373037034747407,0.5,2.6756601330422214,0.032434277961442506,0.0117269023936793,0.3615589163914827,0.003534426126831037,0.016666666666666666,0.3724003062432517,0.003475790890801689,3.43310861792171e-05,3.812138094021409e-06,0.11104041608590733,0.0004618025631816008,0.0625,2.616257216606994,0.026526449842880457,0.016666666666666666,1.4133107206395439,0.005939755620731261,0.0006612296845055991,8.982893176026137,0.16199144506191207,0.03333333333333333,1.618705183256765,9
22,Relax,120.0,0.014516035784137772,0.5,3.2595385535282784,0.006132267004393694,0.009105242590302157,1.484808568149163,0.006757473050704078,0.016666666666666666,0.2780163897032778,0.006716745962123404,1.2508370238452883e-05,2.8987627491054276e-06,0.23174583849414146,0.0003880338561623335,0.0625,2.685648889341494,0.1130120536841089,0.06666666666666667,1.928397339601512,0.09899631015052224,0.0048050431492899694,20.602585049657815,0.1601808292581032,0.05,2.515068743840487,9
23,Relax,150.0,3.471435339148206e-05,3.8125,4.103609342762574,3.7390295198472525e-06,3.0936988195519036e-05,8.274068988035932,0.00837639747433239,0.016666666666666666,0.27040611140855586,0.00832071720887685,3.674552258959132e-05,3.0403124803316777e-06,0.08273967183128016,0.00037309427478562164,0.0625,2.7023350336371053,0.02302360820207677,0.06666666666666667,1.9943135089573427,0.015736969354018124,0.0005010687321675591,31.40680777653399,0.07358849099118119,0.05,2.6294565614634213,9
24,Relax,180.0,6.01916528696306e-05,2.625,4.067558690293568,9.092180714104763e-06,5.1320096674345277e-05,5.644421100730219,0.008379151851703024,0.016666666666666666,0.2780508763027946,0.008342184205490964,1.8717633757161314e-05,2.492814066081597e-06,0.1331799787528086,4.7735094489844974e-05,0.1875,2.6398801661568143,0.004704739831594448,0.016666666666666666,2.4574939894048833,0.0018276243949824098,0.0008942145164422921,2.043832169325284,0.04125643912731277,0.03333333333333333,3.0501697901017577,9
25,Relax,210.0,9.1008387810801e-05,3.875,3.9966407273465876,1.9913631045398398e-05,7.225878435390074e-05,3.6286091767577546,0.007686710608763557,0.016666666666666666,0.2699311323506933,0.007650301698055286,2.1236181097020732e-05,2.8441973014996568e-06,0.13393167483859303,0.0004414638436455982,0.0625,2.7115215959555403,0.03308627528700777,0.016666666666666666,1.224449175192092,0.003424766613576147,0.000565891268183719,6.051987026709664,0.1779792599235001,0.016666666666666666,1.4913775403144491,9
26,Relax,240.0,6.65188776840129e-05,3.875,4.069795023852629,5.654316559433398e-06,5.9850791680186405e-05,10.584973630514927,0.006979997542833617,0.016666666666666666,0.24032357523992823,0.006936219626803969,3.2502168946012604e-05,1.882458152824389e-06,0.05791792406073659,0.0002668884880990877,0.0625,2.715399611070467,0.05292464164120581,0.016666666666666666,1.3812006060047473,0.010200219618955066,0.0006832296801836691,14.929415268102805,0.016918065992699783,0.016666666666666666,1.1857179947527936,9
27,CognitiveStress,0.0,0.010251555718302455,0.8125,2.749846772344318,0.008554532335278947,0.002898861379649343,0.33886848117861684,0.0008253466563728295,0.016666666666666666,0.9101027738964726,0.0006944324569253875,8.707982924546084e-05,2.025253940504461e-05,0.23257440420509667,0.0002973558502260848,0.0625,2.618689671193369,4.504727830725141e-05,0.016666666666666666,0.052363663858385104,9.778534612274481e-08,1.283961178116538e-07,0.7615911430140561,3.1773497320084654,0.016666666666666666,1.042825211248778,9
28,CognitiveStress,30.0,0.0015998973000516709,0.5,2.510041409455692,0.0012462134231167887,0.0004724121242340697,0.37907802585897654,0.0022762122801879858,0.016666666666666666,1.81095657322715,0.0015552609112990119,0.0004839164175077138,0.0002069910515134184,0.4277413289250904,0.0003592358792210608,0.0625,2.2323028314728255,0.07687165693913788,0.016666666666666666,1.3411137654918688,0.012876127453780202,0.001973932770510065,6.523083078687126,4.712805540139612,0.016666666666666666,1.7418372563990276,9
29,CognitiveStress,60.0,0.0020138774080821283,1.0,3.097883936690181,0.0012343057150942596,0.0008441075844719223,0.6838723779282354,0.001370383355799358,0.016666666666666666,1.107155176295364,0.0012281085702881547,5.8873647813949934e-05,5.2866537022564125e-05,0.8979660507810008,0.0003364242319632669,0.0625,2.5133684051253304,0.00019533680911251714,0.016666666666666666,2.530811174788306,9.244405253668824e-05,2.9385083020198366e-05,3.1459517222784483,0.47085980890499674,0.016666666666666666,2.0369551988733074,9
30,CognitiveStress,90.0,0.0018600358037584486,0.8125,3.4581191438368104,0.001078330339178541,0.000866550052835107,0.8036035167991604,0.0012529426159657864,0.016666666666666666,0.6342965583138072,0.0011952579974565767,3.5131197268450184e-05,8.77637300675895e-06,0.24981707681908785,0.00024233761973194504,0.0625,2.4325933364729395,2.4187874605079736e-05,0.016666666666666666,0.13590903050656664,1.932187266552504e-07,1.7219906975562169e-07,1.1220660304928418,1.3684709158178636,0.016666666666666666,1.065125002399767,9
31,CognitiveStress,120.0,0.0010355594470026943,0.875,3.8165986588253795,0.00040293125916438877,0.0006590525458491391,1.6356451152881575,0.003169058086174628,0.08333333333333333,2.4894466137938855,0.0008488890197903011,0.0017473337165892738,0.00047354377047615856,0.2710093475449539,0.00028615017634345155,0.375,2.5881150271154167,0.009064428891140225,0.016666666666666666,1.6530772209804219,0.0021856049804949936,0.0004219288094756712,5.180032582299924,1.7126575069742216,0.016666666666666666,1.0211961596513808,9
32,CognitiveStress,150.0,0.0579911343303278,1.0,2.3155384798809284,0.048605227333321205,0.010806771667851114,0.2223376426930639,0.001152405246920072,0.016666666666666666,2.163450859672113,0.0006170091030598538,0.00015964390361720906,0.0002625964609839905,1.6448887494861,0.0007886991762730514,0.0625,2.580777251342002,0.04349680474149681,0.03333333333333333,2.010902418558332,0.019975365412894745,0.002188365474746043,9.127984170565869,0.7115128625203279,0.06666666666666667,1.9607046597803852,9
33,CognitiveStress,180.0,0.04745897232686209,1.0,2.8943872589527366,0.03154490176391259,0.017331013619160975,0.5494077537114944,0.0005302070028272213,0.016666666666666666,2.5994041314035305,0.00021127534514008226,0.0001546141924257808,8.924880475001429e-05,0.5772355263754733,0.00010936714669722293,0.0625,2.3637317096303896,0.004353372192559427,0.05,2.0805785488963493,0.0026338040028933284,0.0004208562014963867,6.258204093295133,1.573560991104443,0.016666666666666666,1.7349313622103357,9
34,CognitiveStress,210.0,0.25355134906811133,0.5,2.173374675446369,0.24595113941996757,0.019029567121725946,0.0773713314221834,0.0002548945912500698,0.06666666666666667,2.3582305433653885,6.245950022403998e-05,0.00014277357552788225,2.6744926260318978e-05,0.18732406302380486,0.000454243401944605,0.0625,2.749594776308175,0.02952124403643907,0.03333333333333333,1.402873313678612,0.008227479821821966,0.00023712177862932025,34.69727609745853,0.5674266031304975,0.016666666666666666,2.1760593147029406,9
35,CognitiveStress,240.0,0.025743197878367822,0.5,1.764336251780918,0.0289116415581325,0.0035937158317942597,0.12429995801408897,0.0013122355063586771,0.016666666666666666,0.8834902995395607,0.0012012740814043546,7.022188028945581e-05,2.98794763850276e-05,0.4255009444615251,0.0004022883853312235,0.0625,2.3480395462341157,0.010538413546015738,0.03333333333333333,1.8943546684172614,0.0035806731398804253,0.0011382490656440265,3.1457729665294862,0.22845610996301727,0.05,2.6181242119098496,9
36,CognitiveStress,270.0,0.08136735034327909,0.9375,2.1199508762822785,0.07098457312033911,0.014604965779009795,0.20574844838821824,0.0011328039599366182,0.016666666666666666,1.9858858281395302,0.0005551851924592786,0.0003615145838554261,0.00018315032045333805,0.5066194522503192,0.0005879850847782924,0.0625,2.102235606210484,0.02788624704771382,0.08333333333333333,2.0445146543558192,0.021591722672761077,0.0013500370782283892,15.99342938128426,0.33375332175599026,0.016666666666666666,2.4056466090704944,9
37,Relax,0.0,0.013226227881322888,0.5,0.8637776074254939,0.02196685214845504,0.0007342456564892997,0.03342516494976911,0.001517726801213092,0.016666666666666666,2.187284807568849,0.0006132713300552043,0.0006985342585363773,9.85244093141406e-05,0.1410444915337102,0.00011466857236288073,0.125,2.6157021555272832,0.247287999502544,0.016666666666666666,0.7655306733435111,0.017928320576502503,0.0018414189041065267,9.73614452231416,0.15842731017789582,0.016666666666666666,2.0210768129214567,9
38,Relax,30.0,0.0011141215147687812,1.4375,3.5013647856699768,0.0005790400533548033,0.0005399177777511943,0.9324359767913377,0.016224933141035475,0.03333333333333333,2.318531214814737,0.004990606179168528,0.009241488997556007,0.00136368735223404,0.14756143221018594,0.00020951158452631657,0.4375,2.7200074379074266,0.0993812984644323,0.03333333333333333,1.8903429671503995,0.04500735207512181,0.0028516434044061865,15.782952386535841,0.04341421134548707,0.016666666666666666,1.8383263640102656,9
39,Relax,60.0,6.092417216282225e-05,1.25,4.063621407372579,8.422516614193277e-06,5.2466435489032363e-05,6.229306262289598,0.03950737474421595,0.03333333333333333,2.3989225415804167,0.017567274703084987,0.016261127086284313,0.003801758654178678,0.23379428953515327,0.0004998228295956706,0.0625,2.7388111455638238,0.03506633678657677,0.016666666666666666,1.1399085930595267,0.0032772775028392484,0.0008418175630474432,3.893097087420291,0.13943299463906864,0.03333333333333333,1.7233115678243482,9
40,Relax,90.0,4.5229162361424025e-05,3.0,4.06532331003204,4.087195679888202e-06,4.102764815641545e-05,10.038092464791823,0.007245814859789941,0.016666666666666666,0.21537536145017688,0.007164741039044738,5.600961073984885e-05,6.688607604824466e-06,0.11941892679617856,0.00021274489008915698,0.0625,2.704870202672695,0.01221115185791777,0.016666666666666666,2.2803319419450543,0.006743568672957166,0.0010983008996970503,6.1400010459950245,0.12855073005369266,0.016666666666666666,1.5958194668338943,9
41,Relax,120.0,0.00029140592450286067,0.5,3.800431174057179,0.0001073056676488736,0.00018273753431322112,1.7029625584286585,0.004603230806035943,0.016666666666666666,0.2596153268987654,0.00456690651706791,1.951793923613181e-05,1.903610885139338e-06,0.0975313460150216,0.0004635787885734818,0.0625,2.6371112988142933,0.011781172672928084,0.016666666666666666,2.0059244998108605,0.004250806498566848,0.0007775909833642313,5.466635531415014,0.13018380566119886,0.05,2.2513616799600475,9
42,Relax,150.0,0.00032060488443751015,3.25,3.5398178269079956,0.00013947582125739712,0.00018247462929520868,1.3082886169815695,0.005084119743891271,0.016666666666666666,0.2570812954104312,0.0050433841031315004,2.222798565358006e-05,2.1759758281765115e-06,0.09789352315089546,0.0002762426009764815,0.0625,2.4583567771133663,0.018127675561989458,0.08333333333333333,2.0802841930989864,0.01391425136918552,0.0007944988660737277,17.51324257761031,0.11012606038956424,0.016666666666666666,2.016497736740562,9
43,Relax,180.0,6.416437643630603e-05,2.1875,4.014568538971603,1.6327161036494864e-05,4.756803854756721e-05,2.91342986335726,0.0049580475568439175,0.016666666666666666,0.23717904662059128,0.004918343857769594,2.6039291342855625e-05,1.0069323276363893e-06,0.03866972854131302,0.0004798651654276834,0.0625,2.5177914831474295,0.01355986403567994,0.05,2.1758080223741154,0.007311224389670357,0.00205133011885709,3.5641383717135913,0.0746670004198103,0.016666666666666666,2.1752423570725035,9
44,Relax,210.0,6.452993085323227e-05,2.625,4.0489521710728,1.291154480800646e-05,5.1476066561930745e-05,3.9868247624413145,0.004472350409132568,0.016666666666666666,0.24212100645680792,0.004430390334178357,2.927500190602997e-05,2.86627402554177e-06,0.0979085854457753,0.0004429164658130929,0.0625,2.4536261490069142,0.025391155727910748,0.03333333333333333,1.904641764007346,0.01217916415400011,0.0010073268618976529,12.090578157576767,0.1544480265413266,0.05,2.426166019295982,9
45,Relax,240.0,5.373534995137598e-05,3.0625,4.04253495679694,6.652931879915916e-06,4.696876512998431e-05,7.059859619452158,0.0031524867981156494,0.016666666666666666,0.22909716754101345,0.0031268727604686366,1.707003856089492e-05,1.3800877174957378e-06,0.08084854129488181,0.000184262778919937,0.0625,2.4988179754162037,0.010064449024413643,0.016666666666666666,2.1902463546459585,0.004414096307798099,0.0008230237886677584,5.363266977912347,0.1319226835666608,0.016666666666666666,2.630253456866246,9
46,EmotionalStress,0.0,0.6813179303812853,0.5,2.5095806969668044,0.604215636381315,0.16579762091218883,0.2744014072610915,0.0025756930456086935,0.03333333333333333,1.5882847541628702,0.0014584063118748805,0.0009772467191944791,2.7686624957555777e-05,0.028331253933886004,0.0003009520358164852,0.0625,2.4823277471586964,0.28584872977651243,0.016666666666666666,0.9788095038293289,0.02098141256761744,0.0026862309285015764,7.810725557880914,0.9876795837713297,0.016666666666666666,1.2782660175975682,9
47,EmotionalStress,30.0,0.23332121579502793,0.5,1.7269322066664625,0.23283816511492114,0.016367395401394598,0.07029515712476174,0.009198891632796363,0.016666666666666666,1.896768615894932,0.0062020130862361226,0.0023416317132886983,0.0004017147451290328,0.17155334156490631,0.0002792373095753639,0.5625,2.6932109172764913,0.10419210246218458,0.016666666666666666,1.289578695060746,0.022888231166440377,0.0009678920490845666,23.647504066272774,0.5678723428004006,0.016666666666666666,2.0125373126178747,9
48,EmotionalStress,60.0,0.028392926965700865,0.5,2.892304211507906,0.01950982687092637,0.01119101861141731,0.5736093244422489,0.009409344896152671,0.016666666666666666,0.6488228236248944,0.008866803254669844,0.00044789107679437393,5.1465176298003515e-05,0.11490556290236408,0.0002469775565709125,0.0625,2.5470149330542085,0.03218068343690058,0.016666666666666666,1.700860500764098,0.009773301254847901,0.000932371107685964,10.482200890055562,0.1522586144506287,0.05,2.5465790139763977,9
49,EmotionalStress,90.0,6.712564722096541e-05,1.25,4.044288571363968,1.2634940138589033e-05,5.459623049087693e-05,4.321051773259433,0.005140647956987492,0.016666666666666666,0.23374480242590132,0.005082169928231888,4.460254901141901e-05,3.9498304594047356e-06,0.08855615983726652,0.0003459377319663903,0.0625,2.667152496198555,0.0035758394681026226,0.06666666666666667,2.049593357490538,0.0018899709959459931,0.00047040244474315574,4.017774603569366,0.060332101082712426,0.06666666666666667,2.9501483080080795,9
50,EmotionalStress,120.0,9.886674447227763e-05,1.25,4.036683407002498,1.645169884273124e-05,8.255314232555853e-05,5.0179098897152805,0.0037677334008910635,0.016666666666666666,0.2461479223511067,0.0037409373741287212,1.4535618211367422e-05,1.190172796500047e-06,0.08187975077449994,0.0005579849195740189,0.0625,2.682435483319607,0.00913330331423208,0.016666666666666666,1.8935318947352675,0.00322838656476561,0.0004917999538361227,6.564430394073137,0.14414809590008257,0.05,2.2064565940724132,9
51,EmotionalStress,150.0,0.00013790968953499347,0.625,4.038993484279862,2.762877534783286e-05,0.00011054988710166781,4.001259039168347,0.002852182609404547,0.016666666666666666,0.25834864850204825,0.0028296505667791995,1.2539451687504019e-05,1.7448353990704428e-06,0.13914766311586252,0.00018467177142295895,0.5,2.6539192009344124,0.011324080861860838,0.06666666666666667,2.165213461831126,0.007848695755865453,0.0006583918484397193,11.921009919040726,0.08830643308609698,0.03333333333333333,2.562100291219145,9
52,EmotionalStress,180.0,0.00011755708547204471,3.4375,3.8854606412406314,4.3776787032073446e-05,7.55990916080324e-05,1.726921885625002,0.0022516435459673623,0.016666666666666666,0.29611017844453363,0.002235891827816431,6.116741696131995e-06,9.730992793363177e-07,0.15908784900164583,0.00011306876573625542,0.125,2.64591564636491,0.011533976741465956,0.016666666666666666,1.6312793097968914,0.0021228365675265595,0.0004900033175742668,4.332290193534892,0.1176954710868484,0.016666666666666666,2.3222369487026877,9
53,EmotionalStress,210.0,0.0008741877170511101,0.5,2.904590582295917,0.0005885072432329877,0.0002869856371268794,0.4876501358765144,0.0018272355300745478,0.016666666666666666,0.25507921296295477,0.0017993945367894663,2.1240472723797593e-05,1.3495172685991605e-06,0.06353518050882061,0.0002340615464254837,0.625,2.687293227754032,0.02524273480804183,0.016666666666666666,1.495565907622313,0.005571197868876237,0.0005445300256104082,10.23120417029534,0.05599577897508362,0.03333333333333333,2.448061616397972,9
54,EmotionalStress,240.0,0.0005455340749818166,0.9375,3.418335910819497,0.00031650861697078833,0.0002544230698434401,0.8038424744275499,0.0014818655592152435,0.016666666666666666,0.2593428298383181,0.0014647301309878788,1.1315866415945315e-05,1.7622160298451528e-06,0.1557296600251479,0.0007115321212743757,0.5,2.7178804551608216,0.023802675947113605,0.016666666666666666,1.8106563521662926,0.010171002072255622,0.0005000532676444452,20.339837234075528,0.13866340149964096,0.016666666666666666,2.4144002838317182,9
55,EmotionalStress,270.0,0.001173878023530344,3.9375,3.183611596766725,0.0008011461467103302,0.0005121415890884092,0.6392611275625143,0.0008857070229678402,0.016666666666666666,0.2819339201889415,0.0008745717095087476,5.613175605052286e-06,2.4010283473814075e-06,0.42774866070826273,0.00037867494779989614,0.1875,2.7201158314534455,0.011134882837738475,0.016666666666666666,1.8349987252830187,0.0036029462389908476,0.0006774891049908255,5.318087349965043,0.01930258381501405,0.016666666666666666,3.0696011118058912,9
56,Relax,0.0,0.019736627933146022,0.625,2.6566715382654436,0.012232157795391463,0.0076589089466775236,0.6261290178551377,0.00142621355575383,0.016666666666666666,0.33782836427859464,0.0014129457498361477,5.633225508674453e-06,1.4170794380463728e-06,0.2515573778937574,0.0008109309984780303,0.125,2.680012536825522,0.08273991931587786,0.016666666666666666,0.7409272320379363,0.010798037802075045,0.0009330742871100012,11.572538168980806,0.22174314118713292,0.016666666666666666,1.7481881551304763,9
57,Relax,30.0,0.011991582174957856,0.5,1.7396754656704092,0.011278614115927165,0.0007736469716409098,0.06859415205529547,0.0010006692573718435,0.016666666666666666,0.23467821009476084,0.0009927866543006237,5.0462571445703054e-06,3.252756420441687e-07,0.06445879247238923,8.840532990233042e-05,0.0625,2.588200221252331,0.08420392903408112,0.016666666666666666,0.6181020227308706,0.004480778959797825,0.0012266451565138708,3.652872989391824,0.13671205786757393,0.03333333333333333,2.1256808832964587,9
58,Relax,60.0,0.011761288634473786,0.5,1.622522407071683,0.011408172897206331,0.0006253688522108064,0.05481761697036944,0.0008794568423550409,0.016666666666666666,0.2896773487561481,0.0008677963532588899,7.873407692179055e-06,7.634508423867835e-07,0.09696574497788896,0.0004282145510157707,0.1875,2.6573220646048963,0.02344734681342769,0.06666666666666667,2.0566291312165426,0.01834750789204887,0.0017902781057832814,10.248412150480654,2.567906592516314e-34,0.016666666666666666,0.0,9
59,Relax,90.0,3.9604671711581345e-05,3.3125,4.018188902232101,5.997024690221057e-06,3.321643281210752e-05,5.538818752284164,0.0005318308257793938,0.016666666666666666,0.2796719217977765,0.0005262729013637095,3.6001776750418573e-06,2.429257613247398e-07,0.06747604792086141,0.0002714388981877371,0.0625,2.4602832123945713,0.009819367255679445,0.03333333333333333,1.9338266922925078,0.004732847794232971,0.0003532991715265244,13.396147445756597,2.567906592516314e-34,0.016666666666666666,0.0,9
60,Relax,120.0,8.472313329132644e-05,3.3125,4.071888667136186,9.783951598615374e-06,7.514338907063954e-05,7.680269910704979,0.0003216012950517691,0.016666666666666666,0.3021345774926463,0.00031618204995666584,3.6841178819598658e-06,8.67587567476639e-07,0.23549397583746762,0.0003592875100449475,0.0625,2.629094407413937,0.009424868307380109,0.016666666666666666,2.0206958994566007,0.002995617666283235,0.0007530810460364073,3.9778157769999347,0.0973070450713709,0.03333333333333333,2.199767446552824,9
61,Relax,150.0,9.545791086801685e-05,0.6875,4.0893383537282,1.42920663160972e-05,8.114640127794592e-05,5.677723534388479,0.00023025113096157037,0.016666666666666666,0.29842215195886385,0.00022583243179951523,2.988205924529854e-06,7.891892179138152e-07,0.2641013497213989,0.00032530635467966414,0.0625,2.4918498573436167,0.003362853289883395,0.08333333333333333,2.0571787608932066,0.0026531484593029955,0.0004100695841792362,6.469995731610609,0.010187753141126972,0.016666666666666666,1.7527243309979728,9
62,Relax,180.0,0.007223769448670933,0.5,3.3328642364599976,0.003914328673879583,0.0033946315783284927,0.8672321261576621,0.00019806887109428056,0.016666666666666666,0.30921627634062326,0.00019544655880894576,1.3712821014914905e-06,5.459339118413268e-07,0.3981193302585483,0.00027204750572371896,0.0625,2.3592211818104047,0.010816971070570613,0.05,1.6690508328128721,0.0060836440150807605,0.00046892380875065027,12.973630047255144,2.567906592516314e-34,0.016666666666666666,0.0,9
63,Relax,210.0,0.012198154282189245,0.625,2.0585395373981914,0.010208807855868956,0.002755869015899392,0.2699501307897637,0.00019714133018067717,0.016666666666666666,0.3917759823067565,0.0001929856688195588,2.499224035784389e-06,7.744687398802784e-07,0.30988367941060113,0.0003401788356787505,0.0625,2.453258425805253,0.006138292286397194,0.016666666666666666,2.2904303404807944,0.003236422613928616,0.00037663053701963306,8.593096671181252,0.10612543804438268,0.016666666666666666,1.776930816837249,9
64,Relax,240.0,0.00023639404389589244,3.375,3.5928986843950375,0.00013654895673583697,0.00014505395605075576,1.062285348187407,0.00012722950511025755,0.016666666666666666,0.33296620274285366,0.00012375026837893642,2.563258854873763e-06,4.2262302774564006e-07,0.16487723311364652,8.66678748054842e-06,0.25,2.792295921586038,0.010374939442699785,0.06666666666666667,2.061246717902867,0.007713150893704476,0.0006164960071521615,12.511274694761717,0.2608963944509685,0.016666666666666666,1.6689826220533182,9
0,Relax,0.0,0.020287193610761155,0.5625,2.6239657259372637,0.014682571088703644,0.006088714535477668,0.41468994079396304,0.002503212637671469,0.016666666666666666,1.1897316727099,0.0021470901955755305,0.0002673494906010445,6.770095815630875e-05,0.25323017449596086,0.003148732007197703,0.0625,1.520704206361676,0.08433514132505586,0.016666666666666666,0.9356027157817286,0.00822250826942534,0.0018435197073252672,4.4602226039423485,0.4567915627266031,0.016666666666666666,1.3968637840424274,10
1,Relax,30.0,0.012771449601906444,0.6875,3.1456162583508243,0.0072058417725016,0.005871331956561983,0.8148016764630782,0.0009376306345413623,0.016666666666666666,1.3099100574625635,0.0007881143131544346,9.803343435776075e-05,4.3706636772744754e-05,0.44583398571188326,0.0020553886055970105,0.0625,1.5114247413389048,0.13798375783535777,0.016666666666666666,1.3159270020025067,0.021028362997887875,0.0016232136659053333,12.954772030063884,0.335899983349682,0.11666666666666667,2.614225665827318,10
2,Relax,60.0,0.020137269342558148,0.5,2.694509034245783,0.01741027944815101,0.0054806589142764985,0.3147944253622276,4.6561351668489925e-05,0.016666666666666666,2.1056293264292716,3.028937282545285e-05,8.365730001211324e-06,2.190126104814118e-06,0.2617973690875747,0.0014939226348129966,0.0625,1.3283896151378152,0.0609273625352336,0.03333333333333333,1.7226162990055571,0.020310999760990697,0.0016652216879856111,12.197174650998301,0.34942870421771965,0.016666666666666666,1.6328854598278448,10
3,Relax,90.0,6.978950205065149e-05,2.75,4.076066023673944,1.2490090355872675e-05,5.6964622900196164e-05,4.5607854929097575,6.0173058477348175e-05,0.016666666666666666,1.525040249095771,4.744368181673197e-05,7.803509456956938e-06,4.826075814312446e-07,0.061844940932440744,0.0012966090487170558,0.0625,1.666925309744809,0.048058383024342614,0.016666666666666666,1.0906488952975941,0.007235806253865305,0.000711399514388981,10.171227429189516,0.0005040333146404889,0.016666666666666666,0.009668246317596822,10
4,Relax,120.0,4.4257647091478186e-05,2.375,4.038769246719861,6.654296978429862e-06,3.831182751605368e-05,5.757456819291777,0.000104849809773097,0.016666666666666666,0.8336935836429932,9.563500613716996e-05,5.468155720543797e-06,6.66251019552826e-07,0.12184199821700921,0.000874741216207626,0.0625,1.7158905792056651,0.05900258613545008,0.03333333333333333,1.8498416234223607,0.026154277468421448,0.0012514604403761906,20.899004574654743,1.643460219210441e-32,0.016666666666666666,0.0,10
5,Relax,150.0,0.00011811697919412444,2.3125,4.090040715210465,2.3103107497009763e-05,9.47641747886841e-05,4.101793440598821,0.00019738653633656286,0.016666666666666666,0.835431070023036,0.00018679234666112073,6.174689313263833e-06,3.415936489141721e-07,0.05532159297155174,0.001231426830377555,0.0625,2.324626072504248,0.07465206962035963,0.016666666666666666,1.7396275151618121,0.02537425151030931,0.0015561634922838588,16.30564631295232,1.643460219210441e-32,0.016666666666666666,0.0,10
6,Relax,180.0,1.7525642890242878e-05,3.8125,4.014693778785999,3.4568444491449124e-06,1.3857598497800134e-05,4.008742279748214,5.291317659700806e-05,0.016666666666666666,1.8219694407480085,3.5458392438157476e-05,8.234359279896669e-06,4.238906890570592e-06,0.5147828442365203,0.001448160038732382,0.0625,2.350215640182612,0.029575004729406325,0.016666666666666666,1.2864917045630961,0.004456894691056219,0.0007163539645069937,6.221637503079257,1.643460219210441e-32,0.016666666666666666,0.0,10
7,Relax,210.0,9.143215526458738e-06,3.3125,4.03409091931478,8.594566526278431e-07,8.188173521587519e-06,9.527151249049803,0.00011731960506171024,0.016666666666666666,0.9846230399645411,9.835406666806537e-05,1.180671776420033e-05,2.4623692602423105e-06,0.20855662932068803,0.0010668835374498362,0.0625,2.3563894521134627,0.007550850498824694,0.016666666666666666,2.533167747306243,0.003435738531666904,0.0009570340063953228,3.5899858403231084,1.643460219210441e-32,0.016666666666666666,0.0,10
8,Relax,240.0,1.906373121020853e-05,1.5,4.080324519507944,3.1510713750610904e-06,1.5758916792841493e-05,5.001129748302186,0.0002918308109731916,0.016666666666666666,0.5829430899334146,0.00027839139706235913,7.206375426405864e-06,7.680490483656239e-07,0.10657910571121657,0.000906034243494438,0.0625,2.6922891702040848,0.021785902365974493,0.016666666666666666,1.372632636899792,0.0038094874495459476,0.000368138451650139,10.347974878664129,1.643460219210441e-32,0.016666666666666666,0.0,10
9,PhysicalStress,0.0,0.2193053718033559,0.5,1.6217124908556453,0.20754714842913527,0.013633369891820605,0.06568806170071555,0.008470877410641137,0.016666666666666666,1.6565388784803978,0.005696551799358479,0.0014160876413503026,0.000935922064505128,0.6609210031751175,0.0008987595078513383,0.0625,2.3729855223951186,0.04376602733802764,0.016666666666666666,1.094253457006557,0.004821506409664513,0.0009298754969614311,5.1851096468503854,2.5014049431220844,0.016666666666666666,1.3524495146591282,10
10,PhysicalStress,30.0,0.5976786525747415,0.5,1.753910051563397,0.6200364194719624,0.04394308755897538,0.07087178459032833,0.00361019528108723,0.016666666666666666,2.3417234303951586,0.001737000762645064,0.0011516717884040458,0.0004877277786648891,0.42349546422489737,0.0008275505687258585,0.0625,2.3709902337962245,0.100618421610201,0.016666666666666666,1.3508460212135698,0.02534071736452112,0.0032687654108897357,7.752381764717569,0.3759119098633264,0.016666666666666666,2.329953606371818,10
11,PhysicalStress,60.0,0.19735213749305397,1.0625,2.9892812278809417,0.14712228742894357,0.06468465510725258,0.43966591491784457,0.006176404549679359,0.06666666666666667,2.236741893834446,0.002021555449256671,0.0034106018146405235,0.000598442713240218,0.17546542978758536,0.0009686072502083846,0.0625,2.4136969970649176,0.14853456369821363,0.016666666666666666,1.5966989996747174,0.029059776687480457,0.007490210284019727,3.8797010478436285,0.5889948937883778,0.03333333333333333,1.8105147378063713,10
12,PhysicalStress,90.0,0.08757558628470677,1.0625,3.767409764034448,0.0267585449247952,0.06211152149488344,2.32118456625529,0.00480647667520179,0.016666666666666666,2.455799048116568,0.0014779383868512514,0.002526068371924697,0.0005527770589059102,0.21882901708029803,0.0007190552668075725,0.0625,2.545863268241944,0.020016668458376945,0.03333333333333333,1.5837154215930849,0.006225462320941874,0.00026846793867718415,23.18884836534467,0.5584496675943319,0.03333333333333333,1.8855929535204956,10
13,PhysicalStress,120.0,0.12726126245883582,0.5,3.206958671881851,0.07125335995710175,0.05662716030252518,0.7947296848403738,0.0058135689258345296,0.016666666666666666,1.509967024917824,0.004632459086833787,0.0007106932097017815,0.0003627951911843528,0.5104807337846771,0.0011064480702680005,0.0625,2.6536265310790905,0.0020085830978467402,0.03333333333333333,2.1834683932967964,0.0009539924095097691,0.00018704152086007695,5.100431204381817,0.3392395224380537,0.016666666666666666,1.6445734198618196,10
14,PhysicalStress,150.0,0.13116371586826714,0.5,3.325326702123987,0.07726571785766803,0.06167637665857059,0.7982372825705868,0.003224356144950446,0.016666666666666666,2.320108161083501,0.0015459819519146603,0.0009831473203791268,0.0004613002898965291,0.4692076968878274,0.000453541346479462,0.0625,2.609626028503389,0.03969215603299669,0.016666666666666666,1.4694805541069058,0.009154858506173985,0.0010189123527027354,8.984932297552474,0.3040671634929743,0.016666666666666666,1.7695751287023147,10
15,PhysicalStress,180.0,0.094036994151774,1.8125,3.820947457693676,0.021238013972231268,0.07401049819728456,3.4848125768282,0.012742920429804901,0.016666666666666666,2.4646696681329416,0.004787279561804694,0.004874495510783128,0.0022571242695031855,0.46304776863781744,0.0001412603616497071,0.125,2.7217865216640873,0.044005724311159254,0.016666666666666666,0.7564063492408387,0.001123589658517502,0.000734529523297967,1.5296725630206018,1.643460219210441e-32,0.016666666666666666,0.0,10
16,PhysicalStress,210.0,0.10574518877989211,1.8125,3.5674927261268,0.04073350747246683,0.06473421043697916,1.5892127747833948,0.008087359191225753,0.016666666666666666,2.0055089411534284,0.00487831453742821,0.0013479702223064818,0.0012838456168258545,0.9524287670309919,0.00011649306713934742,0.0625,2.704513267026033,0.03729942378851555,0.016666666666666666,0.966533055071592,0.0018956095227819427,0.0004793984106816938,3.954142276121501,0.2819063491419197,0.016666666666666666,1.5633781508854783,10
17,PhysicalStress,240.0,0.07067189524668997,3.5625,3.7629984069213274,0.0084071241667147,0.06263000419173323,7.449634732373355,0.019615797162920626,0.016666666666666666,0.8329684419107691,0.017730409069052697,0.0006937189301632221,0.0008551742554051402,1.2327388200346932,7.533312873100021e-24,0.0625,1.5971105743953495,0.05957224508760472,0.016666666666666666,1.0103659234211309,0.003664152966705723,0.0012156043856785454,3.0142643526745814,0.2438777360035393,0.03333333333333333,2.3113758832522584,10
18,Relax,0.0,0.10830866992109442,0.5625,1.3945040353685467,0.10444436420432048,0.004345466361994256,0.04160556096156024,0.001315687802486958,0.016666666666666666,1.722307556771502,0.0008683491465485484,0.0002764152758786618,6.43670290137423e-05,0.23286350151645577,0.000160498747813939,0.125,2.719608138527959,0.11753294710211204,0.016666666666666666,0.7836667628985342,0.011685166534042868,0.0026184537460974913,4.4626209462199915,0.0011576999962523962,0.016666666666666666,1.5458871264108387,10
19,Relax,30.0,8.336841676551628e-05,2.0625,3.870626421134123,2.8747434237022893e-05,5.592654775347537e-05,1.945444845350733,0.00041912024592441385,0.08333333333333333,3.055937632483848,6.034785484850784e-05,0.0002278631555291475,4.31847225979574e-05,0.18952042728309076,0.0003463069657466261,0.125,2.5783139151102086,0.056631358824596856,0.016666666666666666,1.8658348503416406,0.016042742494878127,0.002735503262865244,5.864640233722295,1.643460219210441e-32,0.016666666666666666,0.0,10
20,Relax,60.0,4.338807055985398e-05,2.125,3.938147493648907,1.3487790139485512e-05,2.9847058371070294e-05,2.212894630061971,0.0004564893421608175,0.06666666666666667,2.9841238262689735,2.782720639679181e-05,0.0002445784553318231,7.656822539999189e-05,0.31306202051243914,0.00021915699729702857,0.0625,2.556934884365531,0.08725793137828224,0.016666666666666666,1.4844448694535817,0.01834298522927862,0.0022284202751068033,8.231385001377031,1.643460219210441e-32,0.016666666666666666,0.0,10
21,Relax,90.0,1.7525349149199338e-05,3.3125,4.025064556976876,3.1646376980211e-06,1.4129828147523739e-05,4.464911783222248,0.000541615684383873,0.016666666666666666,2.1272076108648266,0.000360113016275196,3.9028551429331836e-05,6.347235860915389e-05,1.6263057757621862,4.05502862646919e-21,0.9375,2.6537609925313985,0.05515113818556855,0.016666666666666666,1.6085776891626182,0.015873550869322708,0.0012734541695159183,12.464956532638128,1.643460219210441e-32,0.016666666666666666,0.0,10
22,Relax,120.0,6.578472570901775e-05,0.5,3.9593000622431482,1.8097710421733173e-05,4.756290336968099e-05,2.6281171629624303,0.0011771885008247003,0.016666666666666666,1.797764338199834,0.0007858057808115875,0.00030693241498182434,1.608510736236001e-05,0.05240602353228975,0.00021999010734396302,0.125,2.7075860817865856,0.06797924240027572,0.016666666666666666,1.7322039533439082,0.023399701092604055,0.0012662826755356494,18.479050171562807,1.643460219210441e-32,0.016666666666666666,0.0,10
23,Relax,150.0,0.00010157517883690849,2.875,3.9879373229601143,2.315936666607974e-05,7.749759829643367e-05,3.3462745080132166,0.0028153402263872414,0.016666666666666666,1.5983685569481343,0.0022459012937526574,0.0003454505109942256,9.620811029975525e-05,0.27850041391707026,4.971295986636178e-05,0.3125,2.7556701102989494,0.029398625183999827,0.016666666666666666,1.8320223935268387,0.014550378939549798,0.0009145033454415974,15.910689678804486,1.643460219210441e-32,0.016666666666666666,0.0,10
24,Relax,180.0,0.000127202312860951,2.625,4.024335332570947,2.633824236521603e-05,0.00010037971926956014,3.811177597869174,0.0006479862943267352,0.016666666666666666,2.68884338884679,0.00023900132238470484,0.00021800766037239475,0.00010593092170802769,0.48590458485302473,0.0001719462892692461,0.5,2.5716094099274898,0.055051923716008005,0.016666666666666666,1.3651282249078398,0.01221236745150933,0.0008123872821651874,15.032691574098422,0.001272457914464723,0.016666666666666666,0.23478133572643053,10
25,Relax,210.0,0.00011507973567335436,1.6875,4.037623008959278,2.4470309739659337e-05,9.202746173024335e-05,3.7607804195912276,0.00186943373881498,0.016666666666666666,0.7150207409369763,0.0017045739754108517,0.00010521508096746739,1.0639544714021545e-05,0.10112186025225131,0.00030902397662492607,0.5,2.734353687152165,0.02036486156672535,0.016666666666666666,1.738922536176322,0.005905792285929629,0.0007226039901140653,8.17293063244417,0.23726025868845793,0.03333333333333333,2.837118831589133,10
26,Relax,240.0,0.0001293979617776638,3.5625,4.077010453809843,2.4961421291605802e-05,0.00010388077332471236,4.161652980859952,0.0016073871739399252,0.016666666666666666,0.751402613144874,0.0014633777392959629,7.176373733778187e-05,1.3984120958141515e-05,0.19486333177326337,0.0003700049537594052,0.5,2.631421231757092,0.018526996107225076,0.016666666666666666,2.0454845117783886,0.009435434929583408,0.000896415370241156,10.52573978851463,0.0023835734503485076,0.016666666666666666,1.9893732160189506,10
27,CognitiveStress,0.0,0.020892298077236592,1.1875,3.0855832886223356,0.01359589500948547,0.007882287006427891,0.5797549187404465,0.002916550648307394,0.016666666666666666,2.7426812476503883,0.0007881864675606883,0.0011752530182852778,0.000504640482971621,0.4293887997904515,0.0007142288529590095,0.0625,2.6403896174791655,0.03505230891559763,0.016666666666666666,1.0213983711412151,0.003951527441331018,0.00043615703732038436,9.059873172305085,0.1456652627292756,0.016666666666666666,2.331907793900198,10
28,CognitiveStress,30.0,0.017247046827476437,0.9375,2.7729270502241024,0.01189019557426699,0.005681453127163569,0.4778267179607616,0.0015123025524220609,0.05,2.6466711232108726,0.00044149693726622025,0.0006706774793739496,0.00024175417622553403,0.3604626421200274,0.0005112330582108097,0.0625,2.5043026385805174,0.04483246106975783,0.05,1.9098464976761442,0.0254280719034165,0.0024296597232932667,10.465692648084145,0.32781526899755165,0.1,2.462857207584744,10
29,CognitiveStress,60.0,0.051041263961362694,0.75,2.845836416001211,0.036319737184667175,0.015222269792300557,0.4191183905021985,0.0019763708261198503,0.016666666666666666,2.366925220400585,0.001050809348936594,0.0005134740025073182,0.00015455254886910484,0.3009939122806945,0.0006240037101510705,0.0625,2.6575952571512076,0.10014314858859859,0.03333333333333333,1.4328422648094532,0.029112007504015516,0.001771949271684244,16.429368475286232,0.4026461504195851,0.03333333333333333,2.3393131110536585,10
30,CognitiveStress,90.0,0.016878981309964708,0.625,3.0517738426453525,0.010503999284771488,0.006714399760552797,0.6392231738141124,0.001572297078249139,0.016666666666666666,2.6434814076019966,0.0007531513844143169,0.00031948079611267337,0.00020189025444441859,0.631932363074545,0.00047368016437759615,0.0625,2.652161931868653,0.05018758526600874,0.016666666666666666,1.8917401925407589,0.020287810340204226,0.0019411829343519405,10.45126143506782,0.48731965675272737,0.06666666666666667,2.2771999912550096,10
31,CognitiveStress,120.0,0.008367657601632304,0.5625,3.259616510116347,0.005087104423500447,0.0035546307707315424,0.698753254269861,0.0013788052708243916,0.016666666666666666,2.625648177627655,0.00044324660432829986,0.0006153982112468122,0.00011026718468894187,0.17918021644154244,0.0009085012859388629,0.0625,2.6046650380059178,0.020335330004844956,0.03333333333333333,1.6153755154246414,0.005585346386916227,0.000991434713916815,5.63359978071623,0.017465598522328225,0.1,3.0655410061731874,10
32,CognitiveStress,150.0,0.19729249261434448,0.5,2.3584500940798057,0.20725204854691576,0.03588947563075036,0.17316825518675652,0.00152371854120925,0.05,2.4902818973391843,0.0005560867112505962,0.000486321098353128,0.000323757863402659,0.6657285988599482,0.001638518307885055,0.0625,2.571182665741762,0.0330717673208852,0.05,2.239738597549092,0.024525884453031305,0.0033109632319215316,7.407477140360029,0.5627553811551448,0.08333333333333333,2.6042493771097,10
33,CognitiveStress,180.0,0.38434469952013567,0.5,2.2655988736635786,0.3440627788967131,0.05259327069022521,0.1528595184253092,0.00034357412393621874,0.016666666666666666,3.433051852106083,5.358569743830487e-05,8.26195939574171e-05,6.875731757603733e-05,0.8322156316996122,0.0012803184886423541,0.0625,2.598267917573967,0.1644278253911548,0.016666666666666666,1.5590767098037492,0.03734832949202475,0.003048580839280466,12.25105433019772,0.5234234138507275,0.016666666666666666,1.9474669375946279,10
34,CognitiveStress,210.0,0.2083064501694061,0.5,1.8911508411740192,0.18780625732430312,0.024793137041544767,0.13201443548673714,0.0016487749928108051,0.016666666666666666,2.2671120414635,0.0010363331102964484,0.00021527602103220043,0.0001575304319547869,0.731760235995926,0.0001374352483860699,0.0625,2.7125201988017844,0.06537670108834012,0.03333333333333333,2.0106846847720945,0.030725644801747307,0.0017888153246980894,17.176532634487064,0.4052564779920296,0.016666666666666666,2.3077724693933552,10
35,CognitiveStress,240.0,0.07208095159448707,0.875,3.2960336211370773,0.03856857993820903,0.03482786220532404,0.903011266194451,0.0017994677114745662,0.06666666666666667,2.4279395561856587,7.952061176221707e-05,0.0013677674540365494,9.514991849578155e-05,0.06956585947046445,0.00014062966143677625,0.375,2.6596569726600707,0.08708514840018419,0.05,1.8060779362904225,0.07521909401164893,0.0032884304966420415,22.873858543903665,0.2257877378245114,0.016666666666666666,2.6109711737851145,10
36,CognitiveStress,270.0,0.08701936707662514,0.875,3.549186558159047,0.04085320452118052,0.0475809977970474,1.1646821431689363,0.0006566223063879103,0.016666666666666666,2.7687124854907252,0.0002865489319691706,0.00011178053953243716,0.00013293826813885038,1.1892791777076146,0.0010350160779719726,0.6875,2.6691654634981967,0.029322919441416243,0.05,2.228381312792418,0.02300421231436699,0.00265246686793194,8.672761417865619,0.13918869392582844,0.016666666666666666,2.1214554993061796,10
37,Relax,0.0,0.002730872591691914,1.0,3.467375774357631,0.0009838115877025223,0.001912623577883747,1.9440953956948839,2.9064527434897513e-05,0.016666666666666666,2.6616850562144743,1.44890407617753e-05,1.2083052419403213e-06,2.0929276617444515e-06,1.7321183332645196,4.357622790010324e-05,0.1875,2.7861512402431385,0.10011556719073338,0.016666666666666666,0.9706351560739493,0.015570904639907122,0.0022053506157066662,7.060512069604722,0.1504491973132158,0.016666666666666666,1.552743789536389,10
38,Relax,30.0,0.00010021772404631858,3.8125,4.068721754022856,2.0563909914139545e-05,7.967407606567533e-05,3.874461442319985,0.00046081233207827406,0.016666666666666666,1.8431022066782736,0.0003435300267061152,2.2148018449059668e-05,3.891018536819214e-06,0.17568246774620208,0.0001512275992318011,0.125,2.7216971693464296,0.013487117791513861,0.016666666666666666,2.1358099004084927,0.007211339801863403,0.0006904372279457578,10.444598741176137,0.2029434866528802,0.016666666666666666,1.5232764801327023,10
39,Relax,60.0,8.210878188465422e-05,3.75,4.074767629020782,6.542045969029064e-06,7.510830563780562e-05,11.480858739510325,0.00047960707069227317,0.016666666666666666,1.1835162701673545,0.00042754433163133873,9.956241465468073e-06,7.776799011619099e-06,0.7810978709779101,0.0001339373326492065,0.125,2.716838222331017,0.04167436795242865,0.03333333333333333,1.868072817068662,0.009084939739866418,0.0028897223574388003,3.1438797974759494,1.643460219210441e-32,0.016666666666666666,0.0,10
40,Relax,90.0,0.0005184508444756612,1.3125,3.782104526641293,0.00017942320175775745,0.00034950281732882253,1.9479243147198582,0.0003533828371001804,0.016666666666666666,1.350246869193241,0.0002949119419724013,2.5177235379381865e-05,3.437771704987193e-06,0.13654285918153078,0.00022795583221524605,0.25,2.6509989569180252,0.036093318161986535,0.016666666666666666,0.7549857234178914,0.002510066924155524,0.0005824124320347335,4.309775660842744,0.02737749923241486,0.016666666666666666,0.8689814890005766,10
41,Relax,120.0,0.0008687147271934502,1.3125,3.3412404783111804,0.0004836258250958342,0.0004522177206914282,0.9350570156211524,0.0004187758149807452,0.016666666666666666,1.2982057871936468,0.0003482291728036326,2.779443735326583e-05,2.28248430933253e-06,0.08212018398941756,0.00017372265698299745,0.25,2.663494549185107,0.10133985016660908,0.016666666666666666,1.6295274207554264,0.02473210259777163,0.002265494197817795,10.916868655675426,1.4979593629765844,0.016666666666666666,1.7025642709169873,10
42,Relax,150.0,6.92424126344358e-05,3.125,4.026207522965816,1.0905217101398063e-05,5.879491553633172e-05,5.391448422314686,0.0002642451714625409,0.016666666666666666,1.542297070362506,0.00021273674604655243,1.999585338261143e-05,1.3264627062079311e-05,0.6633688899526713,5.7847665934737194e-05,0.125,2.7900098979869252,0.028508898295310035,0.016666666666666666,1.4597895722080354,0.00895079363378686,0.0013845176808502157,6.464918258241589,0.05567677616814834,0.03333333333333333,3.3683850000764592,10
43,Relax,180.0,4.8231471288586315e-05,3.625,4.09006059787771,5.813624123405401e-06,4.2119257919331286e-05,7.2449227926107165,0.0006225899663317944,0.016666666666666666,1.2332640399870436,0.000538406146949722,2.630157024940011e-05,6.306408711947433e-06,0.2397730877718706,0.0005642690170563177,0.1875,2.6084009499115974,0.0155222819085045,0.016666666666666666,1.9588886878446898,0.004996346702933887,0.0009240958765492535,5.406740609633687,0.3257321002865428,0.016666666666666666,1.5578949613082373,10
44,Relax,210.0,3.413503839969542e-05,1.75,3.8687023843632855,8.894836263170216e-06,2.509005226400178e-05,2.8207435776967764,0.0005493687538940914,0.016666666666666666,1.3158925560209906,0.0004709822358584388,3.135036631317349e-05,2.2221731135412175e-06,0.07088188671682141,0.00033929449261859475,0.5625,2.705488638171807,0.016958259135888765,0.016666666666666666,1.9589092603706793,0.006760245473123771,0.0009541752535526716,7.084909661986531,0.329931811713713,0.03333333333333333,1.899313249887736,10
45,Relax,240.0,0.00011627587427770817,3.125,3.7181354591256817,2.8518256915733188e-05,8.793085839863609e-05,3.083318123490418,0.0004926234503876612,0.016666666666666666,1.1524599883450715,0.0004312096219659757,2.7071760767499672e-05,4.607769013341363e-06,0.17020573773956754,0.00036534571980588394,0.375,2.6581141778713953,0.0624659951305987,0.016666666666666666,1.5079137869330428,0.017610438245263663,0.0014560522955623146,12.09464680556866,0.28847877030350855,0.05,2.449269272234073,10
46,EmotionalStress,0.0,0.32379384154108193,0.5625,2.6214906421355226,0.2533932133500733,0.08168877269648311,0.3223794813463558,0.0013161575829641191,0.03333333333333333,2.532198712552843,0.0005076313161831336,0.0005519903959869556,0.00014605036102120205,0.2645885908215212,0.0009465521003711468,0.5625,2.7037096335027355,0.22245610435094007,0.016666666666666666,1.2188189347204865,0.03508276034827262,0.004186366972602752,8.380240093108926,0.33020202206897775,0.016666666666666666,2.449247678955072,10
47,EmotionalStress,30.0,0.16747068626079928,0.875,2.2796683693030513,0.14364021163864715,0.033709171548294434,0.2346778187231855,0.0019706287263977717,0.016666666666666666,1.7383423650983436,0.001496790300810483,0.00023339330167288294,0.00013095968903553985,0.5611116004481098,0.0013386471531852942,0.5625,2.7112995677110945,0.14326014647185575,0.016666666666666666,0.8794148612237725,0.017735634738214805,0.0009375025491881216,18.91795894696381,0.5924501814594034,0.016666666666666666,1.7092627836524228,10
48,EmotionalStress,60.0,0.07735497598275141,0.875,3.2369903971705165,0.04713491974322645,0.033900001077596074,0.7192120250181967,0.0019711470453591044,0.016666666666666666,1.531775528202157,0.0015355665929135754,0.0002195131476053566,0.00011441372398830567,0.5212158143438408,0.0011645954811484987,0.5,2.678157197975717,0.10202101189487095,0.03333333333333333,1.6111564462229828,0.02749523971759159,0.0019859540867075793,13.844851651719033,0.3007105009161271,0.03333333333333333,1.9714411023691198,10
49,EmotionalStress,90.0,0.18886650216894899,0.5,1.9732823320493655,0.1639875388500608,0.026445167400448878,0.16126327394076306,0.001145015342220707,0.016666666666666666,0.9888958281647836,0.0009933376383779056,5.650833954278142e-05,4.0650911739697844e-06,0.07193789813788776,0.000600200764526981,0.5,2.616453551241582,0.028359249394667052,0.03333333333333333,2.1374423586689466,0.013412649680967515,0.0017988393521814541,7.456279886640229,0.204361353731126,0.016666666666666666,2.372600879829908,10
50,EmotionalStress,120.0,0.0068794569003541835,0.625,3.3360537116897295,0.004633602189957206,0.0031708133284367983,0.684308492280405,0.0006065783526251456,0.016666666666666666,1.1988519244504678,0.0004930639614406821,8.981775285731399e-05,7.79108127532054e-06,0.08674322199640848,5.786570552101284e-16,0.0625,0.47318350212395915,0.04677083623631022,0.016666666666666666,1.2142641412323512,0.00570478414939022,0.0008305863412511385,6.8683818479327785,0.2552864302746316,0.016666666666666666,1.5911881358017368,10
51,EmotionalStress,150.0,0.0032129477455569337,0.625,3.336963294372742,0.00186647076062409,0.0015592936034645353,0.835423536419695,0.0004271863111723399,0.016666666666666666,1.7494554991080054,0.0003133922217764782,3.301429761245999e-05,1.2965051558668092e-05,0.39271020425329073,0.0004913270475444313,0.125,2.5814368542757085,0.03699365108094379,0.016666666666666666,1.6193903163214454,0.009653359049818386,0.0011376383153455082,8.485437699842764,0.31876609888177226,0.016666666666666666,1.5889214841650077,10
52,EmotionalStress,180.0,0.006192118764498409,0.5,3.1150936070441517,0.004346570362491186,0.002040279249851688,0.4693997979322543,0.0005404694286631422,0.03333333333333333,2.09671863436193,0.0003377156607942041,0.00013262643924097234,2.683491467748242e-05,0.20233457846761144,0.000599674049238599,0.125,2.6742760517416224,0.03247134184574267,0.03333333333333333,1.4254212192680213,0.004008176564771037,0.0016593151363208981,2.4155607798878584,0.2669643643182261,0.03333333333333333,1.9354787121409605,10
53,EmotionalStress,210.0,0.0023208153170859677,1.875,3.6282848579402964,0.0011049061391222052,0.0013356648802389627,1.208849179985627,0.0012451965325630718,0.016666666666666666,0.9778393381816789,0.0011481293758613873,4.7275702141570435e-05,1.0702532140079268e-05,0.2263854719286829,0.0007387248912000635,0.75,2.702190655864822,0.028987611870695745,0.016666666666666666,1.889827425685758,0.01151619522248834,0.0012279767034431217,9.378187053710466,0.34586323136395397,0.016666666666666666,1.5392048850554372,10
54,EmotionalStress,240.0,0.0009099356210580807,0.5,3.1648898883321492,0.0005248075534695085,0.00041812896887779535,0.7967281837190417,0.0003834888094832491,0.016666666666666666,1.5383473615098553,0.00031605973956452967,1.8610023601846063e-05,3.306882134742661e-06,0.17769360240975876,0.001533720364130043,0.1875,2.7278842228359785,0.013233325222718235,0.016666666666666666,1.7531279931663764,0.00217287633093975,0.0013666585266270946,1.589918980202316,0.06582049732423356,0.016666666666666666,3.051425034311028,10
55,EmotionalStress,270.0,0.0024274371357007516,0.6875,3.183055145474217,0.0014462430715878587,0.0010259854511740169,0.7094142549962692,0.0004521284044630071,0.016666666666666666,1.3295918008642533,0.0003918253769726646,1.931844706675534e-05,4.337282155451507e-06,0.22451505239856642,0.0012082697167013032,0.1875,2.7700298296790096,0.024846080054397854,0.016666666666666666,1.5589707535137824,0.005413763437228134,0.0016151469627119375,3.351870487462064,0.22803987357059854,0.05,2.344515204925842,10
56,Relax,0.0,0.10675458156093263,0.5,1.1358639843964529,0.10957830537854803,0.005074869278483571,0.04631271911855164,0.0008800243896708312,0.016666666666666666,0.9993828660264875,0.0007626697830151355,4.618701023453868e-05,1.6128844258362722e-05,0.34920736753602555,0.0001089693432703447,0.5,2.587477666048306,0.7829270952279087,0.016666666666666666,0.7195654712809031,0.019406231038315146,0.002525068234876052,7.6854283659656195,0.8098398697898755,0.016666666666666666,1.4823107211480508,10
57,Relax,30.0,0.017059282755616995,0.5,3.380212613520813,0.007598533008264114,0.009457144247695625,1.244601324678079,0.0005473969433084573,0.016666666666666666,1.4569669543500736,0.000419601542643757,3.806675436294831e-05,3.6885628894387274e-05,0.9689722570697893,0.0008506470709563275,0.0625,2.591494743185144,0.047170890999274115,0.03333333333333333,1.771687494313319,0.015730354062318676,0.0015112329941370868,10.408953565297653,0.10127642248120249,0.016666666666666666,1.6021855581349196,10
58,Relax,60.0,0.016709780507124627,1.0,2.183294500695868,0.01389805537735713,0.004114801711705541,0.29607032062985034,0.0005659440823206003,0.016666666666666666,1.1367150086916984,0.0004763617758609567,6.0483965683939596e-05,8.141672675040724e-06,0.13460877743343133,0.0010054059798379948,0.0625,2.465537422142481,0.07392965672116208,0.016666666666666666,1.4962412633282507,0.013381823522572056,0.002919554300554818,4.583515888034362,0.2676481278755517,0.03333333333333333,1.920743129045078,10
59,Relax,90.0,0.0011815062994284503,0.5625,3.933728737285196,0.0003548809315999482,0.0008309720178718936,2.3415516131721485,0.0003841841942295957,0.016666666666666666,1.0941645552965478,0.00032375032730008643,3.568914484678617e-05,5.485959522549596e-06,0.15371507347964963,0.00035698434995246,0.4375,2.6391075737719345,0.014429037449863453,0.03333333333333333,2.0403856546402097,0.006797407390648103,0.0006924624983092341,9.816282336220574,0.40982559857712736,0.016666666666666666,2.4508278324581494,10
60,Relax,120.0,6.202178469176314e-05,3.1875,3.8827683267066764,1.3921713935114028e-05,4.87702358527495e-05,3.5031775598936012,0.0003855313959836715,0.016666666666666666,0.8794882444183003,0.0003380649712376498,2.8884583903280565e-05,2.6863146556778075e-06,0.09300167399581995,0.00138670746922257,0.4375,2.672507242934869,0.01898969184362747,0.05,1.6258732919573873,0.007974049141355966,0.0005833063522915926,13.670430829407064,0.229813816856214,0.03333333333333333,2.317537967112473,10
61,Relax,150.0,3.6684991858031156e-05,2.0625,4.046581953752353,5.109354731700404e-06,3.1194542713726186e-05,6.10537814495111,0.0002821394822822704,0.016666666666666666,1.346780573785541,0.00023112107465344777,2.989525692284635e-05,1.447229265942363e-06,0.04840999592936668,0.001019780005911952,0.3125,2.7323096615946416,0.007567974886623142,0.016666666666666666,1.8288170185991273,0.0018095055891010556,0.000622872158279033,2.9050994895977307,0.27952013839776807,0.016666666666666666,1.4934204145053183,10
62,Relax,180.0,9.048660297395034e-05,3.25,3.9487875910799115,2.236891621749037e-05,6.970108080144513e-05,3.115979340427119,0.00037349861811922236,0.016666666666666666,0.8285234396609676,0.0003205889051963122,3.258599713417342e-05,2.3286671425583746e-06,0.07146220301223394,0.0009413756860551957,0.625,2.767896290291736,0.011526180100457693,0.03333333333333333,1.7829274131631032,0.0036251326523367307,0.0005954664635867109,6.08788718427775,0.2612276722670689,0.016666666666666666,1.31864831596035,10
63,Relax,210.0,0.0005679054390288379,1.75,4.0325516073583865,9.488134092302356e-05,0.00047460727029226203,5.002113857953451,0.00036230899791881495,0.016666666666666666,1.0469762615012637,0.0003063870174025888,3.281158272258846e-05,1.3515532535338582e-06,0.04119134590247636,0.0009002878311305564,0.6875,2.695056320619872,0.014002230225470766,0.016666666666666666,1.8405103605261512,0.005786815233996744,0.00044971167138913205,12.867834219471384,0.08115509647226889,0.016666666666666666,1.3332259107883457,10
64,Relax,240.0,0.0005300585329383897,3.1875,4.01578231834415,9.975916346130827e-05,0.00043606009788885853,4.371128252874585,0.0003465696875481023,0.016666666666666666,0.8960491377394967,0.0003038053618437661,2.99270707904994e-05,1.3331934561860296e-06,0.044548077074394565,0.00044954732072820074,0.625,2.758462224890975,0.029086091565270804,0.03333333333333333,1.4343238581469682,0.005932213714763555,0.0007050443303531872,8.413958469521841,0.16360324121138742,0.03333333333333333,2.3162904157589947,10
0,Relax,0.0,0.0013643367512815013,3.8125,2.0078213287413034,0.0013958992224643784,0.0002587470055136781,0.18536223915711866,0.0006609955039712844,0.016666666666666666,0.23007269204302172,0.0006565616446192992,3.2866583281276693e-06,2.0311643513707523e-07,0.06180028918697667,0.0033963609548109614,0.0625,1.3789441263886268,0.17403129042450263,0.016666666666666666,0.6839508034998848,0.01593783671556435,0.0012061827665049572,13.213450861800926,0.34085768620997847,0.016666666666666666,1.623581000731916,11
1,Relax,30.0,0.00012095994243079437,3.8125,3.999235394861207,2.4735653160219625e-05,9.616100483909401e-05,3.8875466201047026,0.0006286249697214397,0.016666666666666666,0.24055958144651118,0.000624617361409867,2.9466245774638988e-06,1.8129590083199255e-07,0.06152663702684186,0.0030793812793101882,0.0625,1.2330695573090797,0.09729130352031215,0.016666666666666666,1.605728476469706,0.028241293397667584,0.0011084183733853143,25.47891128095744,0.20683913552616337,0.05,2.3075858038969512,11
2,Relax,60.0,8.752523425269e-05,3.75,4.0575270402291315,1.0816473354454496e-05,7.628874915659223e-05,7.053015031482013,0.0006188488857917383,0.016666666666666666,0.25067280469713166,0.0006146402413543475,2.9597173129542376e-06,2.8194451530052863e-07,0.09526062305562084,0.002125576139789101,0.0625,1.7263080871333514,0.10411921962696251,0.016666666666666666,0.9340470150133492,0.00668665495339394,0.000670472846430423,9.973043634792203,0.1799232361211267,0.016666666666666666,2.1307026890168834,11
3,Relax,90.0,0.00012462451719954086,3.75,3.742547773466864,4.960305787476722e-05,7.439803829261446e-05,1.499867981535475,0.0006864894112355376,0.016666666666666666,0.2620756448677188,0.0006819146153724781,2.6149250434569705e-06,1.3040646984380895e-07,0.049870060394316164,0.0019936768024273526,0.0625,1.7453184682537994,0.02271707902983619,0.03333333333333333,1.851975730645067,0.007319682222721878,0.0012783296029278528,5.725974119630077,0.2318002891701977,0.06666666666666667,2.601278229065772,11
4,Relax,120.0,0.00012637962850372604,2.625,3.7709002211369214,4.8515720438785254e-05,7.831135138190934e-05,1.6141438419062282,0.0007716329190278849,0.016666666666666666,0.2399108049419136,0.00076742054316476,3.082190892821296e-06,1.9971871849059243e-07,0.0647976473344839,0.0014959484100874158,0.0625,1.6949616681018116,0.06560291570139447,0.08333333333333333,2.163453880727327,0.04366120700249768,0.0034494941947998087,12.657278005661802,0.08844212447395583,0.05,2.6228551882867865,11
5,Relax,150.0,0.00013024040528807431,0.75,3.960866961676623,3.5940234747448e-05,9.638555576990836e-05,2.6818287762227926,0.0008511117475674864,0.016666666666666666,0.2662277694288438,0.0008455861576120238,3.101299577236355e-06,3.809214091411184e-07,0.12282638282902257,0.001339262808497043,0.0625,2.1757842645029872,0.01826315247556784,0.1,2.317854019585494,0.01336586298797251,0.001276126473070511,10.473776126446673,1.6049416203226962e-35,0.016666666666666666,0.0,11
6,Relax,180.0,0.00013392262590330482,1.9375,3.7887660996931083,4.927742611551132e-05,8.428249378633694e-05,1.7103672092931592,0.0006535556617905837,0.016666666666666666,0.26523724558756157,0.0006472639473080311,2.8693685909586187e-06,3.196338519461314e-07,0.11139518741276314,0.0010107724401546734,0.0625,2.213865146879412,0.1078861081416241,0.03333333333333333,2.0496232396908574,0.04627495212498724,0.003059650696721355,15.12425982958588,0.24130667049075208,0.016666666666666666,2.030897243647471,11
7,Relax,210.0,0.0001213297457450604,3.5,4.0438529325504,1.673840933340258e-05,0.00010474592099854094,6.257818106378464,0.00072366135667108,0.016666666666666666,0.2623150753008936,0.00071775826786043,2.721002886707912e-06,4.0319895809336377e-07,0.14818027575898174,0.0019253182771285483,0.0625,2.5125604611620664,0.006771331879480028,0.05,2.234899456185865,0.003613175154787295,0.0004935683832252864,7.320515814194854,0.08515009797435602,0.016666666666666666,1.664599480140963,11
8,Relax,240.0,0.00014972844203574878,3.75,4.072251431488066,2.4485332727017298e-05,0.0001252376434109063,5.114802596605851,0.0008516118962067729,0.016666666666666666,0.2972925345324187,0.0008452591697909811,1.8915598434513391e-06,3.323331612481587e-07,0.175692649851238,0.0026196219308250186,0.0625,2.5866081670765455,0.10165041516837654,0.03333333333333333,2.1855914425865635,0.04948467286523784,0.0046811636601563665,10.571019613440493,0.3736079840910796,0.016666666666666666,2.334969345262676,11
9,PhysicalStress,0.0,0.04176532002369858,1.0,2.802322833100047,0.030822167095648965,0.011833445150357644,0.3839264485730506,0.0008761234004258416,0.016666666666666666,0.3194599449588552,0.0008679728827247862,2.405350761189945e-06,1.3762181467547722e-06,0.5721486316922638,0.0005205119796958849,0.0625,2.4101505175495817,0.31967834687620916,0.03333333333333333,1.646094253365016,0.12386119306352159,0.0019186982001774887,64.55480755236223,0.7796496742308252,0.016666666666666666,1.1251423567823708,11
10,PhysicalStress,30.0,0.1777520313610886,0.5,2.752253333978086,0.13439112724603025,0.04557102474849285,0.3390925106615546,0.0007329271485412986,0.016666666666666666,0.2786193940006517,0.0007142369143442646,1.2177270685651618e-05,1.9372345966791087e-06,0.1590861077730445,0.0010154434788961519,0.0625,2.492824345759643,0.03468227602112087,0.03333333333333333,1.383331581001508,0.006852898534866036,0.00136270364700537,5.028898653001867,0.21242726155545025,0.016666666666666666,1.1428181387993124,11
11,PhysicalStress,60.0,0.21545344938562894,0.625,3.162364053444649,0.13781921281547144,0.07945841214235558,0.5765408938211237,0.0005589272828443721,0.016666666666666666,0.27509135865586565,0.0005483927967544966,5.678363067492558e-06,2.501486450966351e-06,0.44052950141332775,0.0009501820760346663,0.0625,2.338545918663927,0.13906801206052677,0.05,1.7788381399614752,0.09783968158159566,0.005754311883845005,17.00284648391697,0.3929392324701954,0.016666666666666666,2.3530555976247367,11
12,PhysicalStress,90.0,0.04727138033437122,2.875,4.056819913127046,0.0038192515141854365,0.04335910871064052,11.352776466696794,0.00046785160232880595,0.016666666666666666,0.3303588249854337,0.00046045088891229105,2.200214385943684e-06,2.0668530896862467e-06,0.9393871355857725,0.0008069841813981352,0.1875,2.6495129622792533,0.1017071120451848,0.016666666666666666,1.177523519254828,0.012772069694441276,0.0018596977380371921,6.86782020175036,0.22468178046153758,0.016666666666666666,2.7340683123312433,11
13,PhysicalStress,120.0,0.04602749472881184,2.0625,3.946554890722961,0.002788837019025366,0.04292971009171703,15.393409438720077,0.0005231591184971862,0.016666666666666666,0.3314013336191248,0.0005147679987763226,3.5926567022472097e-06,1.9761098776987795e-06,0.5500413876067594,0.0013136707966069686,0.25,2.636822256632113,0.07493288373575395,0.016666666666666666,1.1935664995899864,0.005445977786338765,0.0029154079943561322,1.8679985089159055,0.20450376335168002,0.016666666666666666,2.3432399765010623,11
14,PhysicalStress,150.0,0.6113944663202143,0.6875,2.079556299026005,0.5875948899742547,0.06225154021235334,0.10594295708575831,0.0004986444798314258,0.016666666666666666,0.35987087860249906,0.0004918339674653003,1.503203724726806e-06,3.3275695206827523e-06,2.2136517266064577,8.725893200178981e-05,0.75,2.741052412390292,0.07079263454635347,0.016666666666666666,0.8529962912630292,0.0022972417956968415,0.0008801976438681696,2.6099158657153914,1.6049416203226962e-35,0.016666666666666666,0.0,11
15,PhysicalStress,180.0,0.595687941149212,3.875,2.4092840479851123,0.5216299016488039,0.10831249457616202,0.2076424189522119,0.0003305452125273382,0.016666666666666666,0.4634877140163509,0.0003152007650415648,8.645938495075616e-06,1.9305297561069484e-06,0.22328747274879432,0.0002790558439966328,0.1875,2.59407331831735,1.3680844640513603,0.016666666666666666,1.6639271600316465,0.4009919716526114,0.018814009862639893,21.313477274660368,0.18821845636323445,0.03333333333333333,2.4546430833395254,11
16,PhysicalStress,210.0,0.18733676611903527,3.9375,3.279745400394091,0.011700433211127534,0.16638559927949467,14.220464856058149,0.0004550838804276607,0.016666666666666666,0.319947812930696,0.0004432748064403217,7.488979452709597e-06,2.530486661550767e-06,0.3378947261813101,0.0003066626175303577,0.1875,2.5793166334112962,0.046763906983432024,0.016666666666666666,0.5721765502498651,0.0015488004607769534,0.0008528467522653819,1.816036065873427,0.24446058618402436,0.016666666666666666,1.5687891141441856,11
17,PhysicalStress,240.0,0.19268577378638002,3.9375,3.0511281349308543,0.007244914832438079,0.14661048417940678,20.236329559455843,0.00019078475271755056,0.016666666666666666,0.38707308162240434,0.00018144379217912502,5.684624676122461e-06,5.464650057806963e-07,0.09613035810016668,0.00034357608154698754,0.125,2.6438299210688188,0.06654643175589789,0.016666666666666666,0.827097534063107,0.009234110996207282,0.0009121334472210011,10.123640377776812,0.23536684023953966,0.05,2.618895026542604,11
18,Relax,0.0,0.005547533464136395,0.5,2.27073645886629,0.005826142676709804,0.0012591546116492202,0.21612148577870088,0.00030992823448603454,0.016666666666666666,0.5267288217237657,0.0002979699463523733,5.411611568140644e-06,1.9801121899135703e-06,0.3659006499230154,5.336636708273984e-06,0.0625,2.796933991756579,0.177970104864553,0.016666666666666666,1.137143286699957,0.02839914510190283,0.0016254411835819778,17.471653473993907,0.20188120624123845,0.05,2.6810643935937146,11
19,Relax,30.0,0.00016217648394604704,2.875,4.084015054290061,2.0694127158218903e-05,0.00014071466313311418,6.799738981850597,0.0003357167434257178,0.016666666666666666,0.4485283653334578,0.0003262614874023806,5.4161180919918936e-06,6.411308111116768e-07,0.11837459970816241,0.00033755762062475997,0.125,2.6451246809894533,0.01882463560165361,0.016666666666666666,1.6901076788181397,0.010008145670983074,0.0006688767579438026,14.962615387846881,0.08976790640533065,0.016666666666666666,1.4464435912847076,11
20,Relax,60.0,0.00022244077825207573,0.875,4.088895984933059,2.5470514832981983e-05,0.00019760437971507597,7.758161977126446,0.0003558317855219115,0.016666666666666666,0.49408264747862335,0.0003456348920229194,4.652973731769605e-06,1.03823643833767e-06,0.22313395651662343,4.930583432180541e-05,0.0625,2.6509591246022213,0.017551017568397567,0.016666666666666666,1.6893988968826934,0.004892972786605795,0.001193611549931127,4.099300804259247,0.00021061806721446547,0.016666666666666666,1.9711024065613092,11
21,Relax,90.0,0.00019749727062558836,1.25,4.053009255526261,3.466402913455825e-05,0.00016358543929594315,4.719169795898218,0.0003175440351862227,0.016666666666666666,0.5215016768655084,0.00030820499363426316,4.804086215528114e-06,9.94561538246636e-07,0.20702408192258134,0.0005249093627252946,0.125,2.61764513412753,0.06113397259206735,0.1,2.3368561358227558,0.042878528792802156,0.00381594505767721,11.236673522470102,0.08817561398598611,0.016666666666666666,2.853999069431858,11
22,Relax,120.0,0.0002125616112695322,0.625,4.078015465786052,3.6096344433596175e-05,0.0001759946268122242,4.875691141965601,0.00022395434157686126,0.016666666666666666,0.5141645145476554,0.00021175627711789155,7.207614611005113e-06,1.4739473641341868e-06,0.20449863702252563,0.0007404122735072206,0.125,2.6440437898973475,0.0355091220326256,0.016666666666666666,1.8186238100333816,0.01364188624390738,0.0018001430503624706,7.578223431277029,0.26069570330505015,0.03333333333333333,2.3537872344005186,11
23,Relax,150.0,0.00020982257758242657,2.1875,3.925712729852781,5.192216736321744e-05,0.00015851234727717314,3.0528838707427695,0.00011295189468352739,0.016666666666666666,0.6129521197782795,9.853792175417003e-05,1.1938170040896592e-05,4.103729395376309e-07,0.03437486131725517,0.0008116994338707567,0.625,2.6902143730468917,0.03872751017328499,0.016666666666666666,1.6236936658907277,0.009529128776015739,0.0011095843768088882,8.588016355656574,0.22493216650541126,0.016666666666666666,1.8043564935233993,11
24,Relax,180.0,0.0008286151717998029,0.625,3.6100025081530616,0.00042613874959630463,0.0005253136339346706,1.2327290921849225,0.00014541527949713732,0.016666666666666666,0.59499247224322,0.00013485562632283276,6.157723779023953e-06,7.405593018902779e-07,0.12026510581929063,0.0012924537780066264,0.625,2.776090612871447,0.15868698848607735,0.06666666666666667,1.9567266137247914,0.13646195312947465,0.004450870311821693,30.659611170207803,0.1769746279643151,0.016666666666666666,2.4573856467711046,11
25,Relax,210.0,0.0026461536193780784,1.25,3.348852130118605,0.001482417261028725,0.001285142202932395,0.8669233937822399,0.0002707656537879662,0.016666666666666666,0.5610392632776466,0.00025425987710352095,1.2206853903655102e-05,1.1607401147193717e-06,0.09508921167409164,0.00028422630485984185,0.0625,2.7231190245935784,0.014674075495965737,0.1,2.342085131871976,0.010850652963757043,0.0018697618839207506,5.803227168693822,0.27531121772351425,0.03333333333333333,2.0717923856287546,11
26,Relax,240.0,0.0007807650099246415,2.5625,3.6084589295660168,0.0003862238597012571,0.0004127582333235693,1.0687020569957444,0.0002621484518741825,0.016666666666666666,0.5860475264002016,0.0002449186543211894,1.2277397155688837e-05,5.391595828270489e-07,0.043914811583432786,0.0003924898625672325,0.125,2.679471652491259,0.08867441386560067,0.016666666666666666,1.4270139223797018,0.027026878351440933,0.0007029124168284146,38.44985193658681,0.24705036904273117,0.016666666666666666,1.6975930905158938,11
27,CognitiveStress,0.0,0.18043944991821176,0.5,2.4380450179535567,0.1630498942926798,0.023960002667757968,0.14694890034549174,6.281047274338584e-05,0.016666666666666666,1.865016918480324,4.405593761595518e-05,2.3261369733002116e-06,4.8124285165724e-07,0.20688500169208685,6.0797332554883385e-05,0.1875,1.9460453377896216,0.1974426653623022,0.03333333333333333,2.1427378540735806,0.11320615606332414,0.007149721979596434,15.833644495042877,0.3041784756864695,0.1,2.3622074937084627,11
28,CognitiveStress,30.0,0.00011754196446049505,2.5625,4.09107322788574,1.414020389782973e-05,0.00010208029649144225,7.219153077920592,0.00014501966529392228,0.016666666666666666,1.024494167248974,0.0001300870995632961,1.0015382861506355e-05,1.4583977414774304e-06,0.14561577541710485,0.0003982366930800875,0.125,2.5638309585707093,0.23468313930879167,0.016666666666666666,1.903042965300976,0.13466272622942513,0.002364147456070433,56.96037524379073,0.2647966876953131,0.03333333333333333,2.046777761089862,11
29,CognitiveStress,60.0,0.15128987829260548,0.5,2.729851442845005,0.12437540837635648,0.030831034364112414,0.247886899561516,6.425690684822262e-05,0.016666666666666666,1.5335047189678608,5.255668102875659e-05,2.636203970569123e-06,2.044716403235407e-06,0.7756290583213022,0.00045561406843487205,0.125,2.585738457290514,0.12053362241463386,0.016666666666666666,1.7007225502446135,0.029166971540486024,0.007469863846439856,3.9046188980254346,0.3046510147638638,0.05,2.574596081359536,11
30,CognitiveStress,90.0,0.0003689537697414983,0.6875,2.6841138880040982,0.0006216463933034273,0.00015302820348034763,0.24616599586005183,8.271930420210947e-05,0.016666666666666666,1.256273880736106,6.991763238256985e-05,4.460083099858955e-06,1.1323010519216068e-06,0.2538744293704785,0.00027266049786594116,0.125,2.5585530989924496,0.32693592207530486,0.016666666666666666,1.6033940343480422,0.10856945095655736,0.0072962412217933625,14.880189354522436,0.002851305764158388,0.016666666666666666,1.1494105733261204,11
31,CognitiveStress,120.0,0.0063151939669831725,0.5,3.0833707073162766,0.003725974049377283,0.002685752300590499,0.7208188422673972,9.294768573914044e-05,0.016666666666666666,1.4020064903287743,7.62159984290559e-05,7.729686968987963e-06,1.1424599328218729e-06,0.14780157817586934,0.0009165523402577056,0.125,2.7369265762444166,0.08546058278286171,0.016666666666666666,1.6119393597730076,0.01761078150947831,0.003901041188980156,4.51437979153516,0.283255248911941,0.03333333333333333,1.9937836654400511,11
32,CognitiveStress,150.0,0.006921110129147172,0.5,3.1578063850873237,0.004353602010051763,0.0027667517923380004,0.635508662930148,3.189126829561601e-05,0.016666666666666666,1.905096116588658,2.3765841767952915e-05,2.1380972097598612e-06,1.5568796880361089e-06,0.7281613206964377,0.001343474463101191,0.5,2.7373525870498394,0.12468073940295386,0.016666666666666666,1.4668309995991835,0.02721302939688611,0.0032652679497797653,8.334087681447878,0.19849021852135323,0.016666666666666666,2.3437397934606197,11
33,CognitiveStress,180.0,0.0034404421619534335,0.5,3.4486311900737787,0.0016481389796297171,0.0017798208460275144,1.079897307220646,7.61396333535784e-05,0.016666666666666666,1.964876096668051,4.9067265133668136e-05,1.3396184539243475e-05,4.735453486523455e-06,0.3534927032881022,0.0012951295817631094,0.5625,2.7057224205735757,0.059492197205336904,0.016666666666666666,1.8221145552491422,0.027489576214802445,0.0013673802353525398,20.10382738032998,0.4293736010072888,0.03333333333333333,1.7807596318231205,11
34,CognitiveStress,210.0,0.00020402990952730871,1.9375,4.077931184507379,3.2512027100233315e-05,0.00017033553459449002,5.239154546388393,0.0002706772624988609,0.016666666666666666,0.9198008658384931,0.00024235212036853416,1.5888176348113264e-05,1.9701606106307844e-06,0.12400168323060833,0.0011006802821742134,0.1875,2.765754799837226,0.11881692889627901,0.05,1.7437211573248508,0.08554020364183068,0.001902678987734622,44.95776964651143,0.21616290085714077,0.016666666666666666,1.7309909802340209,11
35,CognitiveStress,240.0,0.00015110557557608585,0.5,3.982969634546762,2.9854333915909147e-05,0.00012005090450487802,4.021222005589742,0.00012667046274565297,0.016666666666666666,1.6108732562499264,0.00010062720174642006,8.596851109324936e-06,5.24269794426242e-06,0.6098393327500702,0.001290361709812855,0.625,2.7409067719485343,0.08209349009565085,0.016666666666666666,1.8633682309269568,0.027861721423097275,0.00795246577538436,3.5035323898329707,0.12389433324468478,0.016666666666666666,2.5802749396969618,11
36,CognitiveStress,270.0,8.416332025357565e-05,1.6875,4.009447773415037,1.53873642388404e-05,7.024940389795231e-05,4.565395528925644,7.817519191225252e-05,0.016666666666666666,1.5473800860297557,6.043273318628053e-05,7.708026092215663e-06,1.347944955936563e-06,0.17487550506579796,0.000688735123528485,0.625,2.6330799118257007,0.2990258295627408,0.016666666666666666,1.5770202028836298,0.09551471716240616,0.005946516360906003,16.06229788424456,0.3024495130077114,0.016666666666666666,2.3804511292110906,11
37,Relax,0.0,0.4691006742464362,0.625,1.3852046932252686,0.49658869058959176,0.011891012175166044,0.02394539465054679,0.0001394904951027414,0.016666666666666666,1.343322675514462,0.0001159780902592724,6.773423643976662e-06,3.840484865900201e-06,0.5669931585211553,0.00033366314127967355,0.125,2.6569506478238845,0.031974290867393965,0.016666666666666666,1.8169373931839368,0.015453137387472666,0.001341825552339308,11.51650254426294,0.4928499077007278,0.016666666666666666,1.349222692583376,11
38,Relax,30.0,0.0002133147425639139,1.625,4.064815211882337,3.2476203228482815e-05,0.00017867172414113975,5.501619844047475,2.4644660295053182e-05,0.016666666666666666,3.2813997324894686,7.258517713595809e-06,3.446902032519188e-06,3.4964987140252887e-06,1.014388770274928,0.00020714676789919867,0.0625,2.642071849195675,0.15992338357180014,0.03333333333333333,1.5287808034410275,0.047926831400836256,0.0015607060398477994,30.70842950380976,0.16716289845167961,0.03333333333333333,2.4468851893849304,11
39,Relax,60.0,0.00017863575745252872,3.375,4.048220252318351,2.4771348519200052e-05,0.0001514547677270137,6.114110727949367,8.991622293653257e-05,0.016666666666666666,1.6720716917772316,7.042282761363771e-05,4.684264738521318e-06,2.054256915551953e-06,0.4385441537192922,0.00013105690295140576,0.5,2.6616850925851265,0.02215341496486793,0.03333333333333333,1.7267299699130858,0.006588930309850933,0.0006080178984173081,10.836737416780245,0.07952405497487548,0.016666666666666666,2.109959866113265,11
40,Relax,90.0,0.00016483721454779195,3.4375,4.065684359046641,1.7986102638491595e-05,0.00014609953562367065,8.122912370743776,2.263521941588407e-05,0.016666666666666666,3.0640067878330486,8.273679192369086e-06,2.24363725298847e-06,1.3788278955703087e-06,0.6145502771153151,0.0014125219064014998,0.5625,2.6648847083548577,0.07780188172504882,0.03333333333333333,1.9202611041913649,0.034767671911142925,0.001977408079555279,17.5824465726681,0.18262669158054745,0.03333333333333333,2.0138957074277433,11
41,Relax,120.0,0.00011453204692741876,3.0,4.053304164812332,1.4044279613384565e-05,0.00010022298797575607,7.136214226341731,6.503820104331472e-05,0.016666666666666666,1.760190857463418,4.920510039914075e-05,3.7103359158290867e-06,2.1684706382229053e-06,0.5844405162809506,0.001326485455263008,0.1875,2.6253589795247336,0.02875264510237817,0.016666666666666666,1.461394841365112,0.006261933386127573,0.0006965273410532917,8.990219072604171,0.1272112038510132,0.06666666666666667,2.477232569034733,11
42,Relax,150.0,9.802631317078512e-05,3.1875,4.080638409528943,1.1284457964445899e-05,8.58228659783058e-05,7.60540437553218,1.3368743472351385e-05,0.016666666666666666,3.2932229353877087,3.638730729302273e-06,3.2889318327747707e-06,1.0785270804215566e-06,0.3279262493901056,0.0006052949307744592,0.4375,2.6369002996613844,0.03435881886940032,0.06666666666666667,1.8588186637714719,0.024360839340842055,0.0008631947336611746,28.221719145015417,0.09662129984096272,0.08333333333333333,2.7489999813367407,11
43,Relax,180.0,0.0001409305401422342,2.5625,4.064735960785294,1.3648383211563848e-05,0.00012522944587540596,9.175405169551729,0.00011863015930059307,0.016666666666666666,1.265454059462392,0.0001041994461700413,3.6275624495145613e-06,3.6455282819870027e-06,1.0049525908161403,0.00039801215319512314,0.5,2.66978775931358,0.009975974714214506,0.05,2.1159170784431534,0.00677375038846331,0.0008133493916397009,8.328217194344395,0.0958050199274154,0.03333333333333333,2.829698275085955,11
44,Relax,210.0,0.12107044969624996,0.5625,2.1856207054195487,0.10350894514270932,0.01780406364721723,0.1720050728240975,1.0836054001703248e-05,0.016666666666666666,3.370547549476248,2.584298075527411e-06,5.645685471967019e-07,1.6739984712743962e-06,2.965093396694585,8.660513812981335e-05,0.25,2.5514542297338125,0.18717694648125255,0.03333333333333333,1.4883489852923897,0.04411395877050019,0.001010255727758174,43.6661308205518,0.028866469290471042,0.016666666666666666,2.9445547623375194,11
45,Relax,240.0,9.771806432397392e-05,2.8125,3.918144428657955,2.8635697281485744e-05,6.99467059523046e-05,2.442640221564581,0.00013683924046687662,0.016666666666666666,1.4610789905203834,0.00011379061500995147,9.707831213133053e-06,1.9236447501849852e-06,0.1981539138816731,0.0007906151275473088,0.25,2.6147106134366522,0.03844228643577696,0.016666666666666666,1.3492606948148342,0.009226484502425627,0.0006381939246702759,14.457180091760522,0.11727269447168467,0.1,2.8143627918568086,11
46,EmotionalStress,0.0,0.9978169617057522,1.875,2.1004962523853763,0.8466871733114912,0.1575338994570757,0.18605915434025347,1.7487422415668224e-05,0.016666666666666666,2.3202657315526216,1.0772765936134332e-05,1.0407735835199995e-06,2.5424158183288364e-06,2.4428135557881223,0.0017722811337501376,0.1875,2.708047718293182,0.31105524828395076,0.016666666666666666,1.51056186941718,0.09784853758988808,0.0023730113051070134,41.233911266796724,0.4367876816756233,0.06666666666666667,2.357586220991317,11
47,EmotionalStress,30.0,0.32395566289915084,0.5625,2.2471666820991274,0.27152936351594564,0.05562259541610114,0.20484928294996235,1.801694545185926e-05,0.016666666666666666,3.530970199518334,4.055424457308294e-06,1.303926185624573e-06,2.492845599140498e-06,1.9117996299356774,0.0010310202527526462,0.0625,2.7265845687368215,0.09413310802715899,0.03333333333333333,1.694379265694389,0.04387357979941298,0.0027514869974805695,15.945406916182533,0.6417769928128858,0.016666666666666666,1.6465365462719224,11
48,EmotionalStress,60.0,0.3670035578702924,0.5625,2.4797252924907744,0.31479364016837064,0.06644207149367116,0.21106548232084338,2.0318220634883408e-05,0.016666666666666666,2.841912436548087,1.0231922565258008e-05,2.402007114075619e-06,8.570164218154842e-07,0.3567917916618227,0.0010089575810704205,0.0625,2.5553666077855732,0.12446162160973881,0.016666666666666666,1.1487995004248304,0.017451096868411824,0.0009138956820449223,19.0952832049315,0.25109527882885835,0.05,2.3144957069400873,11
49,EmotionalStress,90.0,0.27811965843755737,0.5,2.4743735152362123,0.2441813688431107,0.04321533507797092,0.1769804767772322,0.00011694576243479531,0.016666666666666666,1.5767350456332214,9.444191684196591e-05,8.046009774115239e-06,2.0276878668002533e-06,0.2520116087011867,0.0009072916953412273,0.0625,2.488263069891687,0.026138069174300668,0.05,2.004407649876198,0.016601493238796585,0.0008062705030437211,20.59047574743826,0.2508395521617858,0.05,2.2754981859374697,11
50,EmotionalStress,120.0,0.014030239603494496,0.5,1.3143588227677885,0.01950036397369811,0.0006757835793504546,0.03465492132669649,0.00010731363078785407,0.016666666666666666,1.1562778088587757,9.597715109496757e-05,1.3335366655284555e-06,1.083031550243935e-06,0.8121498105301439,0.00024344142767794707,0.0625,2.707063207217007,0.044959817255135905,0.016666666666666666,1.5406746272710852,0.010012082425152322,0.001000920712220105,10.002872658059893,0.036105059852458855,0.016666666666666666,2.8922617673034985,11
51,EmotionalStress,150.0,0.007542801172829886,0.9375,3.4517140895293665,0.002691760751643253,0.005199815648674217,1.93175253242691,1.0115417489781323e-05,0.016666666666666666,1.9681758589864762,7.267969480725602e-06,6.14805043753177e-07,3.2945981263102583e-07,0.5358768864675947,0.00132699466601183,0.0625,2.675280095555515,0.08126091357243538,0.016666666666666666,1.6184171883249758,0.028303476206598947,0.0014796208708466158,19.12887062102885,0.22105587579292496,0.016666666666666666,2.5129144634098424,11
52,EmotionalStress,180.0,0.009931929851271244,0.9375,3.4774226893645706,0.0032962216598960013,0.006936886991361001,2.104496513617311,9.84437731036299e-05,0.016666666666666666,1.6183756740604551,7.68993761092997e-05,3.7656223183096844e-06,2.005500783082623e-06,0.5325815000966039,0.0006328317677420502,0.5625,2.6369204618204907,0.04060665196456293,0.03333333333333333,1.5926936951273982,0.011464006422624906,0.0012194255033083608,9.401153569055673,0.37947224300779137,0.05,2.090587754409378,11
53,EmotionalStress,210.0,0.00031731419415691577,3.5,4.036453359579568,5.9501866558864885e-05,0.00025838746195327945,4.3425101916367295,6.61701006288583e-05,0.016666666666666666,1.4181829997184785,5.4177364168818575e-05,1.6003554393708147e-06,1.0435384729128574e-06,0.6520666892119467,0.001960548804543894,0.6875,2.66885697694503,0.030476203826452403,0.016666666666666666,1.888610317509758,0.01834268587482457,0.0009316060212660729,19.68931657386291,0.22601055755830968,0.03333333333333333,2.414866530504381,11
54,EmotionalStress,240.0,0.27833598941194015,0.5625,1.617380412211972,0.2641878479427179,0.024570736321690972,0.0930047937973986,7.744851810084706e-05,0.016666666666666666,1.3711955826295148,6.183292089247241e-05,1.0162573216544101e-05,9.09359015888576e-07,0.08948117730735661,0.0011346877518391605,0.4375,2.6599753635396146,0.08084644535460482,0.03333333333333333,1.9136444188655293,0.03193211540884969,0.002714690770811511,11.762708206837171,0.2717706285981896,0.016666666666666666,2.166024067270881,11
55,EmotionalStress,270.0,0.4625762235816541,0.625,1.8780760600141129,0.4395583003332912,0.030707725845697788,0.06986041629156799,6.575259263938409e-05,0.016666666666666666,0.961298297085659,5.741329613480976e-05,6.139105139451888e-06,7.662307540710199e-07,0.12481147279054917,0.0017280497912642158,0.0625,2.6433633083454016,0.12260068770097172,0.03333333333333333,1.6874005293407806,0.04399633195403793,0.0021370847055352015,20.587079136397495,0.39937355039136724,0.016666666666666666,2.0469114003530207,11
56,EmotionalStress,300.0,1.0810195866256,0.5,1.6285410003832241,1.1021471782840164,0.04183464001109795,0.03795739882601906,2.5823250584628725e-06,0.18333333333333332,3.7994038102010212,1.5196968168109582e-07,3.3671145817302183e-07,4.613147796242161e-07,1.3700596413537132,0.0011688473937936984,0.0625,2.2809772767491467,0.4991748289862288,0.016666666666666666,1.2424671306144668,0.06948198855194797,0.003927774698988675,17.689911941700274,0.2129266894220764,0.016666666666666666,1.1461123453700317,11
57,EmotionalStress,330.0,0.00018880853688599177,3.1875,4.095430447560797,2.48165480844041e-05,0.00016304567191354483,6.570038321164034,4.698200771853692e-05,0.016666666666666666,2.446292302656935,2.8439436658785695e-05,6.900628184445043e-07,3.0809882221455224e-06,4.464793841654141,1.327953274181471e-18,0.9375,2.6215515442032458,0.037177264221672154,0.016666666666666666,1.7768203562210916,0.019195633072564677,0.0009314961427354802,20.60731353776064,0.5402917795924587,0.016666666666666666,1.2912058956171495,11
58,EmotionalStress,360.0,0.0009703849255278511,0.8125,4.088449658179137,0.00014355950691484005,0.0008159952340239162,5.684020874409712,3.2229774755586637e-05,0.016666666666666666,3.1554577049914165,1.1348974157980682e-05,2.816745253752913e-06,1.1239752152276606e-06,0.3990333217851786,0.0002654268305204009,0.125,2.7132677756547263,0.01882152994787682,0.016666666666666666,1.333875066944444,0.0034299841756095417,0.0005849942325205443,5.863278618715416,0.05299336504224928,0.016666666666666666,2.370814694462731,11
59,EmotionalStress,390.0,0.0006298409653113033,0.8125,4.110340056011994,9.025841401458178e-05,0.0005368575751539166,5.948005856464353,2.391786434665004e-05,0.016666666666666666,3.0880508784362526,7.84036730054788e-06,2.3514561300282834e-06,2.2332544783558696e-06,0.9497325720165606,0.0004669526985225741,0.5625,2.7290118639153205,0.040615633811893974,0.03333333333333333,1.9376370866590802,0.01739095735256338,0.001247959603246679,13.935513062537634,0.23843042334434011,0.016666666666666666,2.344629815644883,11
60,EmotionalStress,420.0,0.00014628152029205294,2.1875,4.050574406395716,1.596329047107031e-05,0.00012910274439684386,8.087476991714965,7.728339266140307e-05,0.016666666666666666,2.4979277248910163,4.360534138319446e-05,1.9759039014297516e-06,2.4995809579302387e-06,1.2650316425417034,0.001009824042849277,0.0625,2.521291429965305,0.05146637493541235,0.016666666666666666,1.3956633741905335,0.011119012626068781,0.0009330105600655939,11.917349172647173,0.002579182133557939,0.016666666666666666,0.100187842557975,11
61,EmotionalStress,450.0,9.126326332776217e-05,2.1875,4.0207302023754785,8.08405450884597e-06,8.165654279815188e-05,10.100939164722266,2.6246946222031588e-05,0.016666666666666666,3.5126218139360192,5.329464785443489e-06,7.894344756922895e-07,2.4433866286672383e-06,3.0951101122414575,0.0006720922782079507,0.125,2.6528908391420813,0.17616911390815618,0.016666666666666666,1.0463334946086769,0.01658898641202082,0.0007547184342203023,21.980364676210485,0.22851818890333067,0.016666666666666666,2.3631023729191893,11
62,EmotionalStress,480.0,0.00010466524873882433,0.6875,3.431202686535018,5.016552208821595e-05,5.522431850175142e-05,1.1008420963832408,0.0001405049364925745,0.016666666666666666,1.794209069867469,0.0001093077000260364,5.8604348856192455e-06,4.342406575549321e-06,0.7409700236078093,0.0008810365010146809,0.3125,2.602392879223203,0.01638429523581464,0.08333333333333333,1.9447077244457982,0.012165189474978418,0.0005866786172485645,20.73569603070135,0.042911533213301635,0.016666666666666666,2.7443457357578662,11
63,EmotionalStress,510.0,0.09710466578473646,0.625,1.468421513911717,0.0909942689542247,0.006944130424131072,0.07631393167875622,3.3271544318420056e-05,0.016666666666666666,3.3810349128799677,8.789699765043918e-06,6.872855825379662e-06,2.5162207581313382e-06,0.36610992898171846,0.00043715665649007493,0.0625,2.6130501552858565,0.12639579449589916,0.016666666666666666,1.5363558973761495,0.02571425262015376,0.0029056805432326636,8.849648898961833,0.24984249565214736,0.016666666666666666,2.2141083849160834,11
64,EmotionalStress,540.0,0.1339238839764566,0.625,1.8667555729495506,0.12737895235705912,0.013617924618801167,0.10690875036111477,3.202729757347415e-05,0.26666666666666666,3.5946544845400195,2.152697026167669e-06,1.3360192100844594e-06,6.8279714868296025e-06,5.1106836153934925,8.147510992477028e-11,0.0625,1.2819526318901706,0.10861953141860747,0.03333333333333333,1.6357769804527118,0.024343691420989216,0.002654240336007995,9.171622889885843,0.2936380503116702,0.03333333333333333,2.3675603053339698,11
65,Relax,0.0,0.0028476842423363377,1.8125,0.6676158253814211,0.007101378182986699,0.0002176954951253177,0.03065538681588132,4.215657806748858e-05,0.06666666666666667,3.784403171447607,3.7908890957487512e-06,8.264157088405622e-06,2.7096759245102365e-06,0.3278829160098899,0.0016002471770149018,0.375,2.6123146013994782,0.10926290268022103,0.016666666666666666,1.7741310289704844,0.04544781476449825,0.0015840017251193127,28.691771002380037,1.211227822387285,0.016666666666666666,1.1811650576633266,11
66,Relax,30.0,0.1267357063074266,1.125,2.525347955078518,0.10452760229332894,0.03383966986505586,0.32373908061235174,7.695146667113002e-05,0.016666666666666666,2.819871073469303,3.8106143778085545e-05,5.099659171014841e-06,8.444238504444951e-06,1.655843698818118,9.008966641925231e-05,0.0625,2.70483700867963,0.07472989569697594,0.016666666666666666,1.2094398469043077,0.014437755008419121,0.0007587941818824084,19.027234727343448,0.3137181304421336,0.016666666666666666,2.2953107207733705,11
67,Relax,60.0,0.14073493521082167,1.125,2.388397976328213,0.11967676822357358,0.03587549592565788,0.29976992576067263,7.252274706484746e-05,0.016666666666666666,3.612074348854533,1.0110306459163574e-05,1.440076781629847e-05,3.897329091499081e-06,0.27063342324623624,0.0008856514953771788,0.0625,2.6183421985130932,0.07723844484200675,0.03333333333333333,1.6006762786231505,0.0339358554184769,0.001024493686461382,33.12451395937041,0.252592815650333,0.06666666666666667,2.2158294813523916,11
68,Relax,90.0,0.00020249586210913199,3.8125,3.7477010250222973,4.371088388428637e-05,0.0001582513507299538,3.620410677324317,4.4374154091337874e-05,0.016666666666666666,3.6638532059196707,6.328999248961231e-06,9.554189092057014e-06,6.862016699288345e-06,0.718220733666781,0.0014808165663018568,0.0625,2.6608654114641017,0.07653457277231915,0.03333333333333333,1.8192271075612305,0.03030288986837638,0.002332037687511012,12.994168160600658,0.2867434954007851,0.016666666666666666,1.745064045278618,11
69,Relax,120.0,0.00030192741616449367,3.625,3.427177371699364,7.737819853700166e-05,0.0002280168854967083,2.946784621609824,4.852957095381439e-05,0.016666666666666666,3.707069246475769,6.1481849994128246e-06,1.0787782891235884e-05,5.1582192830280315e-06,0.47815379073105246,0.0013936931499936008,0.375,2.650178308294622,0.015960557810622278,0.03333333333333333,1.7222309940753997,0.0054705319554957926,0.00030965751819405317,17.666394755730014,0.17953475609329803,0.03333333333333333,2.451311131251909,11
70,Relax,150.0,0.00014965657568738136,3.6875,3.6861604805087618,4.4017612039425944e-05,0.00010764287810563302,2.445450198643644,0.0001904207135922672,0.016666666666666666,1.9937050255860616,0.00013812811303984853,1.5937071608445973e-05,8.74549560267699e-06,0.5487517291471695,0.0016994855135727225,0.25,2.696132015686187,0.012178259267647689,0.08333333333333333,2.1657968232284235,0.00871352571982314,0.0006797253675714279,12.819185711658013,0.0,0.016666666666666666,0.0,11
71,Relax,180.0,0.00013566741638286665,1.875,4.051200157657604,1.3390222781231131e-05,0.00011961224075736189,8.932804383585053,4.182418237601201e-05,0.016666666666666666,3.681138040598728,4.901216988902992e-06,4.623940659031503e-06,4.057404415104332e-06,0.8774776136409517,0.0010957880519269615,0.4375,2.70272973615947,0.008979017430821036,0.03333333333333333,1.9849784540200732,0.0035502206383418926,0.0003943166719211036,9.00347586381596,0.0,0.016666666666666666,0.0,11
72,Relax,210.0,6.695248150204768e-05,2.8125,4.065549224324993,7.519001123053565e-06,5.780377756957484e-05,7.687693700742522,4.65275882571397e-05,0.016666666666666666,3.6739893417933565,7.098356854034461e-06,4.83307552866904e-06,4.844884692345977e-06,1.0024434055720601,0.0019105180770319823,0.4375,2.7106351870506735,0.01941724227374915,0.016666666666666666,1.6495670673253306,0.006101415640983399,0.00039663185212772997,15.38307024070906,0.1114523196625694,0.016666666666666666,2.4855496401821284,11
0,Relax,0.0,0.00019569565881076757,0.5625,3.6410688744523263,7.829676399287035e-05,0.00012279189961689435,1.5682883091831956,4.336288699523263e-05,0.016666666666666666,0.40094161217402263,4.276987711462101e-05,1.7232122764564597e-07,2.0832837617687906e-07,1.2089536444417437,0.0022128630806885403,0.0625,1.504463134883842,0.022155988138738238,0.016666666666666666,1.1865872018878416,0.003343085504729507,0.0003565980692047973,9.374940005100097,0.018979607301129974,0.016666666666666666,1.1926927141346018,12
1,Relax,30.0,0.0001403217885637251,0.6875,3.9891121292812706,3.593572355081542e-05,0.00010710078118994258,2.9803429737123617,2.6812091899193023e-06,0.016666666666666666,1.189968156102331,2.3799835287073424e-06,1.0857270611314626e-07,5.035081510835201e-09,0.04637520506846371,0.002978857086134201,0.0625,1.4132011628698637,0.01089409369927622,0.05,2.195939021763732,0.007012752203961358,0.0006515683940473959,10.762879642457369,0.37358780382582607,0.016666666666666666,1.4174443896149804,12
2,Relax,60.0,9.063547523608919e-05,2.125,3.8297304009050275,3.417911115950833e-05,5.9266189263044505e-05,1.7339886045151638,1.4603661253512547e-05,0.016666666666666666,0.48055162365838916,1.3680831358399333e-05,7.631333576812338e-07,3.3784768146053805e-08,0.0442711195965908,0.0015452090206982132,0.0625,1.3241115748921954,0.008089000435197535,0.016666666666666666,1.7519222154846528,0.0029156086763269255,0.00035250737402569687,8.271057263370569,0.2927265899321404,0.016666666666666666,1.7770077570801266,12
3,Relax,90.0,3.320561295244967e-05,3.75,4.091612197759774,3.629690179733036e-06,2.962991777964411e-05,8.16320851434857,8.873976309011584e-06,0.016666666666666666,1.0144863289427704,7.160588489629566e-06,1.4496823662959383e-06,9.760293537301578e-08,0.06732711774814477,0.0015426865853175797,0.0625,1.807517448901495,0.008229950215696369,0.06666666666666667,1.6826485071366097,0.006892181345282891,0.00036210932087089447,19.033427056522005,0.0034048053764053794,0.016666666666666666,1.4722175517594285,12
4,Relax,120.0,2.5366206047825046e-05,1.5625,4.100777745254859,3.1989895537340543e-06,2.1815839653394072e-05,6.819603280019875,4.123363667602796e-06,0.016666666666666666,0.6886430355285623,3.7998503770816397e-06,1.3963074333480805e-07,1.3186868905694658e-08,0.09444101342406412,0.0021104791237071315,0.0625,1.4003082372156679,0.012546833186804777,0.03333333333333333,1.4800345039268925,0.0023757127784252994,0.000434916240126472,5.4624604906325205,0.23575324860119964,0.03333333333333333,2.3815368790540483,12
5,Relax,150.0,6.0983146593395506e-05,1.9375,4.084149555128402,1.019494280081524e-05,5.078816075096005e-05,4.981701392861054,5.128709205174281e-06,0.016666666666666666,0.7826043943576617,4.662059180683434e-06,3.93256485553275e-07,1.8983920901561005e-08,0.04827363717816988,0.0017941605222430935,0.0625,1.4026030875097875,0.00794695767536918,0.016666666666666666,1.2569730506278545,0.00027615574295793735,0.0004898576155026441,0.5637469628283175,0.23025250638868247,0.03333333333333333,1.7775681115160555,12
6,Relax,180.0,0.00014904498840898119,2.25,3.483138664200525,6.65951214650639e-05,8.411368369912843e-05,1.2630607445209758,8.940904833205279e-06,0.016666666666666666,0.5690848227811744,8.589250770556764e-06,2.0500206731037527e-07,3.977878541379188e-08,0.19404089888306533,0.0013669928971480917,0.0625,1.6135336427564877,0.014942203939372662,0.016666666666666666,1.7414602136370336,0.006164987407894368,0.00036714741563717996,16.791586009655294,0.2135690747401482,0.016666666666666666,1.2116659164739365,12
7,Relax,210.0,0.000138381116392308,2.375,3.6692708264386766,5.1739046032796966e-05,8.726831490155319e-05,1.6867012748212347,9.603617917705923e-06,0.016666666666666666,0.6353956592198218,9.050376825355478e-06,3.137462507380965e-07,1.1102047399558287e-07,0.3538543448229396,0.0009682497372484253,0.0625,1.2499653846636236,0.01655941954256669,0.03333333333333333,1.9959422361415962,0.009171975910122525,0.0005252404510976915,17.462432474410836,0.33500191749220765,0.016666666666666666,1.8482270936893805,12
8,PhysicalStress,0.0,0.4349933001044108,0.5,1.9513609276901902,0.3892327643041374,0.05758399152664286,0.14794230292917498,0.05977589154981747,0.016666666666666666,1.4959327993065294,0.04388105166000679,0.011846938949686133,0.002691416468957438,0.22718243762273654,0.0013011609417852073,0.0625,2.5523128871374254,0.19193094970230884,0.016666666666666666,0.9657334464300911,0.01624783611349539,0.0010024933756717664,16.207424914511563,0.2284312612788835,0.03333333333333333,2.5126707530037726,12
9,PhysicalStress,30.0,0.3922373777321786,0.5,2.7678913783575414,0.33879079272682966,0.08571803729308397,0.2530117085035403,0.01088696730898188,0.016666666666666666,2.4777586171840627,0.005334185269299311,0.003563842033124131,0.0009814770891800632,0.2753985951278772,0.000458374251101258,0.0625,2.623755484103615,0.014746331296144952,0.016666666666666666,2.165386034470091,0.006917094459563086,0.0007954289050682368,8.69605619746707,0.24459998839647443,0.016666666666666666,2.4173762275656485,12
10,PhysicalStress,60.0,0.2938006361720429,0.5,2.8903659295801627,0.22019960966826657,0.07793941821222444,0.35394893900875274,0.004898247424943508,0.016666666666666666,0.44066378186320404,0.004822350922070775,4.2537404073908064e-05,1.353076753041524e-05,0.3180910501004186,0.00038679829993139736,0.125,2.7342200502610927,0.0844925661599037,0.016666666666666666,0.8621541685646862,0.00491841292716171,0.0008677074781246954,5.6682845903223855,0.6417529905612702,0.03333333333333333,1.7468374207999777,12
11,PhysicalStress,90.0,0.0276354564895332,0.625,3.9328364300150556,0.004753579352995537,0.022958920154717635,4.829817375458293,0.003572158782533905,0.016666666666666666,0.2580151472031418,0.003552044318806629,1.751484997323011e-05,1.0652762127660251e-06,0.06082131530639458,0.000319727975485414,0.5,2.7118522915424768,0.051582117093172036,0.016666666666666666,0.7340252701484788,0.0033334280183494936,0.0005256760744139501,6.341220726215788,0.22668022245196018,0.06666666666666667,2.4861042980435384,12
12,PhysicalStress,120.0,0.012011070952786331,0.625,3.8476497862460244,0.0021327865151025897,0.009891823188927696,4.637980931932086,0.0048924536213176655,0.016666666666666666,1.0963622102874278,0.0042215503979836965,0.0005639600694913126,8.393135983437564e-05,0.14882500441933955,0.0011445813967567932,0.5,2.7120782887433417,0.03340821813389709,0.016666666666666666,0.6810536106553053,0.0010847889104136457,0.0005656339635718087,1.9178284549314002,0.19475636247379408,0.03333333333333333,2.0570945401379617,12
13,PhysicalStress,150.0,0.19798716794311505,0.5,2.9165582665745626,0.14822930462234432,0.05235826725322856,0.353224805220708,0.040633321734248475,0.016666666666666666,1.5688121343706347,0.030464719858090714,0.00825494290806511,0.0015276521220399467,0.1850590778220192,0.0009644377763323568,0.0625,2.636121629727704,0.04178646570952349,0.016666666666666666,1.345687665224726,0.008443964922610354,0.0006420156789683285,13.152272131701174,0.4219147882663636,0.05,2.437953050639931,12
14,PhysicalStress,180.0,0.026977501356778122,1.25,3.771737046793849,0.009233653499159656,0.018375330898475595,1.9900390349440675,0.18317729597205545,0.016666666666666666,1.2617006573188578,0.1488441080481452,0.025759616813464357,0.0057056612320734125,0.22149635506577514,0.00026358221110619784,0.5,2.571786252687164,0.2400015015998566,0.016666666666666666,0.970570583784384,0.021060419948241656,0.005769792073509685,3.650117661073858,0.2653029585231221,0.016666666666666666,2.3877970713455117,12
15,PhysicalStress,210.0,0.03268269900413301,3.9375,3.9538580437189825,0.003259291628054317,0.027835977659138228,8.540499235950644,0.0843352431139383,0.016666666666666666,2.4221236812784346,0.03099409435448958,0.023829412654068897,0.026275391874813883,1.1026453843513988,0.001834032493477391,0.6875,2.6855742192168126,0.24485252295859544,0.016666666666666666,0.5867775282502555,0.006417091185182898,0.0017482209416473209,3.670640839673374,0.28764395927414965,0.016666666666666666,2.3923647446337606,12
16,PhysicalStress,240.0,0.05931169617090083,4.0,3.8282404572428903,0.009842506844560908,0.04522542793314428,4.594909472492408,0.020562924307063735,0.18333333333333332,2.7822825432110907,0.0017637307248192864,0.006074347204388458,0.00841254802472099,1.3849303870287955,0.0018766154001264921,0.6875,2.714374456828454,0.024524470132081738,0.016666666666666666,1.622530007100396,0.006084332664318636,0.0017427061294433518,3.4913130570454065,2.0198891988317382,0.016666666666666666,0.9693328246610973,12
17,Relax,0.0,0.1229168414204495,0.5,1.908708897203141,0.12728097718124426,0.004489678366483344,0.03527375783806388,0.015091216041931234,0.16666666666666666,2.638866336860388,0.00048694940975227657,0.005477933416677089,0.007260490546858527,1.3254068632441933,0.0005759018829693445,0.3125,2.6516387204989984,0.07844620254842165,0.016666666666666666,0.6402805590221238,0.006453723711984414,0.0005301717159150382,12.172893268826595,0.26231614028005923,0.016666666666666666,1.3481804712466132,12
18,Relax,30.0,0.12119855746717395,0.5,1.9392877529174708,0.12586724404290092,0.004847282467868602,0.038511071762375615,0.00796094042240434,0.016666666666666666,2.4733327396449867,0.0027559472069076277,0.002581850781384268,0.0020500265347266925,0.794014336346566,0.0006975063398384049,0.0625,2.220757880914621,0.010375773354965053,0.03333333333333333,1.7535618749021193,0.0026343484161840064,0.00039500433498660683,6.669163304937723,0.008310197030655483,0.016666666666666666,0.7271627648441806,12
19,Relax,60.0,0.00045180677275651,1.0625,3.7925507098040345,0.00018246381813950659,0.00028862560079067376,1.5818237485855904,0.0071947052975032295,0.016666666666666666,0.7079996005454924,0.006424693896733239,0.0005328192947254743,0.0001684071443818956,0.31606802915923754,0.0013955677500993534,0.0625,2.307615885503824,0.029950353817850925,0.016666666666666666,1.5049381001638065,0.0072444240023316255,0.0005603205133147191,12.92907154063553,0.10113826965873642,0.016666666666666666,2.3271993403921054,12
20,Relax,90.0,0.0019769560457651215,0.5,1.9746355402486473,0.0018421723651155977,0.0003126951676292834,0.16974262210781862,0.0013894050018904945,0.016666666666666666,0.7928909239793474,0.0012422273778716706,8.406137466403455e-05,2.5272968809766865e-05,0.30064900688068147,0.0008499640618560536,0.0625,2.24172551667703,0.017662082572324905,0.016666666666666666,1.2464481211584186,0.00598631010868493,0.00026017088772537547,23.009146645968347,0.07555959808260233,0.016666666666666666,2.7419569030399025,12
21,Relax,120.0,7.54624188306336e-05,1.9375,4.023546333998693,1.3110816938007024e-05,6.27489483429924e-05,4.786044122169772,0.00036925142665419474,0.016666666666666666,1.8807042701869294,0.00025966015588985283,6.324535532791414e-05,2.684972058539809e-05,0.42453268617415174,0.0008444797108801117,0.0625,2.477220443803408,0.01743367833334237,0.016666666666666666,1.4942558926224498,0.0032868294619211444,0.0005016575941250536,6.551938015916492,0.10874384330150862,0.03333333333333333,2.6064965336071944,12
22,Relax,150.0,0.00010994490254362529,3.9375,4.011625142618023,9.478792611348387e-06,9.740959807935128e-05,10.27658290178526,0.0004021254373875014,0.016666666666666666,1.0321602205162257,0.0003550777154125364,1.6152118164507395e-05,1.0158973829064241e-05,0.628956136006207,0.0009364238173889029,0.0625,2.432322713109535,0.0068852281313861756,0.03333333333333333,1.5695339672802193,0.0011887869159325065,0.0004853125245130189,2.449528614835112,0.2360668943686532,0.016666666666666666,1.4681807018332742,12
23,Relax,180.0,8.773396550878205e-05,3.9375,4.073960994850302,7.487896305062149e-06,7.884229946376715e-05,10.529299051653036,0.0005828356454679225,0.016666666666666666,0.6344187412855861,0.0005367080883070079,2.4187049258930377e-05,7.832354856034064e-06,0.3238243231816378,0.000897366068191464,0.0625,2.2279498364092793,0.007375863400497315,0.016666666666666666,1.7617055617807593,0.001454695589884929,0.0007573519369293502,1.920765655902232,0.22594641232599075,0.016666666666666666,1.559045371602495,12
24,Relax,210.0,0.00011212759972106639,3.125,4.081739665225513,9.686675586001313e-06,0.000101231413461788,10.45058364585704,0.001105326905944955,0.016666666666666666,0.397527174504485,0.0010680514586058872,2.3943338550122375e-05,3.675630476202298e-06,0.153513699374372,0.0008833353228151534,0.0625,2.3356665209008005,0.010327880598295373,0.016666666666666666,1.2658388628421888,0.001168467849522303,0.00021005113113328237,5.5627781827124885,0.006832181718122033,0.016666666666666666,0.8519120913959275,12
25,Relax,240.0,0.00012189942859974412,2.5625,4.060720126566173,8.326419460160146e-06,0.00011320815512372001,13.596258952049315,0.0007850248680591998,0.016666666666666666,0.394704531663353,0.0007545791724832306,2.0006732823919685e-05,2.9780377033536237e-06,0.14885177552794307,0.0006913224391582191,0.0625,2.2462605682419055,0.02558559439414645,0.03333333333333333,1.4008015806319691,0.005909456175224971,0.0004998415687949806,11.822658506517383,0.2276868370726241,0.016666666666666666,1.537094004075404,12
26,CognitiveStress,0.0,0.0584084064165014,0.5625,3.626793201322963,0.02844723392036462,0.03199461082468607,1.1247002402501418,0.09221043935613929,0.016666666666666666,2.47972566503284,0.04031743478350093,0.02588761411084935,0.01987487134005459,0.7677366965897853,0.00032445209542538784,0.125,2.570882994538348,0.012351188653089136,0.016666666666666666,1.2309381043728191,0.0013639292024219551,0.0006793105009640097,2.0078141004539205,0.1226002725976245,0.03333333333333333,2.347211038692352,12
27,CognitiveStress,30.0,0.016460592358041103,0.5,3.613147295578234,0.007763643077745683,0.008971241073203816,1.155545274733158,0.018125270410749617,0.016666666666666666,2.345381947400358,0.008824235413671552,0.0032627034403552697,0.004734318303585628,1.4510415641913559,0.0005870219485156934,0.5,2.666228526090701,0.0037787524956349808,0.016666666666666666,1.8244625637093848,0.0009007475933870431,0.00023764950032281276,3.790235587129393,0.07093421584215459,0.016666666666666666,1.2447502287073642,12
28,CognitiveStress,60.0,0.014358517476327578,0.6875,3.0599854697893534,0.009831158275745409,0.00528229535544617,0.537301425456469,0.024789066182212622,0.016666666666666666,2.6177507087822223,0.00482728648438165,0.008750956182445483,0.008502160767639459,0.9715693451528062,0.001002443320246632,0.4375,2.6489808607198038,0.008452424785898706,0.03333333333333333,1.5218463816473375,0.0016280249315140044,0.0003474607206423305,4.6854934523372,0.07923978684236128,0.016666666666666666,1.4464435912847078,12
29,CognitiveStress,90.0,0.02349160619590786,0.6875,3.4099629980365975,0.013536741627432194,0.010953063245199662,0.8091358723286326,0.01675552875371571,0.016666666666666666,2.248861100472716,0.009176993273038137,0.0030875914513439637,0.003075549776263745,0.9960999778403399,0.00028321953098138253,0.375,2.6863924382202704,0.008194322797933107,0.016666666666666666,1.7772668397100755,0.002968738939050484,0.0004724122822154687,6.2842120131339705,0.21997377142715996,0.016666666666666666,1.5631274804617186,12
30,CognitiveStress,120.0,0.009592374836926446,1.0625,3.8222252610563956,0.0033795835547128492,0.006450278376625731,1.9086015398645138,0.006860440478064193,0.016666666666666666,2.2919052065491545,0.0022790376383565987,0.0032245999389097324,0.0007046133031609037,0.21851185155053376,0.00014695617842172228,0.125,2.7089267192384128,0.003932797423244168,0.016666666666666666,1.4578053282855898,0.0006355986504650353,0.0001310371938837272,4.8505209217851455,0.0007935468945551405,0.016666666666666666,0.05660454655712889,12
31,CognitiveStress,150.0,0.12852860286218187,0.875,3.513981584795413,0.058101330025649274,0.07249849925388167,1.247794142094108,0.012258227967840839,0.03333333333333333,2.5343293562078713,0.004956194309314922,0.0038663814937164604,0.002117503424397156,0.5476705875606083,0.00012190895630862075,0.0625,2.726422995162137,0.011785625395243806,0.06666666666666667,2.078516629131881,0.008938165904677527,0.0006907436066220969,12.939918399516309,0.06810553989183311,0.016666666666666666,1.874143082014734,12
32,CognitiveStress,180.0,0.497739734151585,0.5,2.6716179557609077,0.402051359612443,0.12159296817641985,0.3024314313813769,0.0017233491662087823,0.016666666666666666,2.249820015641537,0.001068334774620675,0.0002903808198774539,9.81651722483655e-05,0.33805666741278934,6.445441677509424e-05,0.25,2.75986218835738,0.009080526453641906,0.03333333333333333,1.5760475559500895,0.003071825909542438,0.0004138272355909953,7.422966990453153,0.45234104608472714,0.016666666666666666,1.5816916438408009,12
33,CognitiveStress,210.0,0.5508399137360633,0.625,3.009343379685856,0.38335763659544386,0.1974579671710296,0.5150750847814892,0.015413366893498578,0.05,2.470378782221354,0.003969211100053746,0.009322697516264408,0.00177686395012076,0.1905954737908033,0.00028407951483499925,0.6875,2.7580106241197084,0.008710827567074208,0.06666666666666667,1.718551462896085,0.007390392747435528,0.0005649135456397055,13.082342961110415,0.22545098554691018,0.016666666666666666,1.5876804268233702,12
34,CognitiveStress,240.0,0.3653690619047857,0.5625,2.899109162329972,0.23398682590196873,0.13278320830335621,0.5674815570983777,0.019449770603921543,0.03333333333333333,2.651019343938823,0.00446629831633437,0.008935796065827326,0.003857257400080022,0.4316635442063321,0.00044272263710185494,0.125,2.7484813054268695,0.009146578651290148,0.05,1.8601197009909383,0.004893588708487305,0.00026300300845240646,18.60658833251658,0.17103074668324503,0.016666666666666666,1.6059270989455203,12
35,CognitiveStress,270.0,0.0004077583901494085,1.125,3.8140670989191783,0.00013603058179927982,0.00028484605971238527,2.0939854549228527,0.004669076275895746,0.016666666666666666,2.175357987158733,0.0024990417904618006,0.001305643326711279,0.000638540648644182,0.4890620857784881,0.0004066443323328928,0.0625,2.7622722389838046,0.007799335273602678,0.016666666666666666,1.3872502606651853,0.0005490610410403165,0.00038484816108233337,1.4266952439012743,1.0271626370065256e-33,0.016666666666666666,0.0,12
36,Relax,0.0,0.4682519197758235,0.8125,2.586513167879435,0.3730290404519429,0.10751689328510262,0.2882266033626783,0.00210962415363856,0.016666666666666666,1.4691957537595621,0.0015429535683779874,0.00024450411185021224,0.00015893869567114102,0.6500450829575816,0.00015583908892518878,0.3125,2.6051651696203795,0.09561976959578626,0.016666666666666666,0.7181896220083285,0.00500762986607138,0.0004753200699513614,10.535279662362672,0.30997187707063445,0.016666666666666666,1.9844562702903434,12
37,Relax,30.0,0.0010958486829686683,3.0,1.9932733492332968,0.0010624899743098565,0.00018033064705394436,0.16972456344454323,0.0018918433180149065,0.016666666666666666,0.4741864606316755,0.001831519870487616,1.953322678366927e-05,1.4501773924574919e-05,0.7424156840639924,0.0008654878436487735,0.5625,2.754151425742812,0.022790349951123418,0.03333333333333333,1.768606137592824,0.009045549574335485,0.0004035097343095234,22.417178088191655,0.6634893007007103,0.016666666666666666,1.4299066866183399,12
38,Relax,60.0,0.001308860548141224,2.1875,1.9965795081637787,0.0013241810234759452,0.00019510872207178663,0.1473429377198222,0.001015614349643784,0.016666666666666666,0.48461352470538166,0.0009751752298934777,1.5289291534438286e-05,7.739515731897372e-06,0.5062049941597713,0.0010032734108458,0.625,2.790307249756908,0.04692358698451289,0.06666666666666667,1.7426416148611286,0.0278431001212256,0.0008702886056504718,31.992950316079444,0.578986024600045,0.03333333333333333,2.0927695221740077,12
39,Relax,90.0,3.522776476295328e-05,2.4375,4.079846086695259,4.868085873770259e-06,3.0192891164574733e-05,6.2022100569871,0.0010148843189624536,0.016666666666666666,0.4843595186668923,0.0009747938315095756,1.8748784069247785e-05,6.9881867318012005e-06,0.3727274636046076,0.0006674105531130566,0.3125,2.7681499309109707,0.01763181745281724,0.016666666666666666,1.1852995741117096,0.0014289423685958115,0.0003527141017209776,4.0512765484103275,0.2544426738691125,0.05,1.9715901244920164,12
40,Relax,120.0,8.242915137087904e-05,3.0625,3.87924584734569,2.0357267106534626e-05,6.171173184920796e-05,3.031434992047566,0.0007073137048028442,0.016666666666666666,0.47747599245858097,0.000681461196653161,1.063059961905559e-05,2.37902199399145e-06,0.22379000990000597,0.00036248680597978966,0.3125,2.7280116401697323,0.0018809644841015663,0.016666666666666666,2.670928572411817,0.0003311948560665056,0.0006393303415416046,0.5180340029974208,0.08922682299957772,0.06666666666666667,2.610798834893587,12
41,Relax,150.0,0.00012027610785510141,0.5,3.865509386286194,3.5994330249693906e-05,8.330379087178886e-05,2.3143586863238625,0.0005257750361636272,0.016666666666666666,0.578536684252563,0.0004944622616002934,1.9042732565101545e-05,2.8192076336493495e-06,0.14804638063425515,5.742716726125322e-06,0.125,2.7991488146825505,0.0019193827839161565,0.016666666666666666,2.8621117337577826,0.0006940269118216738,0.000577175995032399,1.2024528355215387,1.0271626370065256e-33,0.016666666666666666,0.0,12
42,Relax,180.0,0.0001223943336610545,2.9375,3.8749815397920475,3.565745475456497e-05,8.696719316030074e-05,2.438962448635427,0.0003958293147340667,0.016666666666666666,0.5699106987280416,0.00036650142159649283,1.5499718574061482e-05,2.304362763729117e-06,0.14867126475350523,0.0001461263089257739,0.0625,2.640305005493931,0.0009376445976265349,0.03333333333333333,3.0726496106642385,0.0002056153986876298,0.0004110576751045518,0.5002105814842939,1.0271626370065256e-33,0.016666666666666666,0.0,12
43,Relax,210.0,0.0001117104812623639,2.9375,3.961298471650032,2.8398388817526456e-05,8.391140995203379e-05,2.9547947417441764,0.00031285541516064714,0.016666666666666666,0.565687433392239,0.0002946313945282968,8.141301055941246e-06,2.2987230851878595e-06,0.28235328350992855,0.00029814225690570227,0.125,2.7089057749503134,0.0024121776559209917,0.016666666666666666,2.2840421698213205,0.0007925282765889449,0.0002825388899907557,2.8050236787398553,1.0271626370065256e-33,0.016666666666666666,0.0,12
44,Relax,240.0,6.811497339714408e-05,0.625,3.6210823614346768,3.234100545622085e-05,3.772025132467152e-05,1.1663289620272446,0.0003371672165181547,0.016666666666666666,0.5982847503094165,0.00031872707263535513,1.2101385855772838e-05,4.1935784040822463e-07,0.03465370374982089,0.0005009651429780495,0.0625,2.722880883995944,0.007632440588965971,0.016666666666666666,1.3753774545396409,0.0006071571015824303,0.0003193102120259365,1.9014647158641858,1.0271626370065256e-33,0.016666666666666666,0.0,12
45,EmotionalStress,0.0,0.5061744434571548,0.5,2.4613126101291294,0.40754262787553275,0.12306293010294367,0.3019633326321099,0.0015722095525020363,0.016666666666666666,0.9054147179803446,0.001479110285104703,6.589803124845452e-05,6.44012548530451e-06,0.09772864778043801,0.0005135606837773917,0.0625,2.7536325051061685,0.05445175401719248,0.016666666666666666,1.2074689685913358,0.011313390626437386,0.0010682862747071996,10.590223701543117,0.08086194457276698,0.016666666666666666,1.855067559520501,12
46,EmotionalStress,30.0,0.059618618064242124,0.625,2.8694919352338673,0.05788169586525691,0.01798390037415448,0.31070099286688646,0.0028660155724357017,0.016666666666666666,1.3657294268799698,0.0021966308502252667,0.00046649450024279155,0.00015971717403842687,0.3423773998520894,0.0004951467926578619,0.0625,2.575729808062847,0.12154429433892669,0.016666666666666666,0.7277965889490738,0.006154232745965496,0.00024320507085750213,25.30470571302916,0.23049552601473336,0.03333333333333333,2.1232517590708433,12
47,EmotionalStress,60.0,0.036601921230480776,0.625,3.3606791829775955,0.019323752095917787,0.01808634819727106,0.9359646153342996,0.0032425087257922473,0.016666666666666666,1.5163507250414963,0.002487118631055324,0.000538427243589985,0.00018412602072493924,0.34197010444210013,0.0004647298175140199,0.0625,2.55408731666941,0.010079237969948623,0.05,1.9775223184957842,0.005477114828567841,0.0004405720841070294,12.431824498524673,0.1248037005903342,0.016666666666666666,1.6860107841037992,12
48,EmotionalStress,90.0,7.62342894897556e-05,3.9375,4.060544336750864,7.463962918148822e-06,6.774014788729155e-05,9.075627602942614,0.0009047281169205982,0.016666666666666666,0.37606264015318774,0.0008865961819312676,3.13637121482504e-06,1.0682193514261385e-05,3.4059085428946214,0.0008567719387115669,0.0625,2.6530239751241353,0.0027193605573530835,0.03333333333333333,2.019964035589992,0.0009618911810798452,0.0002052339242662187,4.686804018969741,0.19397062275775392,0.016666666666666666,1.5508484074723812,12
49,EmotionalStress,120.0,5.496884132899446e-05,2.8125,4.055192059868632,8.328559747039667e-06,4.645377030474144e-05,5.577647482357695,0.0031157180791850036,0.03333333333333333,2.317686875599443,0.0015569201123437904,0.001079817673963375,0.00035115362719737036,0.3251971473188544,0.0006940895486981997,0.625,2.674047790147964,0.0038219111804143327,0.016666666666666666,1.7090219817561645,0.001582580952238043,0.00023838508624409265,6.63875822591339,0.00171573964011353,0.016666666666666666,1.549892319155812,12
50,EmotionalStress,150.0,0.00012947917248681156,3.0,3.873732875199439,4.149023115733787e-05,8.873154707004656e-05,2.138612984188055,0.000620042478829296,0.016666666666666666,0.41219638146079757,0.0005973973695499858,1.5191574270538145e-05,4.326707250103016e-06,0.2848096696926294,0.0002397955931188674,0.0625,2.638224415327789,0.006476118920710657,0.016666666666666666,1.6485699796209887,0.0012658498629856143,0.0004683469461731689,2.7028037085088044,0.22777647668692208,0.016666666666666666,2.3324983490890197,12
51,EmotionalStress,180.0,0.0002521737160437552,3.25,3.603398770495649,0.00011408662548363719,0.00014365712183504812,1.2591933649194669,0.0002663260724726981,0.016666666666666666,0.5958844527272088,0.00024401761907150228,1.5331535937842695e-05,2.0396811139448412e-06,0.13303827628322054,0.0002777443298409468,0.125,2.58364245446649,0.011077839554925844,0.016666666666666666,1.2353732942512008,0.0015782196476047492,0.00035913760730326317,4.3944705748180475,0.03990537811771353,0.016666666666666666,1.5105221166362817,12
52,EmotionalStress,210.0,8.474321636549339e-05,3.25,3.7420954676602185,3.6353625260356886e-05,4.909592841078943e-05,1.3505098338659458,0.00032283211760185463,0.016666666666666666,0.5601617024513343,0.0003041996625794828,1.1993240814743004e-05,1.5171108376850958e-06,0.12649715461563546,5.520306862901663e-05,0.8125,2.6951493796331083,0.017819784510602496,0.016666666666666666,1.3933949066930906,0.0022863852416775883,0.0007331517745813482,3.118570152794329,0.01813625578353597,0.016666666666666666,2.1437257605984907,12
53,EmotionalStress,240.0,6.664322766702989e-05,0.75,4.065616874653753,9.035581379163382e-06,5.755598623540587e-05,6.3699261641462925,0.00066400345171258,0.016666666666666666,1.4014482451589658,0.0005315256583034523,9.083976858672045e-05,2.0580507459996614e-05,0.22655834311543158,0.00026270488978179013,0.3125,2.704636424012574,0.009834104996163337,0.016666666666666666,1.1597489568397925,0.0013451215326765187,0.000184327868411794,7.297439851425378,0.21894438446598677,0.016666666666666666,2.2072925754741024,12
54,EmotionalStress,270.0,7.415430495909275e-05,0.9375,4.039455589726952,1.1467510911243675e-05,6.285634367037129e-05,5.481254315506415,0.0012452769521753082,0.016666666666666666,1.7888490521738483,0.0007560082725326933,0.00033631681973750945,7.070820853663455e-05,0.2102428555069631,0.0004052008259626778,0.4375,2.6918991366700498,0.010869502150285093,0.016666666666666666,1.3341775236603828,0.0012078264386646484,0.00040583828256524784,2.9761274146690746,0.18453958930970546,0.016666666666666666,1.3739842211980435,12
55,Relax,0.0,0.052637334074848864,0.9375,1.3954265978103522,0.04813298301020783,0.00465215941730138,0.09665221489212025,0.001539016630875925,0.016666666666666666,0.20948825465436707,0.0015216029161308317,8.635533632996621e-06,4.283780607137355e-06,0.49606437646990414,0.000138177844621463,0.0625,2.7325284873645828,0.06813139177178855,0.016666666666666666,1.0320265675742881,0.007524439515862238,0.0003741778042329619,20.109262042645227,0.49069488244495685,0.016666666666666666,1.1114836107696984,12
56,Relax,30.0,0.0017473066056189427,0.5,3.0081213408315524,0.0011609427665425051,0.0006066082418712223,0.5225134772817526,0.0005670722763259721,0.016666666666666666,0.3629823419371284,0.0005548364959382691,4.4257479858511255e-06,4.859357344133702e-06,1.0979742542207107,0.0007415498551998691,0.0625,2.655589950354142,0.0223548359159866,0.06666666666666667,1.9190844732770773,0.01930324455027846,0.0008257469313048258,23.376707582522805,0.39405549471701307,0.016666666666666666,1.7103933592039473,12
57,Relax,60.0,0.0021168259480248033,0.5,2.615497608605797,0.0015747739393261765,0.0005486966837085284,0.348428856997283,0.0002445491105536084,0.016666666666666666,0.706269523721577,0.00022538421738011475,8.685438294179275e-06,6.6796071795621295e-06,0.769058158416554,0.0005416645622867687,0.6875,2.727257552625964,0.02492552131886881,0.016666666666666666,0.8440072854638822,0.0009160421421049967,0.0003969368457265143,2.3077780557971708,0.17534367206703994,0.016666666666666666,1.9485745450514982,12
58,Relax,90.0,4.8907141132501564e-05,2.0,4.072298806574656,6.6430198619239915e-06,4.225374676495244e-05,6.360623277244674,0.00014753779671933937,0.016666666666666666,0.48661037801026763,0.00014187101992727027,3.950185943745251e-06,1.9291918004189446e-07,0.048837999726915104,0.0006069316941580091,0.0625,2.580839372717906,0.039341738892007795,0.03333333333333333,1.27156515243985,0.01308917659094476,0.0006373621493059284,20.536482445966627,0.26914184768406235,0.03333333333333333,2.2964672351136275,12
59,Relax,120.0,5.8113914426209873e-05,2.9375,4.031988605051963,1.115253516033519e-05,4.691795629480052e-05,4.206931932541013,0.00013677054805642715,0.016666666666666666,0.6146788464280701,0.00012613286952784753,7.785606550119327e-06,8.386651344441504e-07,0.10771994822051423,0.00038050620483851753,0.0625,2.6406061741865448,0.023484654959959217,0.016666666666666666,0.8069208063478637,0.0005767451436107256,0.0003843113512859165,1.5007236754285822,0.13110688729976946,0.016666666666666666,1.5777312823197565,12
60,Relax,150.0,5.7037126492781455e-05,2.9375,4.013366742676747,1.1368671247617532e-05,4.578029315554163e-05,4.0268816080978285,0.00010493524529205935,0.016666666666666666,0.4754618342515954,0.00010011217166598489,3.0861627064933008e-06,2.79121174188215e-07,0.09044279279279176,0.000526170749955248,0.6875,2.5795562822529456,0.0018670143893436098,0.016666666666666666,2.1450118221702246,0.001013274802488053,0.00012345461891718646,8.207670246568572,0.01589351741310551,0.016666666666666666,0.9896382227864905,12
61,Relax,180.0,5.326623285251224e-05,3.625,4.105433707880955,6.877137382557882e-06,4.594743970527445e-05,6.6811868295387695,8.100714028530456e-05,0.016666666666666666,0.5720390307484191,7.449368322190352e-05,4.723110041988323e-06,2.579435944264183e-07,0.05461308166299463,0.0003067000841604535,0.0625,2.6634783826271775,0.007785961237095609,0.03333333333333333,1.3907022916053282,0.0006101183714352987,0.0004126643809079405,1.478485664531845,0.02106567285780366,0.016666666666666666,1.8813430390806125,12
62,Relax,210.0,6.197798624623825e-05,2.875,4.089283194078472,8.270353663404694e-06,5.331547445619429e-05,6.44657733224986,7.84932926229974e-05,0.016666666666666666,0.6735220119423866,6.986893781493219e-05,6.8199413982082415e-06,3.212645480144976e-07,0.047106643482142135,0.0002272286569311415,0.0625,2.7062422801763715,0.005518979729450938,0.016666666666666666,0.8509091252919934,0.0005385266421369019,0.00019350121538826547,2.783065941246589,0.1508715365337668,0.03333333333333333,2.186486110746251,12
63,Relax,240.0,1.625006798808931e-05,3.0,4.061136583096578,1.7311455835004024e-06,1.4461628607107616e-05,8.353791122446205,5.1608884050166234e-05,0.016666666666666666,0.6872139344874094,4.506050055411033e-05,4.364005642738487e-06,4.886287469514522e-07,0.11196794572539309,0.0006432863150049127,0.0625,2.685958455335161,0.00675871122499379,0.016666666666666666,1.8315736760163865,0.0018666098977701843,0.0005242150928289941,3.5607709951592277,0.2660664190538955,0.03333333333333333,2.1662379168799197,12
0,Relax,0.0,0.0003617600417528506,0.5,3.6606162524279844,0.0001582128094161769,0.00020484863651379836,1.294766443183159,4.624382012262699e-05,0.016666666666666666,0.5397767810266789,4.424938476216403e-05,1.1327671037669798e-06,4.7238993658994457e-07,0.417023000596528,0.0034683308988115572,0.0625,1.8132429343243566,0.09619141777507463,0.03333333333333333,1.3274586524710004,0.01899073783290596,0.00043067360426086364,44.09543014714936,0.027889586731733633,0.016666666666666666,2.300815116826637,13
1,Relax,30.0,7.855245686401602e-05,0.5,4.010035704777425,1.7761885402030696e-05,6.0458661241701276e-05,3.4038425467371334,5.283787587790417e-05,0.016666666666666666,0.838088621886857,4.9739331938593216e-05,1.5782713786676144e-06,8.078588892363104e-07,0.5118631055188427,0.0025628102105054833,0.0625,1.957215658838936,0.015516555828438439,0.016666666666666666,1.9376397700291372,0.005195455539733546,0.0008085938313657087,6.425297025774315,0.01212937338668547,0.016666666666666666,3.3951028849410423,13
2,Relax,60.0,7.747812940842153e-05,0.875,4.019421904752491,1.626922066234374e-05,6.073779869320769e-05,3.7332949102958333,2.2651455174775906e-06,0.016666666666666666,2.3159395383039065,9.274935664682526e-07,1.078765659355369e-06,8.644862371128167e-08,0.0801366107287288,0.0022804983489856747,0.0625,1.6810615574656587,0.056242728034312774,0.016666666666666666,1.6268373244213925,0.012146307105325084,0.0022508981060079323,5.396204773954472,1.0271626370065256e-33,0.016666666666666666,0.0,13
3,Relax,90.0,9.356445401266077e-05,2.625,4.062750707204345,1.4067160297480555e-05,7.833977245782317e-05,5.568982708745696,1.5949637141368662e-05,0.016666666666666666,0.6711436045110537,1.4966897763761834e-05,7.308706598290312e-07,6.501885657883396e-08,0.08896082460615327,0.0019999211014271124,0.0625,2.0535267520751246,0.02898918220248042,0.016666666666666666,2.002348947408226,0.014310289961241309,0.000999523045252981,14.317118578911154,1.0271626370065256e-33,0.016666666666666666,0.0,13
4,Relax,120.0,8.411700001156208e-05,2.0,4.09088198703545,6.971778847936626e-06,7.710119839818152e-05,11.059042473930518,4.793658196237406e-06,0.016666666666666666,0.8656870352731203,4.297339541788639e-06,2.197355938628328e-07,8.522080483404581e-08,0.38783341076386485,0.0017536826376274314,0.0625,2.0000877836547684,0.04486972167076201,0.03333333333333333,1.5955182930457128,0.017958640979883988,0.0009761386838676547,18.39763271006564,0.0015382700767507787,0.016666666666666666,1.0641789615029102,13
5,Relax,150.0,7.444801768940123e-05,1.25,4.077558828688875,7.690476787689808e-06,6.654383411419947e-05,8.652757943527842,4.9042081070401505e-06,0.016666666666666666,1.1526718358881547,4.335078572026619e-06,3.4517922359150737e-07,3.586554652760907e-08,0.10390412885931148,0.0015000779682969939,0.0625,2.094541535334778,0.013536786591452044,0.016666666666666666,1.3834726292161146,0.0020848735300184567,0.0008330912294903246,2.502575295737968,0.21483138408737504,0.06666666666666667,2.457092648128961,13
6,Relax,180.0,7.379107537917699e-05,1.375,4.04357958378545,8.957299884084388e-06,6.485403387938894e-05,7.240355321208306,2.429651766314346e-06,0.016666666666666666,1.4071301021473004,2.0313646758538003e-06,1.3893876440600971e-08,2.065407134399917e-08,1.486559307785653,0.0017391185522429538,0.0625,2.2919567475551004,0.009561176155663877,0.016666666666666666,1.4257915945107422,0.0005731577213496145,0.0010426099811840163,0.5497335836922652,0.21474448365501927,0.06666666666666667,2.385591237396345,13
7,Relax,210.0,6.681271854869328e-05,1.75,4.0415049980421704,1.0580516056199645e-05,5.612471290116039e-05,5.304534542837744,1.4537298496252102e-06,0.016666666666666666,1.609034583139171,1.1276603159010611e-06,1.9566331214771557e-07,1.1347205244506716e-08,0.05799352530606335,0.0007986011077619098,0.0625,2.103622139197967,0.012356385578856871,0.016666666666666666,1.5964666720058631,0.006475539202241233,0.0005549901427777411,11.667845432048539,0.11721658268444142,0.06666666666666667,2.61752983585948,13
8,Relax,240.0,5.038237520804284e-05,1.6875,4.060253524844554,8.762993018357423e-06,4.1809271294401704e-05,4.771117722770779,1.6665989529622318e-06,0.016666666666666666,2.031836207134151,1.1961656415772926e-06,6.2278755371915e-08,6.327863741004026e-08,1.0160549457379837,0.001738107320406628,0.0625,2.3993620882069733,0.03716947926709129,0.016666666666666666,1.3209819254565505,0.012243478005783806,0.0005892748356771165,20.77719472224743,0.22345578037539401,0.016666666666666666,1.6254482146464875,13
9,PhysicalStress,0.0,0.41844758540893096,0.6875,2.0209570677600595,0.37117921311861385,0.048410500558699956,0.130423522782861,0.00012589621311846628,0.016666666666666666,1.0607408582231115,0.00010439040626924463,1.7536691811316393e-05,2.6731503889901003e-06,0.15243185075905374,0.0018372882202837319,0.375,2.7415303694876707,0.2823827722733922,0.016666666666666666,1.217507175230214,0.037586518870079993,0.004247368452416785,8.849366211375653,0.22578767137403005,0.016666666666666666,1.6378117619917372,13
10,PhysicalStress,30.0,0.612454425734422,0.5625,2.2405083665002583,0.5692152693183146,0.09642621905026483,0.16940202459035178,0.0010883487543625451,0.016666666666666666,1.892762769606945,0.0006839002308174938,0.00030002119789758914,5.4825711441181186e-05,0.18273945916280118,0.0003143203690387348,0.375,2.7199280378535278,0.03793902644565643,0.016666666666666666,1.2140867361901064,0.006328114257453574,0.0006960336163238431,9.09167906411764,0.2974980876805893,0.016666666666666666,2.4307137726117616,13
11,PhysicalStress,60.0,0.7917739831984215,0.5625,2.1614861889767045,0.7473891896204514,0.09459066321622497,0.12656145490177773,1.8348737261999184e-06,0.016666666666666666,1.1183947708105506,1.5034903438041065e-06,1.4086583529945325e-07,7.755609729380218e-08,0.5505671203307251,0.0012648954708185487,0.3125,2.7497097918733475,0.11065227958551387,0.016666666666666666,1.5032192757895277,0.026874811955957863,0.000723580404141941,37.141431418153736,0.8015897438678203,0.016666666666666666,1.1691595605651348,13
12,PhysicalStress,90.0,0.08888506047909327,0.5,3.883625437560207,0.030181729227658063,0.059986414975209124,1.9875075587199462,9.984521834466686e-07,0.016666666666666666,2.4498703929537475,5.312478368406362e-07,1.9751428608289717e-08,4.1407416446485646e-08,2.096426403764377,0.0007619642992527473,0.5625,2.706590601643556,0.18148798846094588,0.016666666666666666,1.3128860870844286,0.02402508795877617,0.006279572440222025,3.8259114274867287,0.5711642858032177,0.016666666666666666,1.5793741352322408,13
13,PhysicalStress,120.0,0.933562964834913,0.5,1.5784889894600256,0.9834173724193376,0.061755577014945044,0.0627969148674058,5.861723212204502e-06,0.03333333333333333,2.5082464892928056,2.3729150745861074e-06,2.4933834142244446e-06,4.847190441458847e-07,0.19440212900295334,0.00041549308828294087,0.5625,2.687959751100374,0.016621361828135606,0.016666666666666666,1.1607504793070016,0.0033466011357460297,0.0008967528812081284,3.7319101012950227,0.144665606392314,0.03333333333333333,2.4626441818477245,13
14,PhysicalStress,150.0,0.3489119585985828,0.5,2.3347391661954795,0.3588472803473128,0.0613031108145807,0.17083342739910992,1.1000216990988861e-06,0.016666666666666666,2.5198590258635605,6.310836133159139e-07,8.836610810658245e-08,9.391350885724127e-08,1.0627774705656137,0.001503907894090802,0.5625,2.587257426362336,0.04888511592898144,0.016666666666666666,0.9664121486180837,0.004302943168830695,0.0011039026247994924,3.8979372565694015,0.3458901614866527,0.016666666666666666,1.6163133870190516,13
15,PhysicalStress,180.0,0.07181241219446012,2.625,3.9230724668185273,0.006812444425610061,0.06537450517482925,9.59633592445415,6.821334519120334e-07,0.016666666666666666,3.5441941396537016,1.5436134280516187e-07,8.884841522415324e-08,5.895566144021185e-08,0.6635533260944972,0.0011256638397140427,0.5625,2.638032743116455,0.10531093626391749,0.016666666666666666,1.1603538936853575,0.007727431084609129,0.002614589592333015,2.955504415403831,0.1780128023757471,0.016666666666666666,0.6680431756646936,13
16,PhysicalStress,210.0,0.1323824764983886,3.5625,3.5523386069536778,0.011888034236010077,0.12098680746684104,10.177192045793372,0.0013605305433105406,0.016666666666666666,0.329654477860016,0.0013101763488696234,4.5278089887376096e-05,1.7732816864052573e-06,0.039164233535824634,0.0004760834702796342,0.0625,2.762674267954245,0.016813866862157138,0.016666666666666666,1.3938942293952556,0.0025171656857015923,0.0007412652278883262,3.3957692752867272,0.615124910758101,0.05,1.8086845227911954,13
17,PhysicalStress,240.0,0.16062068104139582,2.6875,3.5249164203732795,0.013940597011408255,0.1472641777407812,10.563692331129571,0.021147309210176622,0.016666666666666666,0.4906566884593057,0.020646963931984865,0.0004401673181526059,5.0295855164132804e-05,0.11426531023526658,0.0010956946865923573,0.0625,2.5766181717906185,0.006674729837428349,0.016666666666666666,1.245119937238323,0.0005721119718365527,0.00024360764701374416,2.3484975896683347,0.7001061728500687,0.016666666666666666,1.2631746926924021,13
18,Relax,0.0,0.00884030972145714,0.5,0.7543213547625547,0.01540345334355808,0.0003064130347617892,0.019892489555917343,0.007897854631204796,0.016666666666666666,0.8162201945642242,0.007453356591889834,0.0002880064513148928,7.229480656659704e-05,0.25101801100820925,0.0007013687273114038,0.5,2.693486492381786,0.1401034577485091,0.016666666666666666,0.7986600629462559,0.0060999647157945775,0.0014550956147740828,4.192140127328783,0.2373393193945117,0.016666666666666666,1.540728385277533,13
19,Relax,30.0,0.1317258785087903,0.625,2.523451865036614,0.10340278231667391,0.03812505475109747,0.3687043413816315,0.0037646792635584346,0.016666666666666666,0.9169729987283777,0.0033855279495515578,0.00012991655519070997,6.212240135175242e-05,0.4781715560465742,4.9895087457260505e-05,0.0625,2.7249894152885448,0.09515765817070942,0.016666666666666666,1.1707565500344383,0.01662528155355485,0.0010311422278160094,16.12317011666538,0.04132323537868812,0.03333333333333333,3.3933078665946184,13
20,Relax,60.0,0.32101776749181954,0.5,1.969522457697015,0.3468344967943552,0.0471094837509457,0.13582698430046253,0.008909091395775282,0.016666666666666666,0.37770004313299593,0.00868088874085591,0.00014816382923292734,1.744744401308751e-05,0.1177577827423622,0.002325913126220418,0.0625,2.542824733923207,0.2102481970804457,0.03333333333333333,1.370318586309404,0.04188586630913477,0.001380377323547441,30.34378035238365,1.0271626370065256e-33,0.016666666666666666,0.0,13
21,Relax,90.0,0.37736306325240015,0.5,1.410047693528693,0.37704278973476574,0.022921674924707744,0.060793298662022446,0.0044611131821426595,0.016666666666666666,0.28417445349107845,0.004376329837658565,7.158068321686328e-05,5.5652754648453345e-06,0.0777482864753412,0.0014769575617160774,0.0625,2.352422897732252,0.029370182798462617,0.03333333333333333,2.0993452193914215,0.017394249220864563,0.0006540563328189283,26.594420614959567,1.0271626370065256e-33,0.016666666666666666,0.0,13
22,Relax,120.0,6.270281076213276e-05,2.4375,4.0676971177408685,4.826895037318384e-06,5.750552088227601e-05,11.91356357196108,0.010355501685315176,0.016666666666666666,0.2646015634202593,0.010291582984146097,5.804664860092478e-05,1.04270832620774e-06,0.017963282141858713,0.0015564496694024407,0.0625,2.5871668891946893,0.033215893745588594,0.06666666666666667,2.052469885997797,0.027983484367548182,0.0010359822485308092,27.011548129548842,1.0271626370065256e-33,0.016666666666666666,0.0,13
23,Relax,150.0,0.00010093734500211723,2.5,4.052733130965591,9.339520773241725e-06,9.128980682402058e-05,9.774570777289906,0.005900931404099503,0.016666666666666666,0.23357136734623588,0.0058806291325735165,1.4482508730668876e-05,1.0587367207548763e-06,0.07310451113437572,0.0013457412634066532,0.0625,2.522532742488558,0.02373272937131119,0.03333333333333333,1.4540092579262622,0.006668266055681826,0.0006545986760472804,10.186800401044794,0.2362359301532648,0.016666666666666666,1.6002966448067022,13
24,Relax,180.0,6.231922593866324e-05,2.4375,4.070452128057317,4.54878723669345e-06,5.73632243826336e-05,12.610663325799205,0.0035057129842520347,0.016666666666666666,0.24976228593130892,0.00348898402367918,1.2234588344923443e-05,1.1530043189181996e-06,0.09424136606906118,0.0007811690538986429,0.0625,2.2711832566931034,0.029821321000225994,0.016666666666666666,1.1999574219008124,0.0017295063304758598,0.0009009585910980545,1.9196291012309483,0.25849980255218,0.08333333333333333,2.3582402279997385,13
25,Relax,210.0,6.845117244626002e-05,3.125,4.069150212469813,6.957991106745521e-06,6.120994083179656e-05,8.79707086323461,0.0021719754473313387,0.016666666666666666,0.23103346535002156,0.002162061567679642,6.944491622899024e-06,5.842861871658287e-07,0.0841366393530063,0.0009772081436118293,0.0625,2.283243450628264,0.09605855350008874,0.016666666666666666,1.4422939917110729,0.023891512051736473,0.0018780970151977272,12.721127747078157,0.27526056521230996,0.016666666666666666,1.7120508642162333,13
26,Relax,240.0,6.526057095962754e-05,1.5625,4.074831347721545,4.379605952074995e-06,5.999072923619038e-05,13.6977458457804,0.0013605397465484101,0.016666666666666666,0.2347964678721984,0.0013536268061516293,4.691444285077985e-06,3.5676727192489527e-07,0.07604636232378593,0.000480540344006888,0.0625,2.007868870632035,0.07772387744587601,0.016666666666666666,0.8736659756809797,0.004653106514241531,0.0005479456475874607,8.491912536815656,0.2719528758433884,0.016666666666666666,2.2152511833834185,13
27,CognitiveStress,0.0,0.015538390176414172,0.6875,3.159658412524574,0.010126496191336523,0.006439247875505157,0.6358811333987463,0.00017537551475243124,0.016666666666666666,0.34256309986996136,0.00017266021514061446,1.5480287406165512e-06,5.901390556021144e-07,0.3812197022692699,0.0026406866382501543,0.5,2.6916607525516563,0.013156796251577932,0.016666666666666666,1.5448910567706975,0.004357198064181414,0.0004001541755950471,10.888798193101612,1.1372761512483494,0.016666666666666666,1.493804248474329,13
28,CognitiveStress,30.0,0.002091362469132246,0.8125,3.0437918896241776,0.0013628141443801636,0.0007883783508422179,0.5784929325053262,0.012619201934338884,0.016666666666666666,0.4726786103524724,0.012319899264946907,0.0002696664914653327,1.2349976243813207e-05,0.04579722225295787,0.002162440172846623,0.125,2.7454864733264053,0.03399272696040775,0.03333333333333333,1.835331293443922,0.013724760071943566,0.0008418572749888173,16.30295357621739,0.23043430821586372,0.03333333333333333,2.665501699169308,13
29,CognitiveStress,60.0,0.1893384677820154,0.5,1.4165541100686,0.18341951796427247,0.0066457713989431,0.03623262928996249,0.11968141270227015,0.016666666666666666,0.3716597566537559,0.11656143327404672,0.002901762342411789,0.00016693968447180338,0.057530446939721494,0.0018958627057761076,0.375,2.72659456568225,0.033471515843862126,0.016666666666666666,1.7498822530961977,0.016193275596647204,0.0011624072869111446,13.930810464615602,0.14842669367435682,0.016666666666666666,2.743752780311807,13
30,CognitiveStress,90.0,0.29648137052029794,0.5,1.4439550514041724,0.3116540835707152,0.009075133315043851,0.02911925045572097,0.12290410652547853,0.016666666666666666,0.4140176347450389,0.11815719458711867,0.004256193367368175,0.00033203242511124363,0.07801159309558262,0.002202816152883839,0.5,2.708980719560219,0.06433240091304891,0.03333333333333333,1.6172468608470025,0.026282040898057194,0.0012434261163408904,21.136793374904364,0.1692158120441163,0.03333333333333333,2.1102159643237135,13
31,CognitiveStress,120.0,0.014053855885938186,0.75,2.3687723477073748,0.011784787572926636,0.0035883836805885635,0.30449286068017123,0.008702714115536843,0.016666666666666666,2.1151337102754826,0.003640876900146139,0.0042360806942677,0.0004293940929242583,0.10136589076438463,0.0016030712705548118,0.3125,2.7131318655474193,0.009002183122117424,0.05,2.2132651478820664,0.005102136899788563,0.0005334719074674551,9.564021700804973,0.20856391201067664,0.03333333333333333,2.1721249116651355,13
32,CognitiveStress,150.0,0.4989695151507252,0.75,2.2793236004787616,0.47189981584377305,0.091997499706877,0.19495133631782058,0.019067207864869633,0.016666666666666666,2.3436019299398616,0.009020744138705575,0.004383822612809935,0.004034051238551506,0.9202131552411896,0.0010415595271230198,0.0625,2.674749199249299,0.020777014019517395,0.03333333333333333,2.257653519390903,0.008106888135793638,0.002092360247504218,3.874518331852075,0.10397185937712507,0.016666666666666666,2.7268700874625194,13
33,CognitiveStress,180.0,0.34443214225237806,1.0625,2.533768593140129,0.3145009910431464,0.07704596344127525,0.2449784440606272,0.014197000150704348,0.03333333333333333,1.7509009328248237,0.010157771018470277,0.002635577302839385,0.0007115507576802108,0.26997908841969315,0.0007773450999801944,0.5625,2.7604536128675123,0.1537323393579419,0.016666666666666666,1.1908851663713946,0.01612177893172857,0.0020433061618975582,7.890045668318617,0.2911652075258092,0.016666666666666666,2.4884569297687027,13
34,CognitiveStress,210.0,0.2697770620565414,0.5,1.874605467276338,0.2474512878600637,0.02864361405945061,0.11575455641050804,0.02354936027196705,0.016666666666666666,1.242059421670167,0.017720626766048533,0.005358928591798592,0.00033008720609762195,0.061595746321903566,0.0019872111368810477,0.3125,2.719906065709118,0.08974553297912104,0.016666666666666666,1.4452841620026644,0.03898537288182739,0.001355282114303733,28.765503853679842,0.47108449024968985,0.016666666666666666,1.8517994833341502,13
35,CognitiveStress,240.0,0.04343067959296115,0.5,0.9411599811769893,0.061417937758499734,0.002168508025665272,0.03530740537385055,0.0076772577262471465,0.016666666666666666,0.36898539887857507,0.007502415650769485,0.00010758658515011628,1.6375029967901128e-05,0.1522032690697724,0.00048607921822826884,0.125,2.6668875259997975,0.0297310793169487,0.05,1.734572203900264,0.01681991244338282,0.0008009538870131022,20.999851197560485,0.83647927088654,0.016666666666666666,1.6507945942899933,13
36,CognitiveStress,270.0,0.013244193590375741,0.5,1.7872326923858575,0.01604652776228229,0.0018209305411910847,0.11347816600368966,0.005573029816722907,0.016666666666666666,0.9518892814912202,0.0049261186148890235,0.000523153274608669,8.031313813715787e-05,0.1535174145612182,0.00039433365590932476,0.125,2.653782375796996,0.01765972655864833,0.016666666666666666,1.5216323949891875,0.0026301912153170134,0.000872599458064699,3.0142022104281407,0.41018464887946465,0.016666666666666666,2.7113605836781827,13
37,Relax,0.0,0.05528369697979993,0.5625,1.6644144791760094,0.057010818860852304,0.00859122368824522,0.15069462007227136,0.00359737469765983,0.016666666666666666,0.3069579210433153,0.0035590769603010544,2.393542591353823e-05,2.515944361011619e-06,0.10511383294786343,0.00029822092202827163,0.5,2.639854929734883,0.08787126701526125,0.016666666666666666,1.8263716365812868,0.03523070461240699,0.0012583938313099692,27.996564935265415,0.1398247692431928,0.016666666666666666,2.2343976948752267,13
38,Relax,30.0,0.00012128583496814385,0.5,3.8209845543070746,4.3259170120265186e-05,7.817021972024371e-05,1.80702078895462,0.003715984670031281,0.016666666666666666,0.2641130228027744,0.0036893688039196684,1.672252471348441e-05,2.1844223112447315e-06,0.13062754271089796,0.0005576767550113123,0.5625,2.6610319362658155,0.00961348739888096,0.016666666666666666,1.452830982466965,0.0011728267912362198,0.0006143269764130943,1.9091246783334668,0.05361772600800478,0.016666666666666666,1.3221940575239433,13
39,Relax,60.0,8.714002158492637e-05,1.875,3.9200884885206455,2.291108696395593e-05,6.38565119873667e-05,2.787144585842947,0.003804380050274196,0.016666666666666666,0.2552447809894562,0.003783123990866031,1.2393180189742672e-05,1.291454017889954e-06,0.10420682973356893,0.000545938876987144,0.1875,2.7010527528684785,0.026802811818240863,0.06666666666666667,1.9100151581437887,0.019480838120801557,0.00046864022223304494,41.56885644167808,1.0271626370065256e-33,0.016666666666666666,0.0,13
40,Relax,90.0,0.00013092032261032897,0.5,4.034096835464527,2.2708638750622172e-05,0.00010738267681875829,4.72871482954108,0.0025927942796123518,0.016666666666666666,0.24498054566914207,0.0025692567853706307,1.408680898733757e-05,2.4684014214696987e-06,0.17522786201534424,0.0001236976888772211,0.375,2.6499099659728964,0.006081318646905794,0.016666666666666666,1.6273835321207806,0.0014824080860687447,0.00035347721103971873,4.193786868772632,0.08850932145074428,0.016666666666666666,2.2091730787427446,13
41,Relax,120.0,0.00010251557166959545,0.9375,4.0534380037429365,1.8259079481483036e-05,8.343275843248528e-05,4.56938470075101,0.002234513345959426,0.016666666666666666,0.2554326641979564,0.0022174081168295813,1.0218412555821397e-05,8.342193013177061e-07,0.08163883546103784,0.0003421272528266727,0.125,2.7065016174287555,0.01050109267235976,0.016666666666666666,1.2341628002091785,0.0008859351176256098,0.0006012018223560624,1.4736068399688147,0.31282470219452024,0.016666666666666666,2.4162200392947253,13
42,Relax,150.0,3.4031342067625595e-05,0.75,4.017652432264454,8.76597148018622e-06,2.525022180148601e-05,2.880481856296161,0.002393992924226139,0.016666666666666666,0.2607898670949622,0.002380025312589477,8.11840687420856e-06,2.2940906756904543e-07,0.028257892357903026,8.327707439316104e-06,0.0625,1.9663861594059484,0.010874784772049237,0.016666666666666666,0.9334341002067569,0.0005226139105850959,0.00042681677533489996,1.2244455719319587,0.007410385687656287,0.016666666666666666,0.1397270984719217,13
43,Relax,180.0,3.658082693033139e-05,0.5,4.04112632333805,6.594904077786055e-06,2.9388161248847815e-05,4.4561923725073465,0.001994617120574669,0.016666666666666666,0.22641003866395623,0.0019823502589595768,8.981557929248616e-06,3.1334024672033076e-07,0.03488707072744387,0.0008473828030349795,0.1875,2.6278229713893073,0.22230400234730752,0.016666666666666666,1.0617237142819658,0.020386940249280498,0.0014750914279632141,13.820797723318414,0.31298362728827994,0.016666666666666666,1.4920416064685817,13
44,Relax,210.0,6.942665794119303e-05,0.5,4.0355979349427535,1.4732142465010015e-05,5.4097507273015545e-05,3.6720733186976258,0.0016537213031741754,0.016666666666666666,0.2534617343726713,0.0016447843319924295,5.577437767671351e-06,6.414878634621371e-07,0.11501479535646458,0.0020916851468905165,0.6875,2.739820475107579,0.04285740234059258,0.016666666666666666,0.8437098318757161,0.006179263439963919,0.0006534991237373423,9.455656810409925,0.1435853164790986,0.016666666666666666,2.6801817346962675,13
45,Relax,240.0,9.239360975527436e-05,0.5,3.972333666766014,2.466153366946838e-05,6.767098711267032e-05,2.743989405510849,0.0010264233204740445,0.016666666666666666,0.2670972798037584,0.0010205807414718857,2.9934434608396215e-06,1.5333138783494225e-07,0.051222409857019584,0.0013481082328990833,0.625,2.7548506106254553,0.01157137179426108,0.016666666666666666,1.6820209283087055,0.0029039729109574626,0.0005000643408889467,5.8071985412820535,0.22427670414225617,0.016666666666666666,2.0748403175125416,13
46,EmotionalStress,0.0,1.273089774855271,0.5,1.8404489830486908,1.317999004983124,0.12462775996508467,0.09455831111699545,0.00035225967535836163,0.016666666666666666,1.7772905659662783,0.00024257176701097946,8.167536983778761e-05,2.0955153823310794e-05,0.25656637814960664,0.00011038749719548526,0.125,2.676250617996472,0.14556436963863761,0.016666666666666666,1.0094296938376701,0.01843528708741198,0.001487022585135036,12.397449286715357,0.5309035877091955,0.016666666666666666,1.3171405930188598,13
47,EmotionalStress,30.0,0.32538582961992957,0.5,1.962563126441877,0.32949434456724935,0.0352215050312972,0.10689562844411292,0.00017500556764421177,0.016666666666666666,0.4366823775959863,0.00016963480728832296,2.962574182299825e-06,1.2081964219980979e-06,0.40781980387751293,0.0006717013174688206,0.375,2.6655271480346068,0.10143839059885103,0.016666666666666666,1.3345552807537844,0.01745510883872259,0.0012885310511258114,13.546517814585659,0.3127416446089233,0.016666666666666666,1.40134130935251,13
48,EmotionalStress,60.0,0.258206329235254,0.5,2.185294766373442,0.23574754694444533,0.03501013322685284,0.14850688238594098,8.692454609684112e-05,0.016666666666666666,0.47952265083173345,8.357129603601229e-05,1.286227348426385e-06,8.431681907253309e-07,0.6555358908803269,2.5247838205543156e-05,0.125,2.7973577337639677,0.2785681959718145,0.03333333333333333,1.2879438128848397,0.05560029654578777,0.0009335799639839941,59.55600879491563,0.16957136041561996,0.016666666666666666,2.4903796620535865,13
49,EmotionalStress,90.0,0.203082588035638,0.5,1.8638514510439714,0.2034072271023626,0.020271419845718154,0.09965929005814907,4.821049490457298e-05,0.016666666666666666,0.4405086354021934,4.642418487990325e-05,8.979648885876488e-07,2.2738740457981502e-07,0.25322527358219765,0.0005698942864694342,0.3125,2.661119064481733,0.05884331700760959,0.016666666666666666,1.2640432236699222,0.009614573702501367,0.0005003724518165365,19.214834205194393,0.3526365526957961,0.016666666666666666,1.531507037351159,13
50,EmotionalStress,120.0,0.0014693140682982087,0.5625,3.1514166923550735,0.000879791897470355,0.0006054115242566057,0.6881303703720519,2.5893446672081315e-05,0.016666666666666666,0.7193564441785182,2.357766205217986e-05,1.4769496734848142e-06,9.885675158323074e-08,0.06693305354811548,0.001504265850988143,0.0625,2.738281197520948,0.01018649224915412,0.016666666666666666,1.5986798045553672,0.0027681723775098573,0.0003993859915269531,6.931070283477991,0.20395997462749468,0.016666666666666666,2.3115045989723084,13
51,EmotionalStress,150.0,0.0005777628447423237,0.75,2.97599240204139,0.0003880941338033607,0.0002114552401636473,0.5448555433996519,2.8918819722945687e-05,0.016666666666666666,0.5973836225738971,2.717286629459882e-05,1.1641405843021443e-06,1.573160461165941e-07,0.1351349211924424,0.0009592723277676793,0.0625,2.692230263237812,0.017596143698123148,0.03333333333333333,1.5693875205721488,0.00568175272948879,0.0006285316792882235,9.039723719133859,0.1409161402818864,0.016666666666666666,1.6038888310907697,13
52,EmotionalStress,180.0,0.0018901336365976908,0.625,3.7837723273519663,0.0005354279216685139,0.0013704076104129313,2.559462357029183,1.8823248865933797e-05,0.016666666666666666,0.7636552535615876,1.635671047620186e-05,1.9644073521749993e-06,2.954444457979135e-08,0.015039876809196233,0.000700051395611762,0.3125,2.6542472862978412,0.012640771588887928,0.016666666666666666,1.4727569504918065,0.0024886821642965615,0.00045087484147347405,5.519674054474774,0.2320888006298297,0.016666666666666666,2.3164064823692447,13
53,EmotionalStress,210.0,0.0026835512816490263,0.625,3.8250078376685432,0.0007634219961018823,0.0019410802590917502,2.5426045738832808,1.1281632038868636e-05,0.016666666666666666,1.0903253152889598,9.498823911404094e-06,9.297631179676557e-07,6.099682590760197e-08,0.0656046951409874,0.0012712136690607068,0.1875,2.739823850032484,0.02231911827749635,0.03333333333333333,1.5429901280702052,0.008216871136342336,0.0005845997081798445,14.055551211145186,0.2929663475453027,0.03333333333333333,1.8922235895808288,13
54,EmotionalStress,240.0,0.002255651296830843,0.625,3.702906935393404,0.0008874786312370799,0.0014288471380458799,1.610007371168106,3.1771034004842505e-06,0.016666666666666666,1.5816125095475344,2.3332857999277844e-06,2.3924963900631727e-07,6.145086043627172e-08,0.25684828905697593,0.00132208645792658,0.125,2.6863102779159567,0.0300346921936406,0.016666666666666666,1.124007343516534,0.0034238809140672757,0.0007459155486927571,4.59017233260219,0.26036337941755133,0.06666666666666667,2.7020448596682005,13
55,EmotionalStress,270.0,0.0029217610088924676,0.5,3.019001049241394,0.0020626645972774216,0.0010404102773261203,0.5044010929839935,1.0560870948192656e-05,0.016666666666666666,0.8650040983868398,9.580918926164574e-06,2.508148641421632e-07,1.43183855929477e-07,0.5708746824842073,0.00027211641742122105,0.25,2.743078315947142,0.016037638640391705,0.05,1.5291342035656348,0.008824673552184886,0.0005524664229398108,15.973230563455079,0.38929568915537266,0.03333333333333333,2.4871830873353487,13
56,Relax,0.0,0.028402678018242988,0.5,0.9594822063660339,0.043472401505055505,0.0008978049272843668,0.020652296542208716,1.6603552117647414e-06,0.016666666666666666,2.2511542032821126,1.0674667292580182e-06,5.379841443420767e-08,4.223552285453384e-08,0.7850700303851041,0.00020527575099970065,0.5,2.696996703963525,0.11717644366487576,0.016666666666666666,1.0405533163477887,0.010293622722366072,0.001270495242204524,8.102055309160306,0.20352096531181615,0.016666666666666666,1.6504521195125308,13
57,Relax,30.0,0.0002051487703989944,0.625,3.6318615840728796,7.47264339344285e-05,0.00013337685169399256,1.7848684149845697,8.30024646249501e-07,0.016666666666666666,2.6509207995518502,4.573964347628822e-07,6.471127049719146e-08,3.844387084961035e-08,0.5940830794116283,0.00059296322957245,0.0625,2.707323948734985,0.034586207331463684,0.016666666666666666,1.0660780807061536,0.002084254217226392,0.0005484842882968675,3.8000253821277883,0.11418672762477892,0.016666666666666666,2.740221627815655,13
58,Relax,60.0,0.00013309526389215106,0.6875,3.951196124164245,3.0702680644682955e-05,0.0001030025798289618,3.354839957494058,1.749982202447043e-06,0.016666666666666666,3.2333903874642336,5.413307936022658e-07,1.1486195825264414e-07,7.180015881669473e-08,0.6250995534898246,0.001905625765435054,0.375,2.589294625096421,0.02819714922700732,0.016666666666666666,1.441556724170188,0.006472460870487896,0.0008207899793100182,7.885648014281132,0.16609401880623517,0.016666666666666666,1.5232764801327028,13
59,Relax,90.0,0.00028581631004885165,0.5625,3.6892249177612912,0.00012513856894193068,0.00016317807581841978,1.3039790785376566,1.2802066216341789e-06,0.016666666666666666,3.334088243161244,3.7120980810843535e-07,2.4743236116495726e-07,6.486807419632882e-08,0.2621648756489165,0.0003710833127083102,0.0625,2.6039616320843657,0.05137764508560086,0.016666666666666666,1.0879820431481073,0.004504651113670544,0.0011126822294015909,4.0484614516519954,0.26460445057587734,0.016666666666666666,1.7586134843364907,13
60,Relax,120.0,0.00010213742767696898,0.5,3.9739973529633583,2.6197281758592345e-05,7.716042064957007e-05,2.945359803379697,3.6217895168438027e-07,0.016666666666666666,3.367881633659263,9.883187175858163e-08,4.012777355425248e-08,6.61545564801613e-08,1.6485977322096075,0.0010711516563708654,0.0625,2.614865058372997,0.0017796316017226275,0.016666666666666666,2.6217712566669817,0.0006216652558346342,0.0005234945018506624,1.1875296753584186,0.13547335084886486,0.03333333333333333,2.1218586876805103,13
61,Relax,150.0,3.496387792343057e-05,0.5,3.975058959365776,7.924810216137024e-06,2.695295488861231e-05,3.4010852188900267,1.8646849251960263e-07,0.31666666666666665,3.7261491313637163,1.4656147671644576e-08,2.4733590775626085e-08,1.9976243084890063e-08,0.8076564080851459,0.0006945637319479013,0.0625,2.722770890878573,0.005165561305921586,0.06666666666666667,2.0193493663224045,0.0037302144175034844,0.00030881966719352943,12.078940604407341,0.25457796016074385,0.016666666666666666,1.681930270973909,13
62,Relax,180.0,6.702862583096201e-05,0.5,4.050296195500456,1.2058478216198437e-05,5.4581113620282865e-05,4.526368306322665,1.3549366044801878e-06,0.016666666666666666,2.266337003611387,7.680173689637227e-07,3.3194496661321973e-07,3.5753532858137576e-08,0.10770921825664366,0.0012285866916686454,0.0625,2.6966727833139696,0.012103552728575575,0.016666666666666666,1.3448544289917286,0.0014838039437342265,0.0003302371885418647,4.493146124111102,0.12444635812117245,0.016666666666666666,1.5814194102196386,13
63,Relax,210.0,0.0001779225646476462,3.0,4.003941089798499,4.030192245967626e-05,0.00013560700070864938,3.3647774704626014,3.0261362266521976e-06,0.016666666666666666,2.7609469345578646,1.1555935790158646e-06,7.747133357010558e-07,1.0344427491992953e-07,0.13352587357531473,0.0005680758891387047,0.0625,2.590583920055975,0.0040022594119526154,0.016666666666666666,1.3720094451683365,0.0009917270277113174,0.0002367690448438186,4.188583977966783,0.18815975213737055,0.016666666666666666,1.8238166125688215,13
0,Relax,0.0,0.023884921749353964,0.5,3.184370087705042,0.015634907818483663,0.009648271981735452,0.6170981046865667,0.009927388211985794,0.016666666666666666,0.27369569200733684,0.009873202913622894,3.8928593989829556e-05,7.3700961597845856e-06,0.18932346135362838,0.006548641884783364,0.0625,1.7025158883688625,0.0037567375448008633,0.016666666666666666,1.7567452119204117,0.0006570263384581615,0.0005442764995983331,1.2071554420281527,0.1470057240031579,0.016666666666666666,2.1845984252518766,14
1,Relax,30.0,0.01284414948694451,0.875,2.819478683216717,0.009219908679132654,0.0041039034906877785,0.44511324716004086,0.0014198515265396565,0.016666666666666666,0.2518083747741636,0.0014087900445322894,7.546550337125076e-06,1.0749665556013038e-06,0.14244476053025595,0.006433656834012785,0.0625,1.7121175159873583,0.015417282507382776,0.016666666666666666,1.3399042820526064,0.0018026408044518542,0.00039968848851879664,4.510114392166386,0.10766592350488637,0.03333333333333333,2.458834416291846,14
2,Relax,60.0,0.00011924920544997638,1.8125,4.077148587218976,1.2625122430788801e-05,0.00010646328508612842,8.432653676806899,0.00038587294942354726,0.016666666666666666,0.24763378833997263,0.0003825875881699815,1.9480586713937138e-06,1.4544696192543147e-07,0.07466251610449355,0.011556040587920709,0.0625,1.4241736853713505,0.044984842799950644,0.016666666666666666,1.0474989386290168,0.0032496003596876512,0.0004715781943072392,6.890904623911629,0.09794568305537557,0.05,2.617191993475939,14
3,Relax,90.0,0.0002524696963345078,2.125,4.08204060980072,2.3262445165145e-05,0.0002289500500083582,9.84204576874845,0.00011194104230214606,0.016666666666666666,0.34656466961459065,0.00010956235329491784,1.2730837300069675e-06,7.149967773283686e-07,0.5616258856159095,0.008102507517418702,0.0625,1.4776432003915785,0.01545419930405884,0.016666666666666666,2.233170837618212,0.009035134997134075,0.0014880139585299653,6.071942366763845,0.1452225146889263,0.1,2.59058205941233,14
4,Relax,120.0,0.0002694238535535741,2.9375,4.04336156419259,4.2431427503959974e-05,0.00022606852156392557,5.327855668839503,2.864140642493663e-05,0.016666666666666666,0.5099922313838499,2.708844969328425e-05,1.1550174273991943e-06,9.469299995167079e-08,0.08198404431428828,0.005235076076129614,0.0625,1.4986161449371629,0.03407701654815947,0.016666666666666666,1.3188756789950857,0.0041508602123998045,0.0007499948585447857,5.534518223836513,0.1637416868640528,0.05,2.1418084028366757,14
5,Relax,150.0,6.776698844679296e-05,2.4375,4.0719940068265466,8.41050732930256e-06,5.9235071616112445e-05,7.042984364300471,7.386371892597746e-06,0.016666666666666666,1.0693419361638585,5.996104936890662e-06,8.698808405477718e-07,6.203095406851949e-08,0.07130971413217704,0.005383644039291281,0.0625,1.8804427081790136,0.10093342356061606,0.016666666666666666,1.7586893701396282,0.034470390896163085,0.002078194217796149,16.586703302792223,0.15634345270937508,0.06666666666666667,2.260273750966966,14
6,Relax,180.0,5.798514054536619e-05,2.0625,4.091592705386649,8.958505598408448e-06,4.836160524855239e-05,5.398400962895444,3.556963062815387e-06,0.016666666666666666,1.0105787063242864,3.15381311672864e-06,7.6779567198874e-08,4.376951797679728e-08,0.5700672662483981,0.004133994158462038,0.0625,2.042454240110042,0.012274050020551748,0.016666666666666666,1.3230720114461172,0.0015520759887358133,0.00046558131253087787,3.333630339024567,0.14637051611754856,0.016666666666666666,2.329361429868908,14
7,Relax,210.0,0.00013886477779614164,1.5625,4.080246536723758,1.600606789371278e-05,0.00012151494904741329,7.5918051737831656,0.00017297099316950293,0.016666666666666666,1.0919850230754824,0.00015340610763211286,1.512880013693468e-05,3.1486179267930967e-06,0.20812079598475372,0.004280906625827936,0.0625,2.2716423859566586,0.013085930587920137,0.016666666666666666,1.7693217503173182,0.0026918048965832927,0.0008957587192954215,3.0050557573144143,0.08691305674482397,0.03333333333333333,2.457987461704563,14
8,Relax,240.0,0.00027770718733564334,1.0625,4.0798797039001995,3.931255138700346e-05,0.0002351831454654663,5.982393336679154,0.020841581170635635,0.016666666666666666,0.8548864295259696,0.019154288487849263,0.001507669837177005,0.00014093885178738911,0.09348124391165523,0.0040476186307652606,0.0625,2.2747534111683185,0.040962683614639624,0.05,1.830713156245352,0.02437456542651414,0.001997099317371735,12.204984105944254,0.012665931499493358,0.03333333333333333,2.192243018013736,14
9,PhysicalStress,0.0,0.16127494493231534,0.5625,1.7820468618700258,0.15221053004945953,0.012592453515319464,0.08273050170200218,0.02710860398953974,0.016666666666666666,1.930149044186094,0.015451102476422056,0.008227158083994688,0.002686732270915439,0.3265686940113953,0.002933500331488652,0.0625,2.710644243782847,0.07284872293392947,0.016666666666666666,1.1171416403946524,0.0038028813898620594,0.0028796154719459136,1.3206212520077358,2.6778785490174015,0.016666666666666666,1.169642290917283,14
10,PhysicalStress,30.0,0.019628076506262873,0.875,2.7947801139220276,0.013358635971469041,0.006531130372379936,0.48890698019834666,0.05391972938696903,0.016666666666666666,0.24097663590381896,0.05344963438287696,0.00044119806404056616,6.159771803627392e-06,0.013961466075383842,0.0020247058417457537,0.0625,2.71485570145901,0.025872142985191755,0.03333333333333333,2.2266641002215035,0.014283786037507231,0.0019653048212326676,7.26797486231588,0.6612580428169198,0.03333333333333333,1.5216604937021778,14
11,PhysicalStress,60.0,0.03738661302523663,0.5625,3.6480009521686707,0.013028224106146447,0.025170701931715576,1.9320132756881698,0.03958241252403779,0.016666666666666666,0.2364425236478715,0.03943373354252452,0.0001345232480579296,3.733349291525189e-06,0.02775244684783035,0.0006326616982216169,0.125,2.6928428006853538,0.058792777063470365,0.016666666666666666,1.2901208109921618,0.010816068691859027,0.0017200028992258637,6.288401430443581,1.0907549852144907,0.016666666666666666,1.3289488400912337,14
12,PhysicalStress,90.0,0.04644548385483052,0.5,3.9125278236722414,0.005531501606704529,0.040910991351273615,7.396000988535719,0.021526183163243215,0.016666666666666666,0.2386341724821511,0.02145982516775017,6.030399629293647e-05,1.945370678596803e-06,0.032259399014732765,0.0001452216205477214,0.4375,2.790468950955528,0.041243759293568216,0.03333333333333333,1.6588545146126168,0.015297798250058023,0.002148771503219909,7.119322937378148,0.5471013131865521,0.016666666666666666,1.448688597391376,14
13,PhysicalStress,120.0,0.04771898590627405,0.5,3.6470971048808285,0.008196873019595614,0.039448009880625856,4.812568132545256,0.008432647715822757,0.016666666666666666,0.2054208755919037,0.008394494006690123,3.2554259535485666e-05,9.853075476053277e-07,0.03026662444990636,0.003351076349903833,0.0625,2.544428647409241,0.20420125882006473,0.016666666666666666,1.303386007772013,0.026835958567789125,0.004475420928439349,5.996298224655989,0.11575535516852309,0.05,2.5062823264507634,14
14,PhysicalStress,150.0,0.051834158080195245,0.5,3.6122818949958093,0.008334472283600639,0.04342737610875695,5.210572983031814,0.002125890684321208,0.016666666666666666,1.2538615919061042,0.001530491407548664,0.0004842485660511738,8.134191219449665e-05,0.16797553549368838,0.0016005437077912634,0.0625,2.5801540832372374,0.051548995544722746,0.016666666666666666,0.7067375280209606,0.0032582602833512607,0.0006121856702576733,5.3223400050834835,2.4426548943417496e-05,0.1,3.100702544680387,14
15,PhysicalStress,180.0,0.362349002183177,0.9375,4.067514272503712,0.03861879993495304,0.32368871129852145,8.38163567598479,0.0008556223385340131,0.016666666666666666,0.4738394420127963,0.0008346028356530426,1.560589478424671e-05,2.5360864183130174e-06,0.1625082350851844,0.004018456732898837,0.0625,2.7100624180056947,0.43732370925368436,0.016666666666666666,1.3921697183663184,0.11800277760847601,0.0037446291114668164,31.512540787317892,0.2803928757844185,0.016666666666666666,1.821471306314335,14
16,PhysicalStress,210.0,0.4599089998166984,0.9375,4.066290396581197,0.0530447470073202,0.4064668618106047,7.66271656936194,0.000306320635595495,0.016666666666666666,0.7542055793410333,0.00028929884267174045,1.281677015952496e-05,1.8446311033406635e-06,0.1439232412207845,0.004559189512936839,0.0625,2.6331920468268013,0.0084584318155834,0.03333333333333333,1.3668815606774243,0.0016316165974217098,0.00048076903837301617,3.3937638807675903,0.030901406036936387,0.016666666666666666,1.1015226907467814,14
17,PhysicalStress,240.0,0.1382344668434968,1.0,3.767570838169582,0.014209485123606879,0.12362149469750523,8.699927803304224,0.00039522947976241136,0.016666666666666666,0.5280935911280341,0.000378905821110588,1.054925753744599e-05,2.625386435916616e-06,0.24886930919995637,0.004214331414188401,0.0625,2.1110327828926834,0.028539892140183223,0.03333333333333333,1.4657394054063442,0.008465898449972888,0.0008971295889615013,9.43665057327207,0.27223928297551825,0.016666666666666666,2.0067784454669195,14
18,Relax,0.0,0.0001287207673295374,1.125,4.047145727114075,2.238990253717939e-05,0.00010734906443633866,4.794530224420627,0.00018467234946747607,0.016666666666666666,0.3802842093151811,0.00017959250003161796,3.7226911269059235e-06,6.70320127122868e-07,0.1800633209341753,0.005062487519946091,0.1875,2.7231668417051447,0.21035204843311772,0.016666666666666666,1.0410094671941648,0.02717076618871796,0.000939400882882276,28.92350505925908,0.1805123311489544,0.016666666666666666,2.1085833780291843,14
19,Relax,30.0,0.00010706362347520992,3.4375,4.055770444521981,1.3707335358236213e-05,9.306773630044643e-05,6.789630068000458,6.522288473273245e-05,0.016666666666666666,0.33035231742728566,6.30935718161461e-05,1.493444481133786e-06,1.2984219362240597e-07,0.08694142652282126,0.003872616074447658,0.125,2.673652226545035,0.11020735787443146,0.016666666666666666,0.9623054624535854,0.008811895292868186,0.0009555345084519583,9.22195401100077,0.1485115977236685,0.016666666666666666,1.5905338706973031,14
20,Relax,60.0,8.093775338108644e-05,3.125,4.075968930873218,1.2612338890094673e-05,6.789097579103214e-05,5.382901330406808,1.7964221965493507e-05,0.016666666666666666,0.5917538686147762,1.7093421048740985e-05,4.164943070338888e-07,1.8834987507527675e-08,0.04522267697165698,0.001788571633194807,0.0625,2.6150972174959675,0.023592120280440873,0.016666666666666666,1.287402316304308,0.0026036466254590633,0.0007546563486231769,3.450108953842703,0.09951594918135862,0.016666666666666666,2.839050337469219,14
21,Relax,90.0,7.615673845165414e-05,0.9375,4.067125640112728,1.4526203753834527e-05,6.155144291371237e-05,4.237269692535081,3.105497375817844e-06,0.016666666666666666,1.2838327775598235,2.6506974037511343e-06,2.2504948078387096e-07,6.765821783527244e-09,0.03006370758982059,0.0028196890948180477,0.0625,2.465904624836699,0.058161532127249345,0.016666666666666666,1.541564512264455,0.013108479436145999,0.0014262748276279104,9.190710781839423,0.1546248955882953,0.05,2.319688328407958,14
22,Relax,120.0,6.471919274432643e-05,1.1875,4.030010722658916,1.0001880058106486e-05,5.4985290876436086e-05,5.497495526540605,1.9559307550490983e-08,0.21666666666666667,3.838970781480346,1.1627703768847712e-09,9.615004016745094e-10,3.429016143796658e-09,3.5663179524676485,0.004149930057549904,0.0625,2.528450584367585,0.006870888937660143,0.016666666666666666,2.1797306445957507,0.002166992349452944,0.0007244410574632995,2.991261093125889,0.15870078034516205,0.016666666666666666,2.541784070764781,14
23,Relax,150.0,0.10559125315844578,0.5,1.5462351577549545,0.10002621350577567,0.006661379017589142,0.0665963329423092,8.128637842055033e-06,0.016666666666666666,1.2239020348667318,6.578108023327531e-06,1.2107850111189358e-06,1.4948297559299623e-07,0.12345955245585087,0.002042101122083595,0.0625,2.5380148770398776,0.018168645368246063,0.016666666666666666,1.5179145223029935,0.0037469516564598905,0.0005511881257982929,6.79795423936815,0.08102466625804382,0.05,2.7588632159900177,14
24,Relax,180.0,0.06995801764989769,0.5,1.595176449035442,0.06593874697070719,0.00500185969436788,0.07585615323551599,1.9700998542556456e-05,0.016666666666666666,1.6111713144030242,1.475771450873312e-05,3.4945677696829837e-06,3.534739920120778e-07,0.10114955991943572,0.0025056873123736013,0.5,2.6547432892802316,0.03927592820166197,0.016666666666666666,1.061621074649958,0.005045738770602944,0.0009837456944945533,5.129108873198612,0.016286566532802287,0.016666666666666666,3.392772224892348,14
25,Relax,210.0,0.00012871075039387112,1.75,4.076765849574043,1.2377232062643594e-05,0.0001155253329549605,9.333696934036961,1.1022683720467186e-05,0.016666666666666666,1.9509108284472383,7.342390982080419e-06,2.6436698494966578e-06,4.1470871065135893e-07,0.1568685706841637,0.004537688736433535,0.0625,2.670495626137207,0.009399450923407349,0.016666666666666666,1.4155771891045008,0.0010178154407316832,0.0007944481276992892,1.281160349234207,0.0,0.016666666666666666,0.0,14
26,Relax,240.0,3.041169632078267e-05,1.125,4.072667977784076,3.59761519007705e-06,2.6673021516692704e-05,7.414084082773025,1.1249047075952771e-07,0.016666666666666666,1.6554871127879192,8.300316120715375e-08,2.2267754931913046e-09,2.4202175574131076e-09,1.0868709327964496,0.0035090199888658372,0.25,2.6649059163908024,0.007464116288826815,0.016666666666666666,1.9221932625468692,0.0023456133574376397,0.00043265861011276444,5.421395304779209,0.0,0.016666666666666666,0.0,14
27,CognitiveStress,0.0,0.0015979658017992908,2.5,2.278213167016479,0.0014327089965396225,0.00035752459495381995,0.24954446144844347,0.04391710340165902,0.016666666666666666,0.555670670626095,0.0406562688182768,0.0027908646386718573,0.00032978062130672596,0.11816431966534394,0.0030823983723991927,0.625,2.756776077348902,0.03150478188066556,0.016666666666666666,2.2259983393499874,0.02014155982773235,0.0018755588548587461,10.738964429484284,0.16209248117278688,0.03333333333333333,1.9490853278414668,14
28,CognitiveStress,30.0,0.0004937332798660729,1.125,3.6748718982361526,0.0002568525143943535,0.0002836910144090875,1.1044899251931326,0.19806037232514762,0.016666666666666666,0.9741028813662799,0.17694002350159996,0.017339056595830054,0.002885601861234071,0.1664220798453384,0.0014713435341273148,0.125,2.7644324437449272,0.07266187097351645,0.016666666666666666,1.819560577902072,0.01939597866917402,0.00343403334649318,5.64816258670904,0.14423626212477877,0.05,2.6810262355937313,14
29,CognitiveStress,60.0,0.000803474541026729,0.5625,3.1693709721258077,0.0004539546525083401,0.0003680642845070054,0.8107952688076994,0.02744909763951138,0.016666666666666666,2.0215516799753583,0.015758930787430243,0.008569201060214159,0.002360389134251843,0.2754503153404657,0.0006763355214319889,0.0625,2.715063797730995,0.07084347291660276,0.016666666666666666,0.9905569030898252,0.007740044262037464,0.0008733265990836367,8.862714441720808,0.16656997083492173,0.08333333333333333,2.4852606644952524,14
30,CognitiveStress,90.0,0.00045415644767591776,1.625,3.081602536422064,0.0002431111961255317,0.00021405701759201942,0.8804901666539866,0.0698598097840173,0.05,2.4049017009416014,0.008639616582859992,0.04384150639974376,0.0135121339950026,0.3082041449899079,8.407575553560955e-19,0.0625,0.39493324380908,0.03357156607116781,0.016666666666666666,1.6467748650630962,0.009129916796292142,0.0014480049053140806,6.305169797965436,0.1564488938349941,0.05,2.696182617336317,14
31,CognitiveStress,120.0,0.0002975759460221202,1.9375,4.002600278736448,6.512535057447993e-05,0.00023381036169690635,3.5901589724190672,0.10633740328717185,0.03333333333333333,2.616466628211744,0.03459921261776015,0.036662417719091435,0.027544664901753387,0.7513051952220241,0.000978054346138642,0.125,2.705915149546034,0.009996943212827365,0.03333333333333333,1.9140844092834,0.0023572022773120024,0.0009256047806389753,2.5466617357839794,0.13488755104191733,0.05,2.4467310513235287,14
32,CognitiveStress,150.0,0.16583953597960505,0.5,2.4692234844648864,0.14475750243042357,0.02573593697076232,0.17778655018679998,0.022899527987823614,0.03333333333333333,2.5815104437879546,0.012999247336290065,0.001757801280930948,0.002011956451434917,1.1445869753658195,0.001103476743956732,0.0625,2.718218185994306,0.006481689320058464,0.016666666666666666,1.3378067054013443,0.000824784810433408,0.00022163164081145101,3.721421758254627,0.0030990092591342213,0.016666666666666666,1.2319532822736392,14
33,CognitiveStress,180.0,0.09584653283237188,0.5,2.54011859426423,0.07981020374297963,0.01646804259632132,0.20634006460320437,0.038364578902708744,0.016666666666666666,1.7479372438256002,0.029068952324537177,0.0008161778629049099,0.0005815134334679958,0.712483712065278,0.004234504060641927,0.375,2.6809230152528807,0.013392898541246555,0.016666666666666666,1.2231890832466483,0.001824784391172437,0.00032470865126367764,5.619759079626838,0.2005290937103237,0.016666666666666666,1.1215040633691409,14
34,CognitiveStress,210.0,0.0013345575283882478,2.875,3.215609342405484,0.0005701889465242493,0.000781281753667172,1.3702155371999047,0.02074604134992936,0.016666666666666666,1.3059127258918384,0.01680838836103266,0.0007157867540585734,0.0008762755240631614,1.2242131041048225,0.005903385667217047,0.375,2.6344775762424417,0.05537995616946915,0.016666666666666666,0.9229534848332848,0.002653223978549389,0.00021917444771868194,12.105535139547356,1.182691743773403,0.016666666666666666,1.0916858489723937,14
35,CognitiveStress,240.0,0.0006354784592168534,0.5,3.3824556110375505,0.0003027714354470135,0.00033915424666144,1.1201659303187261,0.4204564917232673,0.016666666666666666,1.595506298868879,0.2887614919842003,0.12802531868504063,0.0029229077975680153,0.022830701204960547,0.001155245730365442,0.0625,2.6486228009894477,0.009133867323553643,0.016666666666666666,1.7767421535533856,0.0032699781476708068,0.000323248902022631,10.115976039546986,0.2591426533993136,0.03333333333333333,2.0538958301189565,14
36,CognitiveStress,270.0,0.0001976327691075796,3.0,3.938111983282978,4.307839714511595e-05,0.0001541455725347994,3.5782569164664424,0.021661790265938025,0.016666666666666666,1.1129545609062936,0.018722543039585444,0.002345806879355608,0.0004553780853207075,0.19412428590276776,0.0014214300058964528,0.0625,2.651408603708954,0.028997357691012454,0.03333333333333333,1.3067463290850598,0.00677663679213635,0.0003714925143989935,18.24165098750294,0.028918772735815595,0.016666666666666666,2.1790488528659924,14
37,Relax,0.0,0.00046116461339932755,1.125,2.3602193686350703,0.0005450751802091539,0.00014638407599451586,0.2685575885850205,0.03655270825215505,0.016666666666666666,0.23043047062108768,0.03642195886174376,0.0001241762179705768,1.0682118915664357e-06,0.00860238706754256,0.0029754546021614277,0.75,2.6960162146113102,0.06454649314158727,0.016666666666666666,1.1417248719073385,0.0060740319543645446,0.0005672505368554087,10.707846991271877,0.22131077449188516,0.03333333333333333,1.4368485458843387,14
38,Relax,30.0,0.0001589368643268353,3.9375,4.07156207303016,1.7983348046134956e-05,0.0001382949796395469,7.6901686651874455,0.014085819633854404,0.016666666666666666,0.21413543105552008,0.013992738951646181,8.618839930900392e-05,2.0550932797285863e-06,0.02384419824715198,0.0014510638549737635,0.8125,2.7599020299291883,0.0541556610506006,0.016666666666666666,1.0123618497052078,0.0029215579557807683,0.0008547431096934192,3.418053825351898,0.4139241965388399,0.016666666666666666,1.661543712926915,14
39,Relax,60.0,0.00019666286774938334,3.9375,4.099940186472236,2.663555677452273e-05,0.00017055343305054458,6.403223874549573,0.006782912104475447,0.016666666666666666,0.21607764340019114,0.006753236143723614,2.556690437261479e-05,3.6376855124318095e-07,0.014228103095375933,0.0018748030859102667,0.0625,2.648066855967657,0.014442376917783089,0.016666666666666666,1.3493182424010113,0.0027292567653188194,0.0008187740211330306,3.33334558116785,0.1835264785651278,0.016666666666666666,2.073574136821217,14
40,Relax,90.0,0.00029225079811502473,2.5,4.0810157787597205,3.8809415676680164e-05,0.00025261335930570493,6.509074019825953,0.0030751509126054496,0.016666666666666666,0.2422463638943817,0.0030586869173235137,1.2480685356526569e-05,1.208667732392134e-06,0.09684305772199289,0.0017706049243068304,0.0625,2.6212436834886867,0.04777134912856797,0.016666666666666666,1.250964335084225,0.008293779822710385,0.0005838725754605143,14.20477715735986,0.17856042733946842,0.016666666666666666,1.4866857787368155,14
41,Relax,120.0,0.00010281040805241433,2.75,4.0528962386754985,6.003558056217524e-06,9.627310212019846e-05,16.03600751732453,0.001058598223692406,0.016666666666666666,0.25199025424309635,0.0010515028278296448,4.220371860956369e-06,2.011007345058206e-07,0.047650003632677435,0.0030218126679243153,0.0625,2.7564557719498164,0.04449536985453536,0.016666666666666666,0.7418608155655703,0.0014079573185911969,0.0003429706549938726,4.105183047267851,0.19627072720777405,0.016666666666666666,2.2185396036640093,14
42,Relax,150.0,0.00020361454121801568,3.625,4.103008337546454,2.1447804753963385e-05,0.00017952697953192609,8.370412804077345,0.0004430139505842896,0.016666666666666666,0.2910231459551354,0.0004382477663685272,1.7124555935824174e-06,5.415437080001404e-07,0.31623810277453296,0.001885528986780539,0.0625,2.718455117875628,0.028516050978056894,0.016666666666666666,1.0049639110974127,0.0045941674879872545,0.0005416592476729332,8.48165614770658,0.19462674793205145,0.016666666666666666,1.8029254771222958,14
43,Relax,180.0,7.175478365149438e-05,1.625,4.081683419084889,6.031607063898299e-06,6.519883471213055e-05,10.809529536891246,0.0002121534925416634,0.016666666666666666,0.29542177695846245,0.00020910937503868418,1.47529114019302e-06,1.0872030252509585e-06,0.7369413369544903,0.0030851598182539703,0.3125,2.705715673906772,0.036025811070352284,0.016666666666666666,1.2383727449442463,0.0037411662883064544,0.0007264704224235827,5.149784730155325,0.20186616660781181,0.016666666666666666,2.0379192173783918,14
44,Relax,210.0,2.1964929277774965e-05,3.0,4.084965524927725,2.8065802402849773e-06,1.907146915260444e-05,6.795269516565806,0.00010841321348231578,0.016666666666666666,0.37145822196298967,0.00010528292650540081,2.218348507448146e-06,4.1407303916584504e-07,0.18665824498521633,0.0037246510941338832,0.4375,2.6983499392646157,0.004642624547930928,0.016666666666666666,2.1717580167844694,0.002383893408821227,0.0005597606533913026,4.258772735058171,0.052199872475284376,0.06666666666666667,2.8145320915874814,14
45,Relax,240.0,6.260258705214979e-05,3.0,4.055241336765047,7.334081640405175e-06,5.499296363073286e-05,7.498275357034987,2.557579164704933e-05,0.016666666666666666,0.5416979792847572,2.3445198734357025e-05,1.626229498824223e-06,1.4118173324564224e-07,0.08681538082276688,0.0023619324062963674,0.8125,2.661268872981059,0.00699338410587779,0.03333333333333333,2.1195122321859783,0.0035476811312078293,0.0006520730327882103,5.440619306150783,0.036900589394285956,0.016666666666666666,1.4312146131758827,14
46,EmotionalStress,0.0,0.872561997191821,0.5,2.342649939070577,0.7750696343988223,0.1550799066766863,0.20008512757305094,0.00029023513644676016,0.03333333333333333,3.3098419901574423,7.233874355149248e-05,5.661922170333995e-05,4.63478963387764e-05,0.8185894285445882,0.00280124067582668,0.0625,2.7337384269984586,1.386240099491243,0.016666666666666666,0.5856612441513143,0.09947396325523394,0.0011304330457067894,87.99633346974484,0.15809979008915112,0.03333333333333333,2.044531737190533,14
47,EmotionalStress,30.0,0.5948749321738117,0.5625,1.6765814125174594,0.5508603639784873,0.04710282722943045,0.08550774444768358,0.00028188981874120527,0.016666666666666666,3.2338391940196662,8.572276428076649e-05,5.9884264628472514e-05,4.611764728007113e-05,0.7701129431277023,0.0010421915439836524,0.1875,2.691122006842317,1.5631340548428074,0.016666666666666666,0.7155986764156208,0.07951802286457697,0.0011558237693154007,68.79770513084,0.3807629141592228,0.016666666666666666,1.3440528012774058,14
48,EmotionalStress,60.0,0.014523662232089077,0.625,1.8389346856294986,0.013842368178581024,0.0013999471205649002,0.10113494327734376,6.430814224276564e-06,0.016666666666666666,1.144711150078516,5.5377524768520005e-06,2.1922363086405223e-07,5.1973945237053094e-08,0.23708185578444252,0.0008049193990994465,0.25,2.5805795230733453,0.05334223708139966,0.016666666666666666,1.1853069918868375,0.006762566175685543,0.0006104319133354292,11.07832999545282,0.11789494662797795,0.03333333333333333,2.406616360929921,14
49,EmotionalStress,90.0,0.00027635691096526054,0.5,3.7263244970980534,0.0001111938221267555,0.0001682811114467367,1.51340342681003,3.754133343168293e-05,0.016666666666666666,1.4823962125326997,3.042600359989372e-05,3.6561979439808816e-06,9.221144887642694e-07,0.25220584412896085,0.002025108648315321,0.125,2.6662517216673174,0.014897607413418845,0.016666666666666666,1.4394074443397664,0.0032128288259151727,0.00024364751254178033,13.186380572484774,0.20275776134165324,0.016666666666666666,1.576741663825343,14
50,EmotionalStress,120.0,0.45737365407216907,0.625,1.8898489420846292,0.4273670025245729,0.03148801243962121,0.07367909139828993,9.87929822620856e-05,0.016666666666666666,2.036870292323052,6.104608428137594e-05,2.5586163609544988e-05,5.836677385286759e-06,0.22811850476518372,0.0007420623097146146,0.125,2.7479813694710087,0.018741776101390394,0.016666666666666666,0.9716414964371602,0.002035732889310304,0.0002636333578626041,7.721833480462863,0.17224811197054457,0.03333333333333333,2.582437673854923,14
51,EmotionalStress,150.0,0.48211699912910416,0.625,1.9340625114413799,0.4517901224464775,0.036383196069149776,0.0805311897306033,3.894536162583107e-06,0.016666666666666666,1.7941305542734514,3.051530544117333e-06,2.3584781870368637e-07,1.95555710508023e-07,0.8291605645660628,0.001252530454805889,0.125,2.689781843450306,0.02680414708911293,0.016666666666666666,0.8962334076128142,0.001098582998620113,0.00022215939219693298,4.945021625042417,0.19206967234676026,0.016666666666666666,2.0160401989852237,14
52,EmotionalStress,180.0,0.00099193252132597,0.8125,3.6691690987640437,0.0004563449926627085,0.0005717499252243545,1.2528896655319355,1.3006211424761718e-05,0.03333333333333333,2.611482786559331,4.374829203656851e-06,5.9252871264309745e-06,7.949174261809597e-07,0.1341567774218173,0.0005098701645990571,0.3125,2.622886335540498,0.01621764771390359,0.016666666666666666,1.2620639777746923,0.0018849070424523003,0.0002257562945435193,8.349300055015496,0.06144837710874105,0.016666666666666666,1.5507925363705852,14
53,EmotionalStress,210.0,0.007393033462057002,0.625,3.1889347976508837,0.004935045731675207,0.0028275466687368643,0.5729524755137477,3.407551910416908e-05,0.016666666666666666,2.0387333062201596,2.0534009077523937e-05,1.0775109361523985e-05,7.88988796668137e-07,0.07322327506813776,0.0010124077100590707,0.125,2.7126356108179217,0.018196754944591994,0.016666666666666666,1.2587459959860743,0.002392253242979501,0.00038033884326926814,6.28979470625844,0.1829231647041347,0.016666666666666666,1.5431430094783198,14
54,EmotionalStress,240.0,0.008297525898292303,0.5625,2.6386969910644016,0.006495678706447379,0.0020831069240183388,0.32069118842819627,2.987096831987218e-06,0.03333333333333333,2.450809993550973,1.7148380781242177e-06,5.497367110749139e-07,1.943424523111722e-07,0.3535191454308546,0.0008523065464121416,0.125,2.708333804579839,0.018465817017375312,0.016666666666666666,0.9061330165578669,0.0012092420218581669,0.00020945387801867858,5.773309299865671,0.11652107422679016,0.016666666666666666,1.603302436747869,14
55,EmotionalStress,270.0,0.007456322090649602,3.625,3.2497162174282384,0.003973227799172608,0.0035714929931688574,0.8988895612561132,2.526733509107306e-05,0.016666666666666666,1.5483546391128513,2.095909147059014e-05,2.2542445962954277e-06,7.035085042509916e-07,0.31208170817271597,1.357839498113535e-13,0.0625,0.4056948277367111,0.010386635721724486,0.03333333333333333,1.9656097961791772,0.004182051798618288,0.0003694410295314262,11.319944089378803,0.3492884468321291,0.05,2.339901559427184,14
56,Relax,0.0,0.07045219775262156,0.6875,1.955182215697409,0.061760391587583355,0.01010467608511078,0.16361094587266636,2.0195488538603144e-06,0.016666666666666666,1.640284625609355,1.442133197128014e-06,4.0009470561006553e-07,2.936394129104231e-08,0.07339247652944592,0.0010462559970765084,0.4375,2.637510860922238,0.08664057873030376,0.016666666666666666,1.0206361301574804,0.007425732415842793,0.0009729791188010683,7.631954553138803,0.12504038024443032,0.016666666666666666,2.043461253694603,14
57,Relax,30.0,0.0001636282676805925,2.1875,4.069853296552228,3.119757956339475e-05,0.0001316986280092144,4.221437363164582,2.477264450283234e-07,0.016666666666666666,3.6039357027384664,4.488704392556572e-08,2.21896594952799e-08,2.2629017411340113e-08,1.0198001197879432,0.0017888307481796744,0.25,2.6266730948796155,0.08939126581777038,0.016666666666666666,1.0193730586509564,0.008517738106711411,0.0004957761203427994,17.180613904562218,0.6287430804093218,0.016666666666666666,1.4238240128933628,14
58,Relax,60.0,0.00010323762531637385,0.5,3.684682711084036,4.429892912599988e-05,6.034477534438416e-05,1.3622174742135396,1.8154619218683533e-06,0.016666666666666666,2.976518065537807,7.784139252609438e-07,9.417232139271639e-08,1.6990038197433248e-07,1.8041435048183188,0.0023230436933981908,0.1875,2.745604360328687,0.042767378583294685,0.016666666666666666,1.170271730009564,0.004770823529894267,0.00057860773104225,8.245350474838196,0.24770379586367375,0.016666666666666666,0.6812906559670271,14
59,Relax,90.0,9.731559534763927e-05,2.3125,3.192899548817101,6.256139235324158e-05,3.97116519897717e-05,0.6347629184073629,9.277478217954797e-07,0.016666666666666666,3.465652089597714,1.4986816616359787e-07,1.7126627127008397e-07,6.626557408170903e-08,0.38691549474566045,0.005887162332301488,0.1875,2.702293456588392,0.028910327659786798,0.016666666666666666,2.086664963521867,0.012865071008022208,0.0009291054323629086,13.846728864025318,0.5654703792928661,0.016666666666666666,1.4614679398410957,14
60,Relax,120.0,0.00020592666165810308,2.1875,3.9420230487835557,6.539496036524085e-05,0.0001448571918518749,2.21511246497934,1.6089677720206424e-07,0.016666666666666666,2.197008552333031,9.734990544648849e-08,5.6955032385543215e-09,6.783924804074749e-09,1.1911019131992804,0.004273184943121887,0.1875,2.6932306558169716,0.027852579161802365,0.016666666666666666,1.404023230788272,0.004545550079328476,0.0009289233877279001,4.893353035761821,0.07170092122000755,0.016666666666666666,2.683432619997523,14
61,Relax,150.0,0.00019889843714141303,1.0625,3.943798062229077,4.935343112546229e-05,0.00014801151340890881,2.9990116195294703,2.4476711495127062e-06,0.016666666666666666,2.2962010947735934,1.6149764952312387e-06,1.476745724042396e-07,1.125099784025947e-07,0.7618778004287259,0.0010586982060677593,0.1875,2.6781203717436863,0.08680313903308026,0.016666666666666666,1.0217391835420422,0.006426397055953542,0.0008091928660251367,7.941737162761779,0.5011002165854287,0.016666666666666666,1.2507886570447972,14
62,Relax,180.0,0.0001033845804462842,3.625,4.073149202200264,1.1501446329009837e-05,9.067561803903257e-05,7.88384481787508,8.31174540497663e-07,0.016666666666666666,3.6343728387303083,1.7889379791269777e-07,4.5818282766157505e-08,6.019750247155239e-08,1.3138314846669836,0.0008447711510185574,0.125,2.715166002292971,0.021638839048129264,0.016666666666666666,1.2263403429601771,0.004867837726087419,0.0012766024866853627,3.813119414114982,0.2948920151706491,0.016666666666666666,2.2500839780232744,14
63,Relax,210.0,0.00014979685250446587,2.8125,4.073968743517726,2.45882847800647e-05,0.00012453532775303072,5.064823710436261,2.1094071958950732e-07,0.1,3.793100896705203,8.067143003841724e-09,3.284637994253427e-08,3.711052440837229e-08,1.1298208348468926,0.00019802079523972344,0.4375,2.6721103910047157,0.01984189062485528,0.03333333333333333,2.0505081327860233,0.01319466535342999,0.0008919347059321232,14.793308597226074,0.1663613226377599,0.03333333333333333,1.940283718211029,14
64,Relax,240.0,0.00033370241827235237,0.5,3.4370646574688064,0.00017975916832500203,0.00015923447871163063,0.8858211806128127,4.422209960280799e-07,0.5333333333333333,3.563030602507824,4.814545726721613e-08,9.264108982889798e-08,4.526093532704279e-08,0.4885622072304716,0.0027354283155850215,0.5,2.6342699244375676,0.043671201719783614,0.016666666666666666,1.453568082556986,0.008757682098476658,0.001212807057736953,7.221001924921286,0.1582841529152222,0.05,2.21023647406155,14
0,Relax,0.0,0.0002699454989309219,0.5625,4.021530509048454,6.205034516839978e-05,0.0002095839533864155,3.3776436346586154,0.012672820915866221,0.016666666666666666,0.22762872336370954,0.01262191908463061,4.703308621560164e-05,8.065986125875408e-07,0.017149599940987477,0.00553192641752115,0.0625,1.1987817251363029,0.009595066468045494,0.03333333333333333,1.5718934513528187,0.0022471772459941282,0.0007646572559365313,2.938803272378351,0.1733019449000787,0.016666666666666666,1.521514864593165,15
1,Relax,30.0,0.000123248589785995,0.5625,3.8623684781920247,3.633880298648506e-05,8.754018864847871e-05,2.4090003372162863,0.008022958213927288,0.016666666666666666,0.2385971374812381,0.007998842055583943,2.0482464153952494e-05,8.170510418706442e-07,0.03989027080577012,0.004840130763790488,0.0625,1.5981467512719782,0.02681752235757869,0.06666666666666667,2.0272980031537244,0.01758729518349394,0.0009408907180344699,18.692176303146,0.1421297392983458,0.016666666666666666,2.557601021581255,15
2,Relax,60.0,1.5083903803367926e-05,3.6875,4.034886435715412,9.017956994381468e-07,1.411596681623564e-05,15.653176018726223,0.0031802001576612723,0.016666666666666666,0.24216467735780906,0.0031653492403763534,1.187165695931836e-05,1.3986701806741477e-06,0.1178159195019779,0.004168986846494592,0.0625,1.4863743891865542,0.007679982928353923,0.08333333333333333,2.1017963041442584,0.0048703228978015205,0.00041167462957118127,11.83051504260699,0.12827473424755698,0.03333333333333333,2.0510046921467016,15
3,Relax,90.0,1.885089003500193e-05,2.1875,4.0643103927009925,1.943807684029644e-06,1.6816250010390824e-05,8.651190212155973,0.0008335008743345935,0.016666666666666666,0.24993583247734696,0.0008281613038501056,3.2559017683393494e-06,4.3994530098776193e-07,0.13512241225021757,0.005584805998633542,0.0625,1.7930595548226667,0.0029047031267557736,0.1,2.484446159321902,0.0017389064626362545,0.0007295124639388561,2.3836555899914007,0.2504996336863949,0.016666666666666666,2.0109496435332157,15
4,Relax,120.0,3.587838198664778e-05,1.9375,4.096545888600216,4.778267749871036e-06,3.071436395932361e-05,6.427928606586055,0.0004614052019340729,0.016666666666666666,0.29508760187905014,0.00045644939886399434,3.200477737860831e-06,1.844943904060488e-07,0.05764589086920602,0.002595731955961347,0.0625,1.7668105522858346,0.09824502283958433,0.016666666666666666,2.0417095198789506,0.05130990603497041,0.003227451041842233,15.897965722721747,0.23161851198872965,0.05,2.63253011900053,15
5,Relax,150.0,4.947356003886891e-05,1.6875,4.064621604005595,6.497647306426295e-06,4.2687764391838054e-05,6.569726299182022,0.00024745528057948716,0.016666666666666666,0.2861253606744832,0.00024346281666915226,2.664647967110945e-06,7.335476453307387e-07,0.27528876398861163,0.002339288428678365,0.0625,1.9646602576277965,0.011079608933571147,0.1,2.411676032767882,0.007414353690274483,0.0013291567779656103,5.578238634589663,0.23941289936726853,0.016666666666666666,2.141540704684804,15
6,Relax,180.0,0.0001249900426572578,2.125,4.075444280780886,1.7450890264441516e-05,0.00010607082839570297,6.078247401041552,0.00023451757033377408,0.016666666666666666,0.32523764642043823,0.00023163995817265324,9.274025180626581e-07,5.923573900471554e-07,0.6387273902216577,0.0032399691409942875,0.0625,2.1415134751443263,0.0053501892435657014,0.016666666666666666,1.6763712618452369,0.0016367543910064063,0.00032400188589641875,5.051681679191416,0.12203590767684823,0.016666666666666666,1.9888643805018356,15
7,Relax,210.0,0.00016651889118826505,0.8125,4.05356707867136,3.1931471899801777e-05,0.0001329291667488658,4.162951434433907,8.411631683185553e-05,0.016666666666666666,0.3472417728592192,8.114555940041105e-05,1.6940149098979163e-06,4.3484345289237946e-07,0.25669399386725805,0.0017792863777853771,0.0625,1.9672540185507126,0.011039574740320657,0.03333333333333333,1.8302003121143315,0.0026368621444205578,0.0007986750945567507,3.301545474989383,0.16581928132163387,0.03333333333333333,2.4847944542136826,15
8,Relax,240.0,0.0001282116431146765,0.75,4.017945687731559,3.0099376778716622e-05,9.83986635903483e-05,3.2691262783861474,2.7128045926139897e-05,0.016666666666666666,0.5478957978940681,2.475444047072506e-05,1.7594811588361872e-06,8.14786761322851e-08,0.046308353870739574,0.001448225703400881,0.0625,2.3624414846227757,0.027540014921370242,0.06666666666666667,2.1095120774259897,0.01616415283884023,0.0019984456406777224,8.088362530270558,0.03955498224609188,0.016666666666666666,2.7562386273362085,15
9,PhysicalStress,0.0,0.0011407976339770122,0.5,3.153486927574787,0.0007963642592004024,0.00046733645356930294,0.5868375535066539,9.598241183866695e-06,0.016666666666666666,1.963090171302988,6.056464179220067e-06,1.975868292085145e-06,7.472234663069955e-07,0.378174734267559,0.0021492020951628804,0.0625,2.486499319640803,0.14374093339812072,0.016666666666666666,0.9806573211825931,0.008441378169269742,0.0008134485819631175,10.377273200105574,0.6057231395811362,0.03333333333333333,1.9177160055031093,15
10,PhysicalStress,30.0,0.37296488085796253,0.5,2.432826892573237,0.3432813538365731,0.08020603672988155,0.23364518880354176,0.0009268688909821522,0.016666666666666666,2.5260591093911633,0.0004244265863157177,0.0001714056475013815,0.00011237507724232326,0.6556089538497706,0.0015601150987970564,0.0625,2.498314762650403,0.013007557617997703,0.016666666666666666,1.8972744858779038,0.005032230513640207,0.0011403943306762167,4.412710917859665,0.31474019351680366,0.016666666666666666,2.2549957748687173,15
11,PhysicalStress,60.0,1.1323966686075313,0.5,1.8042147617289563,1.1719870789716804,0.07125827366206669,0.06080124511661835,0.001061389550807712,0.016666666666666666,2.6944969575382163,0.000521342712441798,0.00023342556782428281,0.0001275012046575198,0.5462178194356998,0.002419443459722612,0.0625,2.6322282156875794,0.031783483448333275,0.016666666666666666,1.2855217818326603,0.006860159185993005,0.001837908785662714,3.732589581979372,1.2725857682355755,0.016666666666666666,1.6996181422786396,15
12,PhysicalStress,90.0,1.0606230266441443,1.1875,1.766183493372265,1.091332506107291,0.06517136777719826,0.05971724237341753,0.00027828429586054863,0.016666666666666666,2.3154558038642197,0.0001601238758060497,6.29256142680308e-05,1.0274681034683026e-05,0.16328296758325095,0.0007437785419160878,0.1875,2.509130988307507,0.012010513372768374,0.03333333333333333,1.9484277935572047,0.005080651999978592,0.0005337811684350872,9.518230129537528,0.21502931318000448,0.016666666666666666,1.9605992964836934,15
13,PhysicalStress,120.0,0.14078540946947482,0.5625,3.1996762095082376,0.08421906825415877,0.058891216266055084,0.6992622631294311,0.00255420140248817,0.03333333333333333,3.481805722152131,0.00042082139113027036,0.000728771854527418,0.00047887910092819026,0.6571042747510136,0.002470968818397541,0.3125,2.5579694514844014,0.05813381130436963,0.016666666666666666,1.6041370330020401,0.011009069029716467,0.0030712714787467545,3.5845313922586763,0.010043721185740633,0.016666666666666666,0.9836269673334707,15
14,PhysicalStress,150.0,0.04836932867292984,3.5625,3.9497576185100187,0.011518466896879478,0.03702052846460989,3.214015267486621,0.0002667787335595971,0.03333333333333333,2.2475787876929543,0.0001278858959213789,0.00011143307395582081,1.5325327011251404e-05,0.13752942880609523,0.005267307019547234,0.375,2.6472004696872014,0.11387863424923232,0.016666666666666666,1.11791844137039,0.011013723588556986,0.0014894807783463312,7.394337509198857,0.20442229044404003,0.03333333333333333,1.990695694049849,15
15,PhysicalStress,180.0,0.15455326518510215,3.9375,3.721566327123783,0.021782011156293128,0.12691611222246948,5.826648022159406,0.05058798942685944,0.016666666666666666,1.078298679204411,0.04527933883391064,0.00442170778982908,0.0005794413244411772,0.13104468951431442,0.0006524030645689515,0.6875,2.631402980070197,0.07478932637239676,0.016666666666666666,0.8115538127405936,0.005293265924558716,0.002118178532100815,2.4989706223246637,0.5081648078706702,0.016666666666666666,1.8022286572973836,15
16,PhysicalStress,210.0,0.3876083291719886,2.0,3.6631979978531355,0.11847689705851275,0.26401780683986326,2.228432828633852,0.025233103659926107,0.016666666666666666,2.7625787667848742,0.008301415913430445,0.0106764720295881,0.0025053023272804445,0.23465638465004243,0.002176997240171993,0.3125,2.7208910648519753,0.062353501081744214,0.016666666666666666,0.3698133338387324,0.0009303214829094642,0.0004524307978405252,2.0562735502311846,0.19321255012556565,0.016666666666666666,1.416451643519506,15
17,PhysicalStress,240.0,0.2503452655523258,1.9375,3.5824400053715157,0.051548645662885285,0.20010969939791826,3.8819584263490365,0.030593105906447284,0.016666666666666666,2.0922389916294684,0.018647170372455883,0.0048450173573276745,0.002194184984364038,0.45287453532968686,0.002795091978735458,0.3125,2.6697349795671768,0.0006213004943562858,0.016666666666666666,2.1002539127299573,0.00025628605674333165,4.9636307096880976e-05,5.163278086806664,4.247415192160085,0.016666666666666666,1.340975492519365,15
18,Relax,0.0,0.2970916973439942,0.6875,1.9454206494482247,0.3046850352169041,0.016149698570051038,0.053004567679387764,0.43126472571151947,0.016666666666666666,1.828944341773897,0.2910126453849064,0.1189698900088407,0.008638701948815884,0.07261250681305949,0.00216445816364042,0.75,2.7708345116797615,0.31018017469643827,0.03333333333333333,1.3236079643745715,0.07718086730288246,0.0017695457333475478,43.616203779528846,0.03910335789629978,0.05,2.762477559732649,15
19,Relax,30.0,0.02161895240532539,0.5,0.877163962430309,0.034650029831543465,0.0007759522413710979,0.022393984800114487,0.03675299772910847,0.016666666666666666,0.717111192626286,0.032894226133870545,0.0032961722132647474,0.00044691446027907605,0.13558589520309752,0.0017665570106188966,0.8125,2.812061469509826,0.10065908732550202,0.016666666666666666,1.0328962553392111,0.01690312487863648,0.0009060132654454178,18.656597561324336,0.2903266446977229,0.03333333333333333,1.9321077632011305,15
20,Relax,60.0,0.00011876858717627743,2.125,3.925623619562928,3.557707709693679e-05,8.246651362567675e-05,2.3179676453178097,0.024089337776859433,0.016666666666666666,0.37463584450043463,0.023934990744106627,0.0001144008117121599,3.474414876325266e-05,0.3037054391770511,0.0017472236987632545,0.3125,2.772080248790346,0.015037512573609555,0.016666666666666666,1.3582578435318269,0.003088167308271896,0.0002858468108398332,10.803574471230572,8.569000656468682e-05,0.016666666666666666,0.0,15
21,Relax,90.0,2.1109784212351304e-05,2.0625,4.074035104776555,3.3071512609363476e-06,1.776782467015411e-05,5.372546723225335,0.008718619812909474,0.016666666666666666,0.4196927585369001,0.008560474142368593,0.0001429488181545773,1.1741136385777089e-05,0.08213524628850617,0.0005226742666601164,0.5625,2.6783732331679335,0.008106182390781841,0.03333333333333333,2.2673134414793212,0.003445479913585614,0.0008474080894635675,4.065903968142075,0.0,0.016666666666666666,0.0,15
22,Relax,120.0,1.6072087054979065e-05,2.25,3.9632572518375393,3.4335764737390004e-06,1.2571233796625779e-05,3.661265124797499,0.004099940655329492,0.016666666666666666,0.2306444202895848,0.004081683544154878,1.4316241793217879e-05,1.0831597736093233e-06,0.07565950542428357,0.000553730476677161,0.125,2.7138505632168135,0.019951295863016173,0.05,2.34027375084758,0.013623238758236282,0.002648139774406577,5.144456078149848,0.0,0.016666666666666666,0.0,15
23,Relax,150.0,6.715225488022161e-06,1.6875,3.9306095058055828,1.836527048463316e-06,4.747085637109647e-06,2.5848166195437705,0.002209897938754893,0.016666666666666666,0.23464460213816984,0.0021993594108864005,7.599405156754548e-06,1.2861390249133196e-06,0.1692420654490524,0.0006221200894805845,0.125,2.7266397537091525,0.06253305598776036,0.03333333333333333,2.0026999624538586,0.031764489431676014,0.0023991753912664658,13.239752936490534,0.0,0.016666666666666666,0.0,15
24,Relax,180.0,4.472044428003561e-05,1.6875,4.032193354789184,8.45226267083811e-06,3.595009189969778e-05,4.253309829536217,0.0010850636709596338,0.016666666666666666,0.23894493239396633,0.0010777898633179846,5.735731451062531e-06,2.1858999216141168e-07,0.038110220819511764,0.0009558943907495973,0.25,2.6782458436508207,0.06658218382447176,0.016666666666666666,1.840309879402592,0.023989490263902482,0.0019170705940538969,12.513618610764647,0.0,0.016666666666666666,0.0,15
25,Relax,210.0,8.493076039053709e-05,3.3125,4.04219992966625,1.3060328108964901e-05,7.188749477962943e-05,5.504264072070613,0.0004603341109614913,0.016666666666666666,0.2620504683397343,0.0004559594327040817,2.154114817534142e-06,8.755365904913442e-07,0.40644843225840127,0.0031553547869950134,0.4375,2.666469026512337,0.004952332967589511,0.016666666666666666,2.580128383810742,0.002163704280768432,0.0010082834862573462,2.145928511434715,0.0,0.016666666666666666,0.0,15
26,Relax,240.0,5.480081871343395e-05,3.5,3.9934074282983025,1.025791268022715e-05,4.5037918335623626e-05,4.390553881632994,0.000234486678187418,0.016666666666666666,0.31730668335490686,0.0002301988046573265,2.2893123030008764e-06,9.747924040477942e-07,0.42580140890782653,0.002181663129228375,0.5,2.630414412173563,0.014417139559551097,0.03333333333333333,1.611585137009045,0.0029318994567383416,0.0009610008029840095,3.0508813807797894,0.05238602853044111,0.016666666666666666,1.4312146131758832,15
27,CognitiveStress,0.0,0.0013916236493707464,0.75,3.3213146562092555,0.0009174905278578887,0.00058939464307985,0.6423986135921635,0.2640141451125086,0.016666666666666666,0.8123027678630976,0.2361004320971465,0.022557017312363307,0.0038899126880812224,0.1724480073856748,0.0031742095354591153,0.5,2.722714728765852,0.04210401887714731,0.05,1.905845106735846,0.02909276371328476,0.0017471897752020587,16.65117557703212,0.28732706401557706,0.03333333333333333,1.9054382298493502,15
28,CognitiveStress,30.0,0.01670827650208098,0.625,1.9601697017761546,0.020848715674221047,0.0011063140894894922,0.05306389644218823,0.011414617894070882,0.016666666666666666,2.722730887667638,0.003186210643755527,0.003055818008886261,0.0023757220286396994,0.7774422500722047,0.007061807422738176,0.5,2.6455893561085153,0.12199225217403714,0.016666666666666666,0.9812904274650318,0.010644714764212557,0.001204386942980913,8.838284760765008,0.07585861751179902,0.016666666666666666,2.3892937631848095,15
29,CognitiveStress,60.0,0.22038579200069475,0.5,2.68148409894153,0.16006796466435722,0.0637719229038762,0.3984052838904903,0.018627994177013597,0.06666666666666667,2.941647491956467,0.002446118458099225,0.010110573591374098,0.002195508326013168,0.21714973004956714,0.005789130119300346,0.0625,2.638999089859804,0.05161413021201275,0.016666666666666666,1.728399937795802,0.022382363494672968,0.0004963631265424671,45.09272002250153,0.1967979396785323,0.11666666666666667,2.602917372531227,15
30,CognitiveStress,90.0,0.2085554772560616,0.5625,2.3116579779697766,0.1938087826304524,0.04037244706212316,0.20831072005185589,0.014729180673783288,0.016666666666666666,2.353061237778172,0.00740039662485345,0.002098126393019329,0.0035311072514137604,1.6829811889131647,0.0014948511228438973,0.6875,2.646026764781079,0.023622159624420262,0.016666666666666666,1.226616643199333,0.0033866551112317254,0.0005737179244203051,5.902996868458768,0.09309148421193193,0.016666666666666666,1.8222100334976115,15
31,CognitiveStress,120.0,0.0006361359941674909,0.5625,3.883873602054111,0.00021606733177172784,0.00042454789135483104,1.9648870001475283,0.008344353627764615,0.11666666666666667,2.759589408199827,0.0010602275279491193,0.004665218917121237,0.0013753219980781265,0.2948033141661861,0.00013908143878668637,0.0625,2.806525758594433,0.02877116623759425,0.016666666666666666,1.746286910089903,0.009738931595075238,0.00037592234845271687,25.90676408348782,0.014689481949141896,0.016666666666666666,2.4612385600777573,15
32,CognitiveStress,150.0,0.29915479408035556,0.5,1.973032778819694,0.30022347018247114,0.019115022168726844,0.06366931325225517,0.01974639803938586,0.05,2.6817828955405156,0.00534464425038454,0.008340090859035676,0.0038920539861999432,0.4666680557782272,0.0008503055987132223,0.6875,2.7533315770660556,0.0246708886644484,0.05,1.6671689663141074,0.01591202615789206,0.0007429016281900197,21.418752569784484,0.08378304251202301,0.05,2.656915128326025,15
33,CognitiveStress,180.0,0.6752739562107508,0.5,2.416838990368281,0.6228498329202627,0.1033419208180563,0.16591787515384326,0.013707544161071632,0.016666666666666666,2.3444784917529917,0.007132131055792207,0.0027152595216973358,0.0013848036560773068,0.5100078445583177,0.00019975913213493888,0.0625,2.7060603730827504,0.11660844101852044,0.016666666666666666,1.5052002616311104,0.03071870727018402,0.000948797782379479,32.37645348742798,0.04339625184935031,0.03333333333333333,3.0693446004301808,15
34,CognitiveStress,210.0,0.25182776768520904,0.875,2.7909236904332024,0.195967271091678,0.06827906987410017,0.34842078217315,0.010675584992944706,0.03333333333333333,2.440276059620611,0.003194772709521451,0.004627324704371271,0.0020975154981123915,0.45328902381346664,0.0005563376698750007,0.1875,2.6996277484673135,0.011760281120709518,0.03333333333333333,1.9560339207793296,0.005380804014233682,0.0003943811054767796,13.643665833657677,0.03634459455412679,0.016666666666666666,2.8192110915363338,15
35,CognitiveStress,240.0,0.0005337443767326525,1.9375,3.8834040691182516,0.0001563325449149722,0.00038079817764908675,2.4358215229989337,0.037445490783331065,0.016666666666666666,1.8769953100768642,0.02331478849359187,0.012512628647598148,0.0008630079758896032,0.06897095727805054,0.0016278326061955955,0.1875,2.740044540384708,0.02581023749087441,0.016666666666666666,1.5505842150880178,0.005399757062852516,0.0007723175810852829,6.991627790299196,0.06439857357849657,0.03333333333333333,2.829278376973317,15
36,CognitiveStress,270.0,0.0002720383704768911,2.75,3.5435338132939442,0.0001270472234151373,0.00016251659821458442,1.2791826050660549,0.012081001731741824,0.03333333333333333,2.6661090674091854,0.0032281568190105454,0.004965138363964956,0.003173852736086302,0.6392274501594741,0.0033530664370565286,0.1875,2.7438317056937818,0.015770417003770926,0.016666666666666666,1.9676579365713438,0.0062828939486036664,0.0007682633675556295,8.17804702649541,0.17282509717050823,0.03333333333333333,2.2113966993695406,15
37,Relax,0.0,0.00011519269492779369,2.375,4.057570175684231,1.3083216771453164e-05,0.00010199195706327849,7.795633049955967,0.002756092408053842,0.016666666666666666,0.3698636557626237,0.002678881851716633,6.0291455413961055e-05,6.253466215979017e-06,0.10372060473648755,0.007669177879397027,0.125,2.538454056975329,0.15384315984172287,0.016666666666666666,0.6574361125369845,0.0032983451768595594,0.0009170669410183697,3.596624225922773,0.0,0.016666666666666666,0.0,15
38,Relax,30.0,7.798183009995432e-05,2.125,4.058281296709992,8.408746215004506e-06,6.907504987067275e-05,8.21466697941433,0.0057659668344457035,0.016666666666666666,0.3054425078174772,0.005708757586624133,3.857623060150083e-05,5.029556860776495e-06,0.130379686722964,0.002438239685855864,0.125,2.596361918497588,0.015163060428377685,0.016666666666666666,2.299226235941115,0.008686440854601763,0.0009479070303912018,9.163810981565211,0.0,0.016666666666666666,0.0,15
39,Relax,60.0,4.0701509183646136e-05,1.5625,4.041154978993192,6.372838801526352e-06,3.4526557056468114e-05,5.417767204185157,0.0066526599376720945,0.016666666666666666,0.27955015884477,0.006615996196046011,1.8478116977758468e-05,2.1850723535181064e-06,0.11825189526336528,0.0008369582903023955,0.125,2.7089072101136336,0.016848694446247744,0.016666666666666666,1.0999448453755911,0.002478527276095909,0.000707849035396292,3.5014913521896602,0.0,0.016666666666666666,0.0,15
40,Relax,90.0,2.655430093243405e-05,1.6875,4.0860984373056555,3.804223402228144e-06,2.2718668292308518e-05,5.971959553953149,0.0070540620664844705,0.016666666666666666,0.24857129917094448,0.007017989611690567,2.4126291634332168e-05,3.2428825313608015e-06,0.13441280493957547,0.0005755465841007625,0.1875,2.578570120000496,0.01495001658968278,0.016666666666666666,1.1698295008232409,0.0023400924185811274,0.00017875340765807128,13.091176550085,0.20841219442335746,0.016666666666666666,1.666457536435942,15
41,Relax,120.0,5.867679603116064e-05,1.125,4.054931324865845,7.249621750712589e-06,5.147669004902627e-05,7.100603565139996,0.006740125851694327,0.016666666666666666,0.25230728474233727,0.006709465470777064,2.2551821033002654e-05,1.2391378645589594e-06,0.054946244152327545,0.0028529485831050817,0.5625,2.7111566723820024,0.025676865244464005,0.016666666666666666,1.476679635029991,0.0061485201589630695,0.00041112886660980125,14.95521394463059,0.11073781722193664,0.016666666666666666,1.6304061150436553,15
42,Relax,150.0,5.7454066191315804e-05,1.125,4.0611014426185355,8.409355177559017e-06,4.929151577452437e-05,5.861509560930712,0.004278518864199608,0.016666666666666666,0.23629396435839334,0.004252368289850386,1.8155750950032472e-05,2.0335644760821226e-06,0.11200662983749982,0.0016989871456671633,0.0625,2.709944531218513,0.03015123404087449,0.03333333333333333,2.1225624894707824,0.01686154376649344,0.00259111259109715,6.507453139793431,0.004580104827680641,0.016666666666666666,0.7038131333790638,15
43,Relax,180.0,4.374637658376913e-05,1.75,4.0392494700594135,3.2837350815864705e-06,4.0375279243415696e-05,12.295534883377131,0.003277878549147932,0.016666666666666666,0.2369985643843623,0.0032611459290982445,1.1440714799480206e-05,4.3786396223670124e-07,0.03827243051776756,0.0010386872438431396,0.125,2.6926781479542328,0.02681897101684536,0.016666666666666666,1.1173180558217224,0.003529020223700175,0.00021549182309341987,16.376585306303138,0.21695296323303842,0.016666666666666666,2.38388540471153,15
44,Relax,210.0,2.8214487364683744e-05,0.5625,4.058172845985622,2.588146490584925e-06,2.5651826902543782e-05,9.911273181738036,0.002259053703510753,0.016666666666666666,0.23077731774887064,0.0022429393324947255,1.2040374697728884e-05,4.920197469488491e-07,0.04086415575103791,0.0006627316365870846,0.125,2.659069956438496,0.013858820967197883,0.016666666666666666,1.7637645405833533,0.003689622096359316,0.0010431911956352508,3.5368608475577887,0.08644052648357375,0.016666666666666666,2.532860205556254,15
45,Relax,240.0,2.5744827938237516e-05,2.3125,4.084790764835105,2.4977595951616805e-06,2.3114961820627276e-05,9.254278059987211,0.001806247568552236,0.016666666666666666,0.2428852087920317,0.001791828425546993,1.0755429952729059e-05,3.425492360260128e-07,0.03184895792465229,0.0006391727306377412,0.0625,2.705563785132223,0.0047703433505863636,0.03333333333333333,2.037323126709784,0.0020457123776207995,0.0004495813064885401,4.550261205473286,0.04829341737798097,0.016666666666666666,2.682417035382929,15
46,EmotionalStress,0.0,0.6997929734300545,0.6875,2.8089199663341633,0.5040972826939127,0.19830723967379474,0.39339081261068143,0.02574496659426468,0.016666666666666666,2.7854046220361384,0.012468239599690978,0.003533283822433779,0.0017128031723984702,0.48476240757207717,0.0017049569579963239,0.375,2.678111484705608,0.0580626942086287,0.016666666666666666,0.7148265403005499,0.004317259528090582,0.0007610522999115297,5.672750123207632,0.047493942759600415,0.016666666666666666,1.802784500607071,15
47,EmotionalStress,30.0,0.032376096388297554,0.5,1.7690249233225668,0.034613497272605556,0.005113169109695601,0.14772182855219193,0.012699825702983275,0.016666666666666666,0.7905904940084131,0.01162381106817142,0.0008053530788641432,0.00010898369914113918,0.13532412304780408,0.00083301659924129,0.0625,2.7514855045288167,0.11312952341457605,0.016666666666666666,0.7150487645417699,0.007869631973476614,0.0006681670404766138,11.777940988922596,0.2381013923725194,0.03333333333333333,2.084434386098943,15
48,EmotionalStress,60.0,0.000380766207584526,1.0,3.2864439590865517,0.00019306094502923683,0.00019432296545674133,1.0065369017400871,0.0013935571684956173,0.016666666666666666,0.24346038092691832,0.0013839338796782033,7.166432794385058e-06,1.8574280265982357e-07,0.02591844617664651,0.0002116872291943524,0.25,2.7302178562088364,0.046384662204129415,0.016666666666666666,1.5147391847284895,0.008537902961042466,0.0007428799926625592,11.492977392541873,0.21254358672703003,0.016666666666666666,1.5319083372984386,15
49,EmotionalStress,90.0,0.00028258163630812507,1.6875,3.851934736166296,7.950957114438762e-05,0.0002078353214968553,2.613966073586675,0.0006678988194020365,0.016666666666666666,0.27397516324925536,0.0006598275436269647,4.665730721602998e-06,9.797430397365e-07,0.20998705201741505,0.0008201923294151122,0.5625,2.64826372740346,0.016788533262516715,0.016666666666666666,1.4114583797988904,0.0017120421356675518,0.0008969651063197674,1.9087053928909583,0.23701234935528956,0.016666666666666666,1.426304560666706,15
50,EmotionalStress,120.0,7.803891287705966e-05,3.5,4.044709070389312,8.432132066532677e-06,6.920408736996894e-05,8.207187319164689,0.00038078834622814697,0.016666666666666666,0.2820247701249479,0.00037631999096066673,1.875592472505957e-06,1.2460217836785006e-06,0.6643350311668215,0.002102220050426344,0.5,2.6886490833191834,0.018853092410680006,0.016666666666666666,1.4705567316179804,0.0038367860934838834,0.0006274329365988586,6.115053688896292,0.13188841459961004,0.016666666666666666,2.581875020419825,15
51,EmotionalStress,150.0,0.00023561830373271668,0.5,3.8618310140590637,7.025872062068532e-05,0.00016807266473877408,2.3921964882647,0.00022752478400623615,0.016666666666666666,0.3331923603021681,0.0002231715135955269,2.3969807791142655e-06,8.682431174699667e-07,0.3622236461115056,0.003224062039617056,0.5,2.7682303961605297,0.00368099958184289,0.016666666666666666,1.5323008606361317,0.00048748116252518136,0.00020155786108120688,2.418566856733894,0.03650172409708207,0.016666666666666666,1.5460274454130787,15
52,EmotionalStress,180.0,0.00017736861804085196,3.5,3.958299645234287,4.4804251079295904e-05,0.00013423286263313842,2.995984965702676,0.00015331736889441483,0.016666666666666666,0.3895957059626743,0.00015126124628784315,1.1002825671160529e-06,2.6412706824218866e-07,0.24005385174327654,0.0028069013433587127,0.125,2.7283318580512566,0.015596492434075097,0.016666666666666666,1.3074025002034038,0.0019581599174545252,0.00045936596102900094,4.26274492143074,0.21860158160265694,0.03333333333333333,2.065087556381081,15
53,EmotionalStress,210.0,0.00021290280748730424,1.0625,3.5369928226967193,0.00010653006963055523,0.00012056432924562811,1.131739889626877,0.00010087433382598465,0.016666666666666666,0.3982034459401228,9.782739029380414e-05,1.924939620830541e-06,5.650528770633743e-07,0.2935431693278643,0.0014435810594450717,0.5625,2.7025368652788178,0.011518012608170779,0.016666666666666666,1.3066795033124368,0.0019847033545718346,0.0003577024240478562,5.548476110707893,0.19854439842483332,0.016666666666666666,1.6045235270713936,15
54,EmotionalStress,240.0,0.0008000629051615079,0.5,2.4514682211153493,0.0007110432642628162,0.00021708695930653028,0.30530766581636654,3.103262160797222e-05,0.016666666666666666,1.1227283210001378,2.4370168112565032e-05,4.760577502411186e-06,6.462665794755776e-07,0.13575381960450175,0.0006317138272644438,0.1875,2.686545493288002,0.05617107336770066,0.03333333333333333,1.7136276800771009,0.020974075926098307,0.0009582919223760491,21.88693803668288,0.2311677762179163,0.016666666666666666,2.316318325083118,15
55,EmotionalStress,270.0,0.0001509798547743884,1.0,4.057025250620082,2.974778856214554e-05,0.00012192073968394251,4.098480780486933,6.374859436693437e-05,0.016666666666666666,0.441448285790413,6.207711371531799e-05,8.707888292256021e-07,6.399778655899461e-08,0.07349403714320525,0.0005483153542765846,0.125,2.706918233449714,0.009095179956926986,0.016666666666666666,1.909152151980996,0.003324663891104708,0.00045317886777501747,7.336317131087523,0.005839023000935706,0.016666666666666666,0.5760426740994327,15
56,Relax,0.0,0.005667686204157508,0.5,1.739313744341208,0.005550351281633732,0.0008983115449502204,0.16184769204117916,1.8648881606094627e-05,0.016666666666666666,1.0143184885578893,1.6425299141101083e-05,1.40143169658494e-06,1.5696903862864018e-07,0.112006199810628,0.0006722469841776025,0.125,2.653089076162212,0.4909707167787747,0.016666666666666666,0.8637979495157281,0.022002937451649773,0.0029060966871335705,7.571302616690423,0.20205606610955695,0.06666666666666667,2.4030590884044543,15
57,Relax,30.0,6.578183270976377e-05,3.3125,3.9476669666799147,1.6539393505692988e-05,4.956821044020683e-05,2.9969787237449226,2.2704274685024893e-05,0.016666666666666666,0.6005009397165225,2.1721427191258358e-05,4.323210017676068e-07,9.5178517316289e-08,0.22015705211437311,0.0001418741894887095,0.125,2.792268310407365,0.02347904295216353,0.016666666666666666,1.4882375997104529,0.004519189726406731,0.001160563517049614,3.8939615626514095,0.004580104827680621,0.016666666666666666,0.7038131333790659,15
58,Relax,60.0,0.0001108101923211288,3.25,4.020789449844364,1.703234364813211e-05,9.331909029011536e-05,5.478934209993433,1.9331550855461094e-05,0.016666666666666666,0.8448877339412844,1.7278345323252753e-05,1.4103331837219497e-06,6.163133585765836e-08,0.043699840980136156,0.0007205998610728108,0.4375,2.7136258493970753,0.010633622646201903,0.016666666666666666,1.3443929380325443,0.0015333732059041889,0.0002921036728872522,5.249414328645052,1.643460219210441e-32,0.016666666666666666,0.0,15
59,Relax,90.0,0.0001369051831223966,2.9375,4.052454818315462,1.997816672896738e-05,0.00011594525335468893,5.803598244406174,1.413627186555967e-05,0.016666666666666666,0.573942734542576,1.3029539488784089e-05,5.76325459855431e-07,5.675637155437157e-08,0.09847972284377075,3.50679780624954e-16,0.9375,2.610287623443866,0.007497296950542875,0.016666666666666666,1.5459154457319173,0.0016117982944595227,0.00026422052094695296,6.100201031634179,1.643460219210441e-32,0.016666666666666666,0.0,15
60,Relax,120.0,7.879675454199748e-05,3.5,4.054674900324591,1.0874368434298782e-05,6.753291801444231e-05,6.210284157876896,6.009364134563052e-06,0.016666666666666666,1.132343844808575,4.714097799063447e-06,6.605058545052328e-07,1.0250958427766272e-07,0.15519860055510012,0.0005250932718880513,0.25,2.6727534526729824,0.02792618949380553,0.016666666666666666,0.8983561767313204,0.0017030310702678005,0.0004227331012149285,4.0286201042059755,1.643460219210441e-32,0.016666666666666666,0.0,15
61,Relax,150.0,3.557143614190704e-05,2.0625,4.066824618060835,3.869992980627661e-06,3.161624944515997e-05,8.169588317969568,1.3638359896036793e-05,0.016666666666666666,1.1156351973716767,1.2130384955210482e-05,7.53207521857913e-07,1.6233344432509807e-08,0.02155228666924028,0.0005368890757883789,0.25,2.70236978026991,0.056937676132157174,0.016666666666666666,1.410831363369227,0.010320632216060863,0.0008433470744821801,12.23770441416162,1.643460219210441e-32,0.016666666666666666,0.0,15
62,Relax,180.0,0.00013575416359473913,2.125,4.046259253574567,2.2455279932206458e-05,0.00011373113463260579,5.064783648922009,1.5010415033896492e-05,0.016666666666666666,1.0336258544842436,1.3707108455151372e-05,2.804624868670787e-07,2.377244750017358e-07,0.8476159420008352,0.00014133218893466022,0.0625,2.7017690414442956,0.007324377394536577,0.016666666666666666,1.652989912611204,0.0014642103375326876,0.00046551454885099903,3.145358917668004,0.0016820900161612392,0.016666666666666666,0.38360972950710664,15
63,Relax,210.0,0.00017464210508278313,2.875,4.06053700352215,2.3356999597694777e-05,0.00015113092328362119,6.470476768708644,6.289745983381129e-06,0.016666666666666666,1.120471655737086,5.4964840007985e-06,1.2126049229407512e-07,6.094213799469534e-08,0.5025720813247351,0.00043153451424370086,0.125,2.7090768800382996,0.011989054367547764,0.03333333333333333,2.1247414102717306,0.006971973981281338,0.000879111763482524,7.930702637469524,0.1925767575098608,0.1,2.511511305306402,15
64,Relax,240.0,8.619105920287764e-05,0.75,4.039361550908701,1.305941823778316e-05,7.326305581844838e-05,5.609978521591848,8.588185365792191e-07,0.016666666666666666,2.1732999352480524,5.73678711730947e-07,5.043930586101795e-08,5.825468824143637e-08,1.1549462715040761,5.16639466726071e-23,0.0625,0.30449153442661914,0.032627422161335545,0.016666666666666666,1.2201495006139595,0.003530775467288629,0.0005672349844319047,6.224537562373308,0.23771513431104346,0.03333333333333333,2.472528543735042,15
0,Relax,0.0,0.10915029853029462,0.6875,2.9952336447262855,0.06870781487007172,0.04241693510536633,0.6173524101381752,0.00136626009008411,0.016666666666666666,1.2673226813205023,0.0010668735468234518,0.00019223134980239393,8.646871195240755e-05,0.4498158705190069,0.005562612765496145,0.0625,1.2355086927952077,0.23645640514775845,0.03333333333333333,1.3117212903305902,0.10179113466872573,0.004964784191650263,20.50263027342,0.03931773592854689,0.03333333333333333,2.5324837503535194,16
1,Relax,30.0,0.00011004583931309589,2.8125,4.083017774023219,1.7024476496674113e-05,9.242393945403909e-05,5.428885843984392,0.0007831080685559543,0.016666666666666666,0.25007333245311547,0.0007788502293853606,2.900784731543806e-06,1.7037962424281436e-07,0.05873570085710491,0.002004658121855041,0.0625,1.6817040064816553,0.07685570747518596,0.016666666666666666,1.318379018600369,0.011795915960912036,0.0013619428069342099,8.661094945290056,0.00187289598779809,0.016666666666666666,1.0089574798931997,16
2,Relax,60.0,9.644890999760498e-05,1.8125,4.098852847028466,1.3648249941332932e-05,8.275359010242988e-05,6.063311447119344,0.0005467388159337824,0.016666666666666666,0.29203056306990754,0.0005430725824668437,1.8575738331461916e-06,1.7020381861556103e-07,0.09162694670783832,0.0018149986541116784,0.0625,1.6930587942057724,0.29984969803733064,0.016666666666666666,0.9804409998883125,0.01676636787704699,0.002212277953490663,7.57877998584763,0.0017686114111116857,0.03333333333333333,3.3953425033684654,16
3,Relax,90.0,0.00013396674230850645,0.75,4.068825902994886,1.0584904010507517e-05,0.00012312101620205496,11.631755571881813,0.00033592700947355207,0.016666666666666666,0.26420960943005706,0.00033360793147857714,1.2436850371531976e-06,3.487986087539231e-07,0.28045574107116794,0.001304030975697602,0.0625,1.7861161145045459,0.40398732751274136,0.016666666666666666,0.6805224229825159,0.005590830947929315,0.003466551906213754,1.6127930863829893,0.00021142792960158652,0.016666666666666666,3.3563601402230363,16
4,Relax,120.0,0.00017044436749888008,3.0,4.093009588881802,1.8399462395152554e-05,0.00015112094301196553,8.213334703288897,0.0001904667408675711,0.016666666666666666,0.29285054509275643,0.00018804869593502975,1.7075267630522003e-06,1.5865850618018117e-07,0.09291714168894163,0.001256520911302892,0.0625,1.5334729487356553,0.12780532912870343,0.016666666666666666,0.890388845874925,0.023260942980537613,0.001164914927679954,19.967932788760923,0.0,0.016666666666666666,0.0,16
5,Relax,150.0,0.00018694991901128968,3.5625,4.090237286436568,2.9748721186746136e-05,0.00015609618137120608,5.24715601693666,6.747846577441186e-05,0.016666666666666666,0.32975076301569944,6.642419971322564e-05,4.225597366137202e-07,3.20328298254431e-07,0.7580663051843406,0.0013501858708224834,0.0625,2.2070447241619755,0.11904664558938247,0.016666666666666666,1.3853408825571394,0.03041815672922657,0.00240021763103939,12.673082780436994,0.0,0.016666666666666666,0.0,16
6,Relax,180.0,1.8311888154187514,0.5,1.6902956403622946,1.8487730165073444,0.1278004807199007,0.06912718845352803,8.988770358173614e-05,0.016666666666666666,1.0177245102114816,7.289830252279873e-05,1.2302662505849068e-05,3.647840609076179e-06,0.2965082239183496,0.000986519636823142,0.0625,2.0786418468845227,0.055776855768941584,0.03333333333333333,1.8668289505951559,0.030080508935574943,0.0015615238952747816,19.263559799884888,0.0005418292014045885,0.016666666666666666,0.8519120913959266,16
7,Relax,210.0,1.8444298746920942,0.5,1.6233097514582049,1.9394713753582336,0.11460842795161476,0.059092611217551896,4.224502952011668e-05,0.016666666666666666,2.082930789630522,2.536844072075917e-05,1.1314937575444937e-05,4.580552247414016e-06,0.4048234660484987,0.001723925531149438,0.0625,2.199924247841527,0.3446957491469734,0.016666666666666666,1.155771722457068,0.04306970473312714,0.0007762377311503381,55.4851986765709,0.014818054423423392,0.03333333333333333,2.1883831988543028,16
8,Relax,240.0,0.00011827676043543294,1.8125,4.049297573638533,1.1910046105340824e-05,0.00010611933723308318,8.910069389697497,1.2525392111796684e-05,0.016666666666666666,0.5954738180247802,1.2053280952682732e-05,1.9697219851137177e-07,7.71729361490576e-08,0.39179608458602944,0.0012300230332763897,0.0625,2.4372304786389836,0.13050524138271896,0.016666666666666666,1.1968792431684199,0.022506935427345828,0.002136393256938971,10.535015196403407,0.02264632679827771,0.03333333333333333,1.937787541474894,16
9,PhysicalStress,0.0,0.07083877177162222,3.9375,2.6529663089370263,0.06142262587371751,0.019212799525676956,0.3127967789129972,1.3960388275338039e-05,0.016666666666666666,3.407321826224337,2.7220424978549568e-06,2.8741098016967126e-06,1.9740825996375307e-06,0.6868500982363803,0.0009328349786274549,0.0625,1.7488486337557216,0.043554017350423066,0.016666666666666666,1.6846512603226258,0.016640991178517545,0.002195801811125327,7.5785487989871,0.01736470478196053,0.016666666666666666,1.340669914234227,16
10,PhysicalStress,30.0,0.6496072521665339,0.5625,3.50783711814396,0.2619778819054089,0.3914477603023096,1.494201561808366,0.00014915315889666662,0.016666666666666666,1.670875696307491,0.00010967085626010766,2.0047147454036153e-05,6.011703913380963e-06,0.2998782708195528,0.001131612534114009,0.0625,2.205566484607801,0.06779881285857632,0.016666666666666666,1.9248219995773583,0.03891643060300934,0.0032389347166219998,12.015194503085468,0.025503591603143274,0.016666666666666666,1.2424337423381515,16
11,PhysicalStress,60.0,0.9634877711990009,0.5,3.609178391596411,0.37778755337002723,0.6060525798565655,1.6042153174457872,0.012360039379456816,0.016666666666666666,1.1746343061459372,0.010784490237772422,0.0007761553904044999,0.0004540852156387173,0.5850442079672563,0.0009762397381506685,0.0625,2.5820496702236713,0.024658468677870547,0.016666666666666666,1.4881196602162572,0.0032452287263926506,0.0015240111283118351,2.129399625833066,0.5078996883239779,0.016666666666666666,0.781929773150995,16
12,PhysicalStress,90.0,0.05052119681344342,1.4375,3.9446254100894675,0.004139021074619907,0.04620656672149974,11.163646158951476,0.0007075840440377099,0.03333333333333333,2.338249580138929,0.0003422053522954616,0.0001788737712753302,5.746369190151714e-06,0.032125275545885686,0.00015125697655180744,0.0625,2.4951966586932963,3.365095603358044e-05,0.016666666666666666,0.21732866941383286,5.087350576551961e-07,2.618931958028109e-07,1.9425287323548548,0.3003328260495237,0.016666666666666666,0.7372775515019495,16
13,PhysicalStress,120.0,0.0689280488992329,0.6875,3.7735980027813705,0.01213649114914881,0.05665844158572784,4.668436773811808,0.005771357304288723,0.016666666666666666,1.9058553668884965,0.0039120541944554525,0.0007051586655185581,0.0002277574013142976,0.3229874529682052,0.0004031729297328666,0.4375,2.558797823091612,0.009179800898503895,0.016666666666666666,1.1492273612824127,0.0012833925422247724,0.00012548079737044834,10.227800341720023,0.12334641362868966,0.016666666666666666,0.6083795119654292,16
14,PhysicalStress,150.0,0.051303406092640585,1.375,3.9405167495383244,0.006702704096903463,0.04432591607200326,6.613139328719746,0.017836361010429586,0.1,2.7915760247668158,0.004629002495885344,0.007640852052680152,0.0034038263350508677,0.44547732524894534,0.0002473860260135609,0.1875,2.7473790665812308,0.04658077073468461,0.016666666666666666,1.774091266454706,0.00847631338243194,0.0034478928891120107,2.4584039165482823,0.20363590144881058,0.016666666666666666,0.7586303346676802,16
15,PhysicalStress,180.0,0.2141806238226554,1.25,3.888446743556184,0.02396918944059912,0.19270563527597576,8.039722651178604,0.476610689539963,0.016666666666666666,0.724027856111065,0.46203094494004404,0.011706364557631284,0.000927484577031783,0.07922908708896849,0.00037447962233597707,0.375,2.717759999134283,0.01897513245353334,0.016666666666666666,1.402814815146745,0.0013212563447549442,0.0019708293626407637,0.6704062613439855,0.640453825128381,0.016666666666666666,0.8336379918783224,16
16,PhysicalStress,210.0,0.4237106004805373,1.25,3.9024820696134395,0.04779303816390053,0.3763956178676173,7.8755323437864195,0.02472889114391241,0.016666666666666666,2.152005419721985,0.012695502443797049,0.005094031434914112,0.0032716458128104124,0.6422508095232384,0.0002285205243762803,0.25,2.6485421661957673,0.004903493579763902,0.016666666666666666,0.7514098881811104,0.00018940305276897483,0.00013399330203554474,1.4135262725201847,1.263528508588858,0.016666666666666666,0.9618944505601813,16
17,PhysicalStress,240.0,0.3102730529122705,1.25,3.830750957364393,0.026052898589985298,0.2834539729242374,10.879939978471215,0.026553048552854237,0.016666666666666666,1.8969372306863301,0.017425126842347694,0.006389074585526935,0.0014656402381167672,0.22939789143123449,6.736889603725039e-05,0.0625,2.7499699940919218,0.053450121075466775,0.016666666666666666,0.8242728746647668,0.0073223739356990955,0.0010993752624137737,6.6604863562439895,0.0020799648622937435,0.016666666666666666,0.6578906787348632,16
18,Relax,0.0,0.0776522868063746,0.5,2.434605929194537,0.06506042323510966,0.01719392855656669,0.26427630964577,0.01721481706377506,0.016666666666666666,0.8063996632823175,0.015532940607500711,0.0012545257720375923,0.0002816363761499641,0.22449628571004338,0.00016565789603766018,0.5625,2.752655223214537,0.05484659905510252,0.016666666666666666,0.8525054568667053,0.0015203193511363312,0.0004909812343598631,3.096491769422735,0.017094673621266626,0.06666666666666667,2.533366491010826,16
19,Relax,30.0,0.0005849220051878016,0.625,3.8226255454937244,0.0002115660965902616,0.00037521887990762064,1.7735302865387932,0.00706241636668672,0.016666666666666666,0.2420434772767548,0.0070243519346713705,1.9364181422163777e-05,1.9642442764467212e-06,0.10143698995706033,0.0011395284033641525,0.5625,2.6520036804942686,0.06995953812080151,0.016666666666666666,1.205911769638933,0.014807967150554761,0.0017801895733751028,8.318196765123162,0.0023067513409625686,0.016666666666666666,1.5281347064097572,16
20,Relax,60.0,0.00022720724379568519,1.125,4.056930478416888,3.2192153657944976e-05,0.00019461833632273618,6.045520855505257,0.006079357533943794,0.016666666666666666,0.6588441127152167,0.005834385777208201,0.0001617664498294668,5.502195421493276e-05,0.34013205008168607,0.000784628968455147,0.3125,2.5908289532142192,0.015554453277832976,0.016666666666666666,2.0599925618383477,0.005041580026018697,0.001708531637294424,2.950826262721352,0.014950399933656941,0.016666666666666666,2.901635628201224,16
21,Relax,90.0,0.00020039125798262315,2.125,4.054674478267637,2.6596269493709755e-05,0.00017275321053757933,6.495392542869102,0.006483071081117502,0.016666666666666666,1.2963268252373363,0.005390991170647663,0.00032689326056220514,0.0006560363338000355,2.006882407645101,0.0001637166480316539,0.4375,2.687621442969108,0.012227128313172865,0.016666666666666666,1.545716686687452,0.0026302680906444857,0.0007703396503131627,3.414426467046341,0.0014614953869545987,0.016666666666666666,3.332219511700768,16
22,Relax,120.0,0.00021345007507874401,3.125,4.086977520556401,3.140526720032499e-05,0.00018086439381434413,5.759046489261282,0.003310133933643778,0.016666666666666666,0.20873886078263254,0.0032446149701644868,5.0754312211827906e-05,2.4059317438452522e-06,0.047403494185949545,0.0008343490495183181,0.6875,2.7378023658240185,0.06080473933588117,0.016666666666666666,1.1980954029324191,0.009284132559911291,0.0011790190648147973,7.874454991420908,0.0027211535846558095,0.18333333333333332,3.2622422642415034,16
23,Relax,150.0,0.00020954820149539745,2.625,4.048750791210555,3.168808122804979e-05,0.00017763359790638154,5.6056911943643675,0.0039031951462069688,0.016666666666666666,0.28229882699700404,0.003875480560935475,1.800160377015184e-05,1.912766324138426e-06,0.10625532861188466,0.0009659083493409955,0.6875,2.801977030820103,0.00694460301728904,0.016666666666666666,2.058376848114201,0.002202063005016339,0.0006120299969102856,3.597965812350744,0.0,0.016666666666666666,0.0,16
24,Relax,180.0,0.00018422702444109316,3.1875,4.017398230835072,2.7339879448982748e-05,0.00015536983029003576,5.682901074233402,0.0020717407228028786,0.016666666666666666,0.2516173764706497,0.0020421832629838443,2.1375243056148438e-05,1.8156594352684001e-06,0.08494216559311303,0.000807302371539623,0.625,2.7437349443356465,0.008937503563016938,0.03333333333333333,2.1612311128392205,0.005244129180463024,0.0007080473118991894,7.4064671842291725,0.0,0.016666666666666666,0.0,16
25,Relax,210.0,0.0002472490042990556,2.5625,4.055426338310588,1.84180702298605e-05,0.00022707739398402182,12.329054626790926,0.001409105662503174,0.016666666666666666,0.4737833932673901,0.0013189399157347162,7.032455427639461e-05,7.462355668611981e-06,0.1061130887411372,0.0006304330204028393,0.5625,2.6935533855633613,0.021304980236185104,0.016666666666666666,2.024306471277546,0.01166493286056081,0.0009233520852362759,12.633244725467726,6.8782564895687884e-06,0.016666666666666666,0.03357659959273007,16
26,Relax,240.0,0.0002458445148782247,0.9375,4.084936951101813,2.1754792942587054e-05,0.00022303179959793574,10.252076413070796,0.0018689807590707198,0.016666666666666666,0.2482477593004156,0.0018550428343235374,1.0224747568790158e-05,3.2666763784370776e-07,0.03194872398031834,0.0004190693878308262,0.1875,2.7515945933144934,0.015993280679468144,0.016666666666666666,1.7044401643152267,0.0038585127631123603,0.00037558538711383063,10.273330367730576,0.01337780939152547,0.03333333333333333,2.454350372637793,16
27,CognitiveStress,0.0,0.0033401211736970977,0.625,3.4534094552779178,0.0021726342904497945,0.0018670777739016337,0.8593612749778968,0.050797275426756855,0.016666666666666666,0.8482877643747745,0.04491549329903354,0.004261899522973365,0.0009320996782937911,0.2187052212914444,0.000425143409077338,0.6875,2.6947267169805755,0.07169900581743012,0.016666666666666666,1.901350667625067,0.03855859425342841,0.0018003650803513883,21.41709738443866,0.024812081456466836,0.016666666666666666,1.2451493919253818,16
28,CognitiveStress,30.0,0.0016798262157955931,0.875,3.6026246657245307,0.0007494987300758268,0.000953662042885066,1.2723998115228081,0.04170103757117597,0.016666666666666666,1.8140792922403135,0.021147626035897073,0.012117202583879215,0.006609335963074945,0.545450644843393,0.0007746058370302006,0.3125,2.688492092694126,0.028820776850599115,0.03333333333333333,2.3794275679295094,0.014368398234013818,0.0035092284760516253,4.094460743171753,0.0,0.016666666666666666,0.0,16
29,CognitiveStress,60.0,0.0038761977598263287,0.6875,4.047633809347401,0.0006742359650327306,0.0032287449416965788,4.788746238922215,0.06834021805762702,0.016666666666666666,2.317254127508671,0.020962828073782542,0.03132605809045792,0.013330741252781074,0.42554799631306583,0.0007458863808614308,0.3125,2.624747530576667,0.08227148081600165,0.016666666666666666,1.8884460675193135,0.04425089879556436,0.003453161923754306,12.814602898046097,0.0,0.016666666666666666,0.0,16
30,CognitiveStress,90.0,0.0024673345454739168,0.625,3.9810425604998265,0.0004395309424433103,0.0020272933476921397,4.612401885570583,0.02498640669300356,0.06666666666666667,2.5935026536796597,0.0018029640415101243,0.016116665652444358,0.003829289332529264,0.23759811211002502,0.00017445617239736754,0.375,2.6886060705477735,0.03154815653094841,0.08333333333333333,1.854795416557423,0.01855296193235293,0.0012887315459331832,14.396296878818582,0.0,0.016666666666666666,0.0,16
31,CognitiveStress,120.0,0.0020249151078463703,0.6875,3.9523264979516752,0.0005792349738881783,0.0014554671355580953,2.512740426891202,0.021172509404937728,0.08333333333333333,2.650627858360107,0.0013172451708148097,0.012862238118974825,0.0039007544526968273,0.30327182692585186,0.00032021210816246407,0.375,2.7028134903042487,0.11011050361244912,0.03333333333333333,2.009214148104372,0.06967776231707767,0.0041004886893995845,16.99255078966704,0.0011046796546789056,0.016666666666666666,1.0971123245748868,16
32,CognitiveStress,150.0,0.4939521340921153,0.5,1.7526513830546318,0.4827795824575801,0.038084223894616416,0.07888532423171131,0.052051237717693266,0.15,2.7600100635670826,0.006176704331334468,0.025121483811968465,0.01565948134216487,0.6233501754663203,0.00014750763736576456,0.6875,2.6332009916832932,0.17614884661199715,0.05,1.6260584610563957,0.14616702579405047,0.0051934014466348405,28.144757784661934,0.010937407486033992,0.016666666666666666,1.5232764801327026,16
33,CognitiveStress,180.0,0.45524514888034656,0.5,1.696573996354632,0.42418429501627886,0.032830494898302504,0.07739677136571634,0.03624551583272687,0.03333333333333333,2.321375322899969,0.01889017978963059,0.008344079690291469,0.006931762033606797,0.8307401524067494,0.0004871070180264835,0.25,2.7396948237321395,0.0559902219895263,0.016666666666666666,1.9138945762743085,0.026428680001275302,0.0017554545627456264,15.055177480606169,0.013053862002727559,0.016666666666666666,1.5591396904905033,16
34,CognitiveStress,210.0,0.11575002763092829,0.5,2.044013071179102,0.11594437476261527,0.0059466441935359556,0.05128876847808379,0.0046000536238030194,0.016666666666666666,1.898916624529846,0.002950140739656427,0.001392838660482763,7.804910414621564e-05,0.05603599782272236,0.00034639289355229807,0.25,2.721546892271855,0.043788217172633294,0.03333333333333333,2.1450910040426305,0.020817919915666165,0.002915725776266479,7.139875802148665,0.008094408294293195,0.016666666666666666,1.620162958571191,16
35,CognitiveStress,240.0,0.0006952560114692602,3.25,4.101647284395731,8.425160573500491e-05,0.0006073231474542822,7.208445965581771,0.008306065581021803,0.016666666666666666,2.265133729010096,0.0045537719658139166,0.0022576464715722932,0.0010994996272095958,0.4870114258606092,0.00019386300615963515,0.0625,2.7005474020745375,0.11106662947976156,0.08333333333333333,2.0751578957468664,0.08447837043457684,0.016645852652198406,5.0750401436131805,0.02126059524610808,0.016666666666666666,2.134086700334766,16
36,CognitiveStress,270.0,0.11338097636269384,0.5,2.134769642563031,0.1079476984303806,0.009072690220496608,0.08404709273489436,0.002799087955320309,0.1,2.603876506515131,0.0006642691154684163,0.0015217293466520004,0.0004071963242772639,0.2675878763678627,0.0018110559130601537,0.5625,2.572762269554426,0.14731181616850964,0.05,1.9618804320017893,0.1233750182401891,0.012407542636240705,9.943549811372627,0.00019625444110002698,0.016666666666666666,0.2727028896370288,16
37,Relax,0.0,0.025930982893778803,2.6875,2.6111939666689743,0.01754272694603488,0.008656098971058603,0.4934294991700312,0.015791887665511446,0.08333333333333333,2.63499943683477,0.001659835935498012,0.009535555317816673,0.0029668508822465493,0.3111356164756496,0.0008763337395008132,0.0625,2.264758696258341,0.5450668614969806,0.016666666666666666,0.5857087382877504,0.014050141145376243,0.002444658620543133,5.747281451614175,0.0523008382391015,0.016666666666666666,0.9582142275035787,16
38,Relax,30.0,0.00019207111701850216,3.1875,4.070538248900275,2.622263837973856e-05,0.00016606383756605176,6.332842453197397,0.008122605030126647,0.016666666666666666,0.9853330726565825,0.007044224172442292,0.0007335710710782555,0.000246955143311009,0.3366478764600362,0.0007551803241208626,0.0625,2.4999721620789983,0.3481945554927243,0.016666666666666666,1.3002053965228177,0.05595345425856077,0.003196737606424673,17.503299034023875,0.0,0.016666666666666666,0.0,16
39,Relax,60.0,0.4105203849920873,0.5,1.9788200786677956,0.395286052449521,0.04684166666720585,0.11850068166315493,0.0067951562895657855,0.016666666666666666,0.7846455262560237,0.0063387170929499305,0.00016454142404888036,0.00014415418582201193,0.8760966222049228,0.0005420375056063918,0.0625,2.619979437931181,0.3001626674770965,0.016666666666666666,0.877818077265285,0.014617158167539161,0.002945709319026953,4.962186212035205,0.0,0.016666666666666666,0.0,16
40,Relax,90.0,0.19326191508436008,0.5,1.6960283700679313,0.18024990445892328,0.013868069887210403,0.07693801518974322,0.004680581917837603,0.016666666666666666,0.462693053515901,0.004578139860485904,5.182245792113311e-05,3.6981349234426856e-05,0.7136162721325869,0.0008280784135307693,0.0625,2.432716263528232,0.12856483426681903,0.016666666666666666,0.9064542858054934,0.014569501112737974,0.001716700091737115,8.486922778687111,0.0,0.016666666666666666,0.0,16
41,Relax,120.0,0.0001892524145661152,2.9375,4.054039971624458,2.5456090123558015e-05,0.000160676089588049,6.311891920878822,0.0033811248064535182,0.016666666666666666,0.23136897563045153,0.0033585296196497003,1.3888207105132462e-05,7.277129278784586e-07,0.05239790293806379,0.0016779405727715168,0.0625,2.0198987476153802,0.07038908743594191,0.016666666666666666,1.0638966699259857,0.0038446708051819347,0.0011830409206848292,3.249820642684416,0.0011040729378677912,0.016666666666666666,1.0971123245748822,16
42,Relax,150.0,0.00024529960577128885,2.125,4.079041903373902,2.9537727362330656e-05,0.0002145504530752704,7.263607333206201,0.0028566509624139333,0.016666666666666666,0.3314068652662038,0.0028320218811675743,1.675389897316745e-05,2.511051927725478e-06,0.14987865999115219,0.0017268613774518873,0.0625,2.0183052396787864,0.02656380643278785,0.05,1.9124527116151966,0.016201053297785952,0.0016529823921668275,9.801104581972377,0.011324928930742044,0.016666666666666666,1.522194839575237,16
43,Relax,180.0,0.00022279937633503514,3.3125,4.090481128636714,2.4149645076684847e-05,0.0001973477707281308,8.171870439564314,0.0020106026323167734,0.016666666666666666,0.29285844923335874,0.0019889770877664524,1.511057530654222e-05,1.3957752926830637e-06,0.09237075785451755,0.0029326294402219934,0.0625,2.5944609610309226,0.014458500499417331,0.08333333333333333,1.9970923307759851,0.01040235890576812,0.0012448944512494892,8.35601676537908,0.0024308275622435906,0.016666666666666666,3.3400788144662856,16
44,Relax,210.0,0.00011573389662417165,2.75,4.092897536476003,1.4177926387048842e-05,0.00010107230881196332,7.128849879224241,0.0016084249851220634,0.016666666666666666,0.25630586559545365,0.0015916738322366364,1.183585362457017e-05,5.428740212035776e-07,0.04586690900575349,0.0009680188733999789,0.0625,2.1257539113139123,0.034749237774232423,0.05,2.101811202469734,0.021628740812623403,0.0017489353768478768,12.366803884775372,0.02051067091462376,0.03333333333333333,1.6564169867686613,16
45,Relax,240.0,6.233464611001644e-05,0.5,4.086073075738364,7.159362172584229e-06,5.4972274070830987e-05,7.6783759147343575,0.0011134494080702272,0.016666666666666666,0.2458191869573781,0.0011068258822673367,3.808132808050087e-06,3.306292189091848e-07,0.08682187191850588,0.0014218704833958698,0.0625,2.468173826633201,0.052960492110076945,0.016666666666666666,1.6439763420694917,0.014694278222484347,0.0016326481356732938,9.00027256419493,0.012818377264335991,0.05,2.334250135403416,16
46,EmotionalStress,0.0,1.091902824782877,3.75,2.69188052679809,0.895189521916745,0.31168938711415334,0.3481825685881311,0.0021835329848068977,0.016666666666666666,1.3767673955558648,0.0017542740557148823,0.00010148794657311789,9.571426599212142e-05,0.9431096915845394,0.000583722193199307,0.0625,2.5673260416140113,0.13405075363538255,0.016666666666666666,1.0747047740240916,0.02038740150629997,0.002017055621139472,10.107505857861643,0.04374381112116015,0.016666666666666666,1.8583624414674582,16
47,EmotionalStress,30.0,2.190729841296057,0.5,2.6608868348479544,1.7567520931225267,0.6417680049053942,0.36531506489608795,0.0034681964786147626,0.016666666666666666,2.145047357946715,0.0020906454390155695,0.0007193590056063581,0.000425999008544529,0.5921925008576883,0.0012755313794585769,0.0625,2.4170337493885663,0.6785104678663931,0.016666666666666666,0.96573215972763,0.06638458175367257,0.0010722345253556518,61.912371019440286,0.01852297411030205,0.03333333333333333,1.8368562925069571,16
48,EmotionalStress,60.0,1.0380927300751663,0.5,2.9104855931879943,0.7122104444250672,0.3669684875826616,0.5152528869172894,0.011593693347204947,0.016666666666666666,1.5681195788835922,0.009043705744879732,0.0019478136860043927,0.0003093055767789711,0.15879628477888905,0.001181060237114671,0.0625,2.429523482027048,0.3317911713254046,0.03333333333333333,1.3154928826114582,0.06847930821046407,0.003959476210921762,17.295042213303805,0.007937165484302497,0.016666666666666666,3.022375940536475,16
49,EmotionalStress,90.0,0.11826825781994994,3.6875,1.6951328426699148,0.1363075949217448,0.01430056645821789,0.10491393723459028,0.0009638255794106595,0.016666666666666666,1.0879960960156876,0.0008506541425473248,8.399416504828157e-05,7.065777844958184e-06,0.08412224635957306,0.0010318431697619711,0.0625,2.2173043259272234,0.10329972633363638,0.03333333333333333,1.6857780838892702,0.051469043457407236,0.0014500656457004963,35.494285110481066,0.0070572127477833025,0.13333333333333333,3.041335948763842,16
50,EmotionalStress,120.0,0.00022083128366329644,3.5,4.062497499084447,3.719944066679777e-05,0.00018468802905360313,4.964806613838304,0.0007209222397622965,0.016666666666666666,0.3300335810383807,0.0007137769741449152,4.097842813026635e-06,6.981768427714113e-07,0.1703766773464264,0.0010304425390275235,0.0625,1.8639113411906294,0.1186106436032039,0.016666666666666666,1.7976140171604909,0.0484614137268127,0.0025793761430099793,18.78803673444118,0.02114470354430686,0.016666666666666666,2.044534884258657,16
51,EmotionalStress,150.0,0.0005198385075772241,0.5,4.016293222059457,0.00012112310394261953,0.00039945386670423976,3.297916365266496,0.0004097164321167945,0.016666666666666666,0.2594732064718201,0.00040473748168121825,3.30035969646625e-06,2.5921785871733783e-07,0.07854230525081454,0.0020254357550478367,0.0625,2.208109442741506,0.09177022042055756,0.016666666666666666,0.8814445450377113,0.010568766199880258,0.0009132400942426878,11.572823254813947,0.0393876604970059,0.016666666666666666,2.455506726874421,16
52,EmotionalStress,180.0,0.0004933746534169222,3.4375,3.887549574780446,0.00016152965623947418,0.0003326005955571453,2.0590683054760643,0.00028240024047191737,0.016666666666666666,0.3005561070147681,0.0002773191450962021,2.1872728413226406e-06,1.578160699307131e-06,0.7215198165917058,0.0017871898646937693,0.0625,2.203897641797208,0.06382011051873662,0.016666666666666666,1.4275104705201882,0.009747110800519189,0.0018213706290271033,5.351525189425982,0.0307129701147283,0.016666666666666666,1.8546578601486712,16
53,EmotionalStress,210.0,0.0005107327475347042,2.5,3.9224200680776518,0.0001588832324435489,0.00035665468032667215,2.2447597197104563,0.0001832312217956818,0.016666666666666666,0.3637449558999489,0.00017950918960003097,1.5759684943908355e-06,9.810221367097857e-07,0.6224884191539524,0.0011283385219981,0.0625,2.4360995219016113,0.06030359862027417,0.016666666666666666,1.177270351873948,0.004669944192933074,0.0014327657125244042,3.259391366021073,0.01610408076437573,0.03333333333333333,2.2011150905237895,16
54,EmotionalStress,240.0,0.0030769677502599,0.5,2.432906519667725,0.002421905832369779,0.0006938307808211184,0.28648132043276886,0.00014848881648518215,0.016666666666666666,0.3691697273995223,0.00014584296950901236,9.252136662259568e-07,9.357694201766143e-07,1.0114089905240111,0.0009376870749291596,0.0625,2.4051100253591926,0.039156536686202906,0.016666666666666666,1.8206965264424715,0.01032900142181817,0.0014560910586298534,7.093650744299955,0.0011459223567619019,0.016666666666666666,0.40841496830052837,16
55,EmotionalStress,270.0,1.9561893868039766,0.5,1.6130022672029865,1.9263528942688355,0.10067972378962815,0.05226442366254084,0.00010673703861826068,0.016666666666666666,0.8496479353185257,9.655414180410097e-05,1.915755595413098e-06,1.958351440038288e-06,1.0222344879102416,0.0005807470383494757,0.0625,2.4567293240776733,0.03579353688228331,0.03333333333333333,1.5341958377737361,0.006669828559417077,0.001083491004964653,6.155868880180199,0.01008222892736724,0.03333333333333333,2.62084397825833,16
56,Relax,0.0,0.00023197389901826192,3.4375,4.055715324167921,2.4826903221016394e-05,0.00020776110290847343,8.368385741021463,7.115986327714552e-05,0.016666666666666666,0.6000534239327825,6.714417049655452e-05,3.138269260074106e-06,5.200452126116282e-07,0.1657108327917497,0.0003079867032229752,0.1875,2.73091193593624,0.27401299450043726,0.016666666666666666,1.0255545066000695,0.018724091950874603,0.0017211659912098774,10.878725263280783,0.058652847037176326,0.016666666666666666,1.242088592718814,16
57,Relax,30.0,0.00027322466031569765,3.9375,4.046317090409078,3.6105189056382075e-05,0.00023401025203254774,6.481346813254902,5.558093108828374e-05,0.016666666666666666,0.43991938573080314,5.430352779248478e-05,5.794933383855142e-07,2.148694166051249e-07,0.37078841527972956,0.001252438728144571,0.3125,2.6177267433855596,0.06869212288078716,0.03333333333333333,1.8048768787039549,0.03473459899439385,0.0018010034553189243,19.2862478368999,0.01938979446407385,0.016666666666666666,1.5800927989718956,16
58,Relax,60.0,0.00037289977732909724,3.0,4.087355203586654,6.25299045344289e-05,0.00030794054657452434,4.924692415050348,2.600957750164647e-05,0.016666666666666666,0.6235563607098756,2.457467263788434e-05,7.240220933239452e-07,2.6878851544311806e-07,0.37124352685029943,0.001849515927849123,0.3125,2.663046301649543,0.02013995950508094,0.05,1.6644576169022665,0.010848527525280977,0.0012500512196355824,8.678466413915073,0.010748697328223488,0.016666666666666666,1.5698939322578955,16
59,Relax,90.0,0.00042576057971281493,3.1875,4.00871411231605,0.00010525040600356251,0.00031906688563276386,3.031502658735246,2.1097211915703598e-05,0.016666666666666666,0.8574650826980248,1.8400572090582494e-05,1.9440657015185935e-06,2.4539241078241747e-07,0.126226397899377,0.0007355761997420152,0.75,2.7228315902431075,0.017749474783479224,0.016666666666666666,2.2088255233285774,0.007704680205041531,0.0017301944910410767,4.453071747099103,0.01796613271031011,0.016666666666666666,1.9747322921366253,16
60,Relax,120.0,0.0005380767372407517,1.1875,3.8988325832058486,0.00015525363903543207,0.00038726640794227267,2.494411147772778,3.9204776741646764e-05,0.016666666666666666,0.4203670562637865,3.819747674103969e-05,6.939332106439662e-07,1.1280171588981022e-07,0.16255413944683644,0.00014313775670047213,0.0625,2.687333296790371,0.027180315454117778,0.08333333333333333,2.286816041520495,0.01999069478212807,0.002230220761035151,8.9635497666381,0.0015573646399404558,0.016666666666666666,2.7851911258200244,16
61,Relax,150.0,0.0014377580448881565,0.75,3.8494318995978447,0.0004470485925618246,0.0009976654364865928,2.2316711272245433,4.242392704999373e-05,0.016666666666666666,0.4227855186718865,4.1199762075311814e-05,9.426846426490135e-07,8.696360834765805e-08,0.09225100782726649,7.03321960572093e-05,0.5,2.446251501348349,0.06664187766532166,0.03333333333333333,1.6598131588789062,0.01825720805369042,0.00200253858233454,9.117031858835073,0.01744511750707574,0.016666666666666666,1.5631274804617186,16
62,Relax,180.0,0.0006676232012891867,0.75,3.5329001657539427,0.00031362679688130607,0.00041584340042680884,1.325917952681152,2.3207145308068014e-05,0.016666666666666666,0.42787041535934794,2.2591382888323546e-05,2.481810604391226e-07,8.13528444505738e-08,0.3277963447598741,0.0013344398325487628,0.125,2.6874123744969243,0.018868029118211678,0.016666666666666666,1.4698526090838948,0.0023090933454511463,0.000673143957152878,3.4303113337266837,0.010222351179768007,0.03333333333333333,2.5293026654249506,16
63,Relax,210.0,0.00023803602290114946,2.75,4.063651823339287,2.6773485176808386e-05,0.00020954998908221298,7.826772932189212,9.215917219299777e-06,0.016666666666666666,0.6615454104706381,8.097524934612128e-06,9.296714476724623e-07,2.0491718727248643e-08,0.02204189316403336,0.0011501024238905477,0.25,2.7509776440995317,0.07819011478020672,0.016666666666666666,1.3772801122413416,0.031359868924540645,0.001510543074522277,20.76065850320653,0.010981285957612393,0.05,2.5679838306988523,16
0,Relax,0.0,0.00035042121544205554,0.9375,3.7292171542316543,0.00013810083223184122,0.0002249913278830752,1.6291815497922835,7.3388382118947105e-06,0.016666666666666666,0.6765106141076285,6.979156796901679e-06,2.0516316549455423e-07,8.334478621191269e-08,0.4062365971543023,0.006781160943265526,0.0625,1.4543123415062968,0.11316333069924323,0.016666666666666666,1.171946917037071,0.019562506836915558,0.0008105962371950312,24.133478468403965,0.2251408025172341,0.03333333333333333,1.8477112164228509,17
1,Relax,30.0,0.00015497600301132394,0.5625,4.048404504338074,1.3118715826194652e-05,0.00013996238379113392,10.668908881436822,3.1540159964459377e-06,0.016666666666666666,0.7915416634275636,2.8351309736288743e-06,1.9548389021842788e-07,3.435790000667144e-08,0.17575821704939953,0.005031293982799744,0.0625,1.4455788918395374,0.011778077928473539,0.03333333333333333,1.8111525854293178,0.003658081923606074,0.0009099104731705565,4.020265764014776,0.20095645286126468,0.016666666666666666,1.842802934037105,17
2,Relax,60.0,0.012021710249147175,0.75,3.1340492607966386,0.00580634856199874,0.006327229333020993,1.0897088360198182,0.00032612635892230793,0.016666666666666666,1.2481430861546792,0.0002763448445894515,4.4446541093453654e-05,4.255002863873076e-06,0.09573304826862618,0.0046298966317862775,0.0625,1.7627899985383553,0.14594282092946023,0.06666666666666667,1.9205364796321744,0.09364561589137253,0.0031590987772103694,29.643142711120273,0.1623828422648786,0.03333333333333333,2.5300998925229514,17
3,Relax,90.0,0.00044666550853876997,3.5,3.055779974191811,0.0005364734107366305,0.00020238465097780433,0.3772501058345285,4.896367299721996e-07,0.016666666666666666,1.7425445255652066,3.6770928392218266e-07,1.4805126722301914e-08,1.345239519502253e-08,0.908630871410126,0.005566880832446266,0.0625,1.4610464233005185,0.05546686778420554,0.016666666666666666,1.5811473753672864,0.025400797929927884,0.0011284876861460198,22.508706334825852,0.18522110789221405,0.016666666666666666,1.702200806148252,17
4,Relax,120.0,0.18612741707324404,3.625,2.390679384188219,0.14916428837227888,0.05639231971917207,0.3780550984055255,0.00023067541814442185,0.016666666666666666,3.173346694289176,7.855556200252268e-05,7.472651126147157e-05,1.7485398109463218e-05,0.23399189677517512,0.0047671376054354035,0.0625,1.3394385953620211,0.06546773207566675,0.03333333333333333,1.7235975673693305,0.030400998360928876,0.001111047900073506,27.362455173100614,0.1682683426562271,0.016666666666666666,2.056777329598761,17
5,Relax,150.0,0.19428634264020514,3.5625,2.3766021201622762,0.16629150686369878,0.06130822062201647,0.36867920544052735,0.00033009065170598356,0.016666666666666666,3.1719552443333607,9.616320521473139e-05,0.0001275695490309012,2.1767459518830278e-05,0.17063209585821723,0.005226145737732299,0.0625,2.119913040393204,0.17559901661169822,0.016666666666666666,1.0935062860054956,0.017098381902576794,0.0012231758207999622,13.978678789934206,0.46004382426543927,0.016666666666666666,1.5390624824977919,17
6,Relax,180.0,0.0017741275914216147,0.5,1.3349781687040398,0.0030222980060424526,0.00019667202080715185,0.06507366924570221,1.4395048557075389e-05,0.016666666666666666,0.6057912082331481,1.3238117389421947e-05,8.154765478461963e-07,1.6094087286702086e-07,0.19735806417988522,0.0046206746369312785,0.0625,2.0424253269294503,0.06927743805483966,0.016666666666666666,1.7685033270641652,0.02472854542121769,0.0017552076147458278,14.088672595463095,0.0954174310987129,0.03333333333333333,1.8214642407260369,17
7,Relax,210.0,0.006824213838538511,0.625,1.8086307657108351,0.006537191862985191,0.0010755827392046043,0.1645328394436082,0.0006596591151751656,0.016666666666666666,1.3514726215368777,0.0005627668538743587,7.228472155598986e-05,1.4724153713575412e-05,0.20369662352742782,0.0023226955939023154,0.0625,2.157254704046872,0.02143374690456375,0.03333333333333333,1.7578038350554466,0.004720383670845984,0.0016286804585827948,2.89828716613537,0.3168958806350239,0.016666666666666666,0.8710842525992337,17
8,Relax,240.0,0.09751860310327881,0.5,2.9264011683281885,0.07105159009039204,0.03230436069231482,0.45466062970887944,7.331962962971347e-05,0.016666666666666666,0.9767993637663238,6.540573382841397e-05,4.8637034996290505e-06,1.5815878727568878e-06,0.32518180289516285,0.001957882301218158,0.0625,2.4574903313107184,0.0505381464106398,0.08333333333333333,1.7788807663318136,0.032748495486519175,0.0013144713764254125,24.9138140805894,0.8418167801045887,0.016666666666666666,1.4231525547652644,17
9,PhysicalStress,0.0,0.0005292935064311448,1.8125,3.481149351083065,0.0002661112499623898,0.0002827182132075857,1.0624060923675456,6.07326580155319e-06,0.016666666666666666,0.37021934730632117,5.809023154346078e-06,1.5692752599237365e-07,1.6093614817995792e-08,0.10255444171583963,0.00022609525722459747,0.25,2.73519407060001,0.3989326989759778,0.016666666666666666,1.6230120451164476,0.12915655914921137,0.0029763536844799997,43.39422422230589,0.22818805527983876,0.03333333333333333,2.178828875302178,17
10,PhysicalStress,30.0,0.212149685132774,0.5625,3.194401486275071,0.13027718979499153,0.08459229589154338,0.6493254577003127,0.00013555582795993172,0.03333333333333333,3.7379714926166527,1.786801100647937e-05,3.67811724844744e-05,1.957001290241065e-05,0.5320660430461072,0.001672630974158961,0.3125,2.647012122812108,0.11651111528198232,0.016666666666666666,1.2947800704854986,0.027123592437762866,0.0014067931625915027,19.280440905610853,0.08681188483810057,0.03333333333333333,2.6419213038711717,17
11,PhysicalStress,60.0,0.24680346535441883,0.6875,2.7769183793923737,0.18123039727241122,0.08185778586896937,0.4516780137380994,1.6003847315845094e-05,0.016666666666666666,2.3594073225271437,8.708809283175544e-06,3.4701153737979603e-06,1.315768823251153e-06,0.37917149187206267,0.0019362449153931562,0.3125,2.65094967710675,0.581622287278996,0.016666666666666666,1.126412898130329,0.06902549829970592,0.003914465951865672,17.633439439371724,0.10924950980680945,0.016666666666666666,1.3114795335521985,17
12,PhysicalStress,90.0,0.04548327778968557,0.6875,3.6831359279305396,0.01658900578423806,0.0297384075057572,1.7926576126709752,1.0833307602943372e-06,0.05,2.9979538784428077,1.384525181031509e-07,2.951865795815263e-07,3.459206577399315e-07,1.1718712220261802,6.84031593751637e-05,0.75,2.762920881064173,0.09636557360061641,0.016666666666666666,1.2350467654269013,0.011420238490266504,0.003097987523483727,3.6863410209684444,0.09599923988394438,0.016666666666666666,1.6652485413124627,17
13,PhysicalStress,120.0,0.07041645596568913,0.5,3.6580584410228485,0.027922376596170903,0.04260782761491953,1.5259384339355446,3.0703518595586934e-06,0.016666666666666666,2.2668401433487886,1.840675361103448e-06,5.812523890589872e-07,3.222124067256204e-07,0.5543416470894218,0.00222536175405827,0.0625,2.6608143312345236,0.11983748722010124,0.03333333333333333,1.622268975958488,0.035758474886079125,0.003415693976428708,10.468875470942082,0.03741251540273482,0.016666666666666666,2.176603714807647,17
14,PhysicalStress,150.0,0.175999282784901,0.5,3.1293591568227184,0.11488951710146394,0.06432198533692743,0.5598594803050819,1.538412439799482e-05,0.016666666666666666,1.21848508357547,1.3571419757215297e-05,1.1072204654095942e-06,2.443443476022065e-07,0.2206826510489184,0.0015336727816990736,0.6875,2.7560861419458886,0.09857539940918825,0.016666666666666666,1.3972962487655838,0.016425563083553467,0.0025651786425913183,6.403282333179153,0.03953534346204919,0.016666666666666666,2.0701628752938035,17
15,PhysicalStress,180.0,0.22585597809063063,1.8125,3.3709244254185275,0.12385801524847569,0.1046411151879608,0.8448473437753445,0.0052085425011356885,0.016666666666666666,1.0613553613559672,0.004567384779133451,0.000515813703782038,3.362258450656494e-05,0.0651835813202289,0.0007542774774923058,0.25,2.627904579659389,0.051447586067657015,0.016666666666666666,1.3457175936714483,0.007579388749875991,0.001889717492486509,4.010858120333615,0.06285894754754631,0.03333333333333333,1.9853580333564353,17
16,PhysicalStress,210.0,0.1486725765385667,3.75,3.8967518177417366,0.02649463616787088,0.12419851890412954,4.6876853910053216,0.22246210784230852,0.016666666666666666,0.5903160664383407,0.21472797474104682,0.003759671595657282,0.0012505863162210235,0.3326317962626176,0.0020959974301060745,0.0625,2.650256534547743,0.04964253614898209,0.03333333333333333,1.5235466571209384,0.025425369080878446,0.0018240051922997315,13.93930740340809,0.12549688332441167,0.05,1.861499238091145,17
17,PhysicalStress,240.0,0.3708042399048425,0.5625,3.9978933120759548,0.10694370464527371,0.2672465392710032,2.49894596561289,0.04240197249664814,0.016666666666666666,0.9403446750993336,0.03753982319176629,0.001869140666779825,0.0009222392150629778,0.49340278741664806,0.0009537580317054834,0.0625,2.6288857385350752,0.1467273856705453,0.03333333333333333,1.1678212564405996,0.02240827061177249,0.0015481084819074372,14.474612647405094,0.42350557024025093,0.03333333333333333,1.4427097999355945,17
18,Relax,0.0,0.26595982862556083,0.5,1.3867119254153626,0.32898381966805523,0.018408777167163767,0.05595648195020116,0.2854978928326138,0.06666666666666667,3.5176758434012965,0.029170636344700185,0.09045365158614123,0.05133385051358765,0.5675155133422244,0.002703415149527823,0.3125,2.689071633249851,0.09581178374053612,0.016666666666666666,0.8237463827770568,0.00946572881062859,0.0026007629430620156,3.639596925156157,0.1575989417567301,0.05,2.0369475143148676,17
19,Relax,30.0,0.3019620145337821,0.5,1.4758469328030013,0.3228452679444457,0.017576298690694374,0.05444186561135799,0.013497775833578467,0.016666666666666666,2.2734087275330532,0.007402266546346283,0.003151599855517857,0.0008261860586006658,0.2621481458549282,0.005193293315454708,0.0625,2.6594207393176994,0.10391495102607627,0.016666666666666666,0.8308288407057277,0.005428190385453252,0.0005340442737524875,10.164307815364847,0.038192581306358976,0.016666666666666666,2.9600873808752093,17
20,Relax,60.0,0.00030485318601506555,1.6875,3.668576511147153,0.00011429899799706775,0.0001921813294874429,1.6813912007555232,0.001815612643240354,0.016666666666666666,0.53520784680129,0.0017170747814950272,3.2147366143602764e-05,8.938850617559433e-06,0.27805856870604745,0.0016132000923271817,0.625,2.4913843190649887,0.04472631087574166,0.016666666666666666,1.27873632502383,0.006253677036319068,0.0014069079166725308,4.4449796338552146,0.00023768423843303565,0.016666666666666666,1.2966350339941213,17
21,Relax,90.0,0.002170546157879808,0.625,2.9644667990092146,0.001571470855284125,0.0007146640144664408,0.4547739540083473,0.0009762985654328756,0.016666666666666666,0.5260103914096581,0.0009251130631520833,2.076950150034202e-05,1.7509460355174673e-06,0.08430371020164512,0.00026507842647867846,0.0625,2.4568538265047417,0.028326564763710923,0.016666666666666666,1.6170493226018667,0.00647023999401546,0.0009195422088817287,7.036370850103805,0.11572181508688797,0.016666666666666666,1.5561497455670792,17
22,Relax,120.0,0.008614126009366205,0.5,2.6930730410720978,0.006121310958077629,0.002704656811662001,0.4418427409071514,0.0028065938867376057,0.016666666666666666,0.5151048055261315,0.002746731045302694,1.6006995485489433e-05,8.915196221582633e-06,0.5569562526374412,0.002853141494137658,0.3125,2.708936613181287,0.02038449489288923,0.016666666666666666,1.2331107975514264,0.0022390394048237825,0.000574536116593916,3.89712559429287,0.08889289307247257,0.016666666666666666,1.5591396904905037,17
23,Relax,150.0,0.0008290783267399149,1.9375,3.2100269229373177,0.0005695478008504763,0.0004080396751698005,0.7164274439485078,0.0006422982776550524,0.016666666666666666,0.6791796263560116,0.0005923671925109048,2.5630288903856662e-05,3.886260118500973e-06,0.15162763607850696,0.0023361078095802345,0.5625,2.706069922914964,0.09045455527515545,0.016666666666666666,0.7334436812125955,0.0021417556161071093,0.0011230643945905573,1.9070639461310166,0.040203173469572834,0.016666666666666666,0.9155387322126844,17
24,Relax,180.0,0.03576602419021502,0.5,2.9350427035961735,0.020647940381335755,0.015455989457315786,0.7485487255322997,0.0003794448270383275,0.016666666666666666,1.0657547901097546,0.00032452865446905207,1.5621797382004295e-05,5.405330673044355e-06,0.34601208432463004,0.00152201406677727,0.375,2.6592237753859527,0.04852354622257597,0.03333333333333333,1.2252954385817065,0.005467545240363992,0.0009811659157014016,5.572498140088196,0.04913117034550272,0.016666666666666666,1.3116440861356196,17
25,Relax,210.0,0.013321893148474276,0.5,2.932522743495943,0.007798468009548348,0.0055224254465769075,0.7081423479349173,0.00033115306494462123,0.016666666666666666,0.8060224758568684,0.0002947050217318198,1.2954890256630794e-05,2.04815845449163e-06,0.15809925162764746,0.0011505317893266839,0.25,2.671813381494826,0.04274363370873748,0.016666666666666666,0.8236671675778096,0.0011609385939067426,0.0004034959939293035,2.8771998021624734,0.11572181508688797,0.016666666666666666,1.5561497455670787,17
26,Relax,240.0,4.023143425973017e-05,0.875,4.06489366571659,4.186867413493001e-06,3.614967158805681e-05,8.634061702445463,0.0003436976721939124,0.016666666666666666,0.959900857932037,0.0003011267023256033,1.832297565610256e-05,9.391778737277412e-07,0.05125684230306463,0.0027464964409912875,0.625,2.671408828161807,0.09206412409247333,0.016666666666666666,1.056646495494525,0.0096557409953962,0.0008954648967728192,10.78293636098376,0.12881100147485797,0.016666666666666666,1.5092839454508802,17
27,CognitiveStress,0.0,0.0009531219432533142,1.625,3.779225580749782,0.00032169324931616815,0.0006320357912370253,1.9647157426540984,8.788156442659923e-05,0.016666666666666666,1.6014181470476612,6.815428217606021e-05,4.706325246485074e-06,2.433219073877407e-06,0.5170103948286745,0.0015482476547816052,0.0625,2.588595414526244,0.046762636472608296,0.016666666666666666,1.5092302825430122,0.016111020577767966,0.0011291452268234361,14.268333421638099,0.10299463850340136,0.03333333333333333,2.4442068833611215,17
28,CognitiveStress,30.0,0.00020966543427445623,3.0625,4.046673634295937,4.346657005618157e-05,0.00016556404482688064,3.808997227360825,0.0009948566822527663,0.016666666666666666,1.0342619123270147,0.0008217857740994488,6.415640240678548e-05,6.506398565883267e-05,1.0141464174735457,0.00303053145436677,0.5,2.5930433296096713,0.09153894927643991,0.016666666666666666,1.3753294842387072,0.019907004412354573,0.0008352544934575891,23.83345982366196,0.03292750370529949,0.016666666666666666,2.1972352474635977,17
29,CognitiveStress,60.0,0.00034691727771364475,1.25,4.086441154617034,6.691215384321952e-05,0.00027776633190466476,4.151208950103344,0.003873329767263969,0.016666666666666666,1.8609753746443658,0.002252700292280065,0.0007469634501047943,0.000638214164068016,0.8544115029704312,0.002975331881871262,0.0625,2.479472218758739,0.020224373814105155,0.05,2.0149688061179427,0.012098576700432115,0.0006305790151497725,19.18645627234917,0.008347438932492644,0.016666666666666666,2.7606377029334563,17
30,CognitiveStress,90.0,0.0003423181302688883,0.5625,4.091589748481958,3.845170401522211e-05,0.0003012532552629662,7.834587906525735,0.010770836971384628,0.016666666666666666,2.2161789814135955,0.004671240413718405,0.003605105426131017,0.0016595921147623865,0.46034496043669193,0.0011096708753693387,0.0625,2.3545698219770284,0.021135175462372226,0.016666666666666666,1.9490227411451415,0.012532314607224112,0.001223502230080248,10.242984687001455,0.08805415564923405,0.05,2.3141781633623952,17
31,CognitiveStress,120.0,0.00030982324090341373,0.625,4.002635293276368,6.191128683551156e-05,0.0002494335367615353,4.028886322848377,0.010349321208524165,0.016666666666666666,2.4716312382186034,0.004473686972275802,0.0037561303337505037,0.0014811906190874168,0.39433951633101216,0.0017992814047919736,0.0625,2.6510297988147986,0.05965275387082802,0.016666666666666666,1.5144357005776505,0.011551116459463457,0.0018531813848916671,6.233127827440761,0.10282396259641928,0.05,2.403930269259587,17
32,CognitiveStress,150.0,0.0007060962750314807,0.5,3.638689470174122,0.00031950695801940274,0.0003968641447590249,1.2421142475868223,0.006118261680921134,0.016666666666666666,2.3033817318489147,0.003338933334072451,0.0018003160334510572,0.0005392112266841619,0.2995092065311103,0.0012894250912099134,0.0625,2.5756302795155745,0.07190621972738846,0.016666666666666666,1.1412459077977695,0.019676519430111075,0.001679162630971486,11.718054622694376,0.12198211436401792,0.05,1.7114681713013238,17
33,CognitiveStress,180.0,0.00025070483312771057,3.75,3.169257534777092,0.00020935875467110418,0.00011396122009758209,0.5443346292186896,0.0009836080102007144,0.016666666666666666,0.7248966688925258,0.0009259467648000897,3.5687857594442766e-05,4.3614400937732224e-06,0.12221075704057888,0.0015259224965225794,0.0625,2.555056045468734,0.13111990055637765,0.016666666666666666,1.3555473886132605,0.025463574304551043,0.0009468898480822025,26.891801993784256,0.0513415444095097,0.016666666666666666,1.608890827516473,17
34,CognitiveStress,210.0,0.0680307314732026,0.75,3.365618975600184,0.038548309610962554,0.03320922660386824,0.8614963130425839,0.0002163207829121798,0.03333333333333333,3.5043186305937875,3.681772333713948e-05,4.385795512911786e-05,5.387166235060159e-05,1.2283213431178759,0.002138377434803519,0.0625,2.450299255189795,0.06387764154674046,0.016666666666666666,1.5758161390327077,0.017610318383938194,0.0028033361089556397,6.281914725701149,0.15243995246807576,0.016666666666666666,1.8343744357057232,17
35,CognitiveStress,240.0,0.031129401859033158,0.5,1.4048985082018999,0.045351380658475944,0.004333275803571363,0.09554892796326579,0.00018487388694439665,0.016666666666666666,2.2007053990402445,0.00010266287624956867,4.7664805908611936e-05,1.3394269134863598e-05,0.2810096229185224,0.0013029922874920868,0.0625,2.5578531808810565,0.1392829492807704,0.016666666666666666,0.7998319713546768,0.00713519170208459,0.0006551600302208465,10.890761604732518,0.060006512869264304,0.016666666666666666,1.7579469883502377,17
36,CognitiveStress,270.0,0.002999247147855862,0.75,3.3125882493326713,0.001745144664770209,0.0013693081187643218,0.7846387445161314,0.00023833081825265932,0.016666666666666666,2.248338660343827,0.0001481190008207136,4.102601277519661e-05,1.2619846622956983e-05,0.30760597409521245,0.0025378981475451816,0.0625,2.5740634829684095,0.03935585518333754,0.016666666666666666,1.2543990943198113,0.007076687647447517,0.0005273454864650598,13.419452387626334,0.023868907717184185,0.016666666666666666,0.8227439200222013,17
37,Relax,0.0,0.054156340216571036,1.375,3.0303299003717736,0.03343336437038021,0.021473807753918474,0.6422867742542497,0.0013659707035787916,0.016666666666666666,1.8159188121673835,0.0009091614196334053,0.0002412786523791682,8.607226027654462e-05,0.3567338404281308,0.0009648282119955982,0.0625,2.5527377127862865,0.24172046418972648,0.016666666666666666,1.2612947714287106,0.03401421489037342,0.00267082770772867,12.735458297045993,0.22476648450672426,0.016666666666666666,1.8292478263993475,17
38,Relax,30.0,0.017968248489048433,2.625,2.7207286949314957,0.01291459597301948,0.005756361581920893,0.4457252548935168,0.016993806597031952,0.03333333333333333,3.2911856571852716,0.002925109050248469,0.00575594979190666,0.0029392295219328097,0.5106419666942906,0.0008124860836616003,0.1875,2.699564160320606,0.08218729652520045,0.016666666666666666,0.9890041801038087,0.007283129179591166,0.0005301485021996342,13.737903906872889,0.11224099433470765,0.05,2.1142789897455003,17
39,Relax,60.0,0.0003740294879295274,0.8125,3.646509774797872,0.00018051700416377357,0.000205164485794182,1.1365382820559502,0.0005295671412280124,0.016666666666666666,1.0311525899951899,0.00046488144135289455,2.9598644170841113e-05,1.052599207044331e-05,0.3556241295948588,0.0002484573238645673,0.0625,2.792882847478489,0.02608859385140888,0.016666666666666666,1.5210748273433297,0.006342140712303069,0.0007321905516158546,8.661871828729208,0.0029799244318421503,0.016666666666666666,1.013087191763166,17
40,Relax,90.0,0.23226740236788931,0.625,1.4865390984068059,0.2306808353843966,0.018564146361548618,0.08047546009018965,0.0011742588988588431,0.016666666666666666,2.878817354200613,0.00045267214528823125,0.00010128461009666698,0.0002191040525049145,2.1632511819495535,0.000772085497616456,0.125,2.653928342613339,0.009630491767969285,0.05,1.757349950767871,0.004481484044741909,0.0004596457293786362,9.749865512293832,0.027942491387981848,0.016666666666666666,1.4312146131758825,17
41,Relax,120.0,0.13627852743973903,0.625,1.4103545386070695,0.16456038014373855,0.009973311925876171,0.06060579051388179,0.001404037766028645,0.016666666666666666,2.7071937385885074,0.0006419114353754664,0.00019778199425862994,0.0002183697366176273,1.1040931073436127,0.0006243080108993257,0.125,2.646189330352163,0.024977328667724178,0.016666666666666666,1.5578924474586195,0.007277648688948174,0.000581462072796152,12.516119329935316,0.11910385096637234,0.03333333333333333,1.810050763944599,17
42,Relax,150.0,0.0008949322911101519,0.5625,3.482043348158471,0.00045666370414452855,0.00045058528952100275,0.9866895166654146,0.00023021388102509186,0.016666666666666666,0.907376051857262,0.00020348691429604193,9.397828479117351e-06,3.861513619205355e-06,0.41089424304624367,0.00013093242958378207,0.0625,2.5021545730980943,0.03859361043923951,0.03333333333333333,1.7125988724435022,0.012264938549498951,0.00212931518046196,5.760039031346239,0.010257378112043148,0.016666666666666666,1.1926927141346029,17
43,Relax,180.0,0.0008795000781972131,1.6875,3.861664055927071,0.0003123594385116469,0.000561305782271407,1.7969867821057617,0.0005426175362070828,0.016666666666666666,1.9279614676104049,0.0003501430258731328,6.640749007704239e-05,4.490405054771903e-05,0.6761895457217818,0.0008522345732760034,0.125,2.563709343225181,0.03626582198175631,0.016666666666666666,1.3523461094874287,0.008028210590650032,0.0010678348785503995,7.518213491535731,0.034326073198015186,0.016666666666666666,2.389449623974591,17
44,Relax,210.0,0.5819061906078098,0.5,1.672499711955815,0.5483450297887994,0.035169610216571646,0.06413773866085296,0.01363896706066052,0.016666666666666666,2.5256333931700623,0.007360894517041341,0.001924216341152413,0.0020775589222696077,1.0796909255148295,4.115878726377956e-05,0.125,2.7958427317306906,0.09229869087702657,0.016666666666666666,1.4328090763316148,0.01911082851062026,0.0010380477306032188,18.410356236234712,0.1470568714774053,0.016666666666666666,1.9996437533771128,17
45,EmotionalStress,0.0,1.3754064937098684,0.5,2.866339441298263,0.9457435506979518,0.46988191761038506,0.49683861683604996,0.056270003692359835,0.5,3.9019870214745245,0.001986579950624129,0.007253631904334277,0.004775432363994684,0.6583505238446427,0.000622482603325024,0.0625,2.6192000686395156,0.04003426211957212,0.016666666666666666,1.4078186311162968,0.00820869929139254,0.000658390737167576,12.467823175500161,0.11377371645319216,0.03333333333333333,2.784708463327228,17
46,EmotionalStress,30.0,0.9710455024485285,0.5,1.9215790861119566,0.8835598339657575,0.09166152773932659,0.10374116637683073,0.0035446604012530107,0.016666666666666666,2.5394560142192453,0.002172183851805641,0.00012532589624892997,0.00022013681331656154,1.756514973404318,0.0006951440247894264,0.375,2.689189764960337,0.18196034721469276,0.016666666666666666,1.2492979173306418,0.023980581433195255,0.0024573676702566143,9.758646100642745,0.355082487382949,0.016666666666666666,1.7156586985762647,17
47,EmotionalStress,60.0,0.0646015031761507,0.5,2.614549740163059,0.04857718731576924,0.01741705919581038,0.35854400302333717,0.019182604772514125,0.016666666666666666,1.6702784937702115,0.014339560308214386,0.0025519797948150968,0.00043881716956060014,0.17195166296071498,0.002284922272506209,0.0625,2.6239826712405945,0.09214227557252717,0.016666666666666666,1.085820963921282,0.00622686867169847,0.0010016541595397849,6.216585447575476,0.25866600952319024,0.016666666666666666,1.2929329884941363,17
48,EmotionalStress,90.0,0.0006576127870840558,0.9375,3.7503154814046358,0.00032508989692498023,0.00037638467087995587,1.1577864290467714,0.0013387908901578457,0.05,2.410502377247673,0.0005450953043603478,0.0005537806897723999,0.00010029188332044631,0.1811039734189099,0.0020239588981238715,0.0625,2.4759574858754476,0.10137913916025311,0.016666666666666666,1.4382826291547606,0.025005816750423744,0.0008370489723629556,29.873779881520345,0.0562354742854481,0.016666666666666666,1.056969525821146,17
49,EmotionalStress,120.0,0.00015776018955103056,1.0,4.046088907500316,3.2725375106378795e-05,0.00012443395689486008,3.802369155139357,0.0005674906560172754,0.016666666666666666,1.4990023486233586,0.000441484731828564,8.61815110141707e-05,7.395599993414697e-06,0.08581422983171703,0.001895238252497107,0.0625,2.121386761380832,0.09023456538894546,0.016666666666666666,0.9220412489107745,0.0049357631693684,0.0008727488182246921,5.6554223463842845,0.035533283367762326,0.016666666666666666,2.596865771135901,17
50,EmotionalStress,150.0,0.00012814836689268246,1.1875,4.039693400065419,2.7045498795991472e-05,0.0001013840379787621,3.748647371731545,0.0025713550658474785,0.016666666666666666,1.2130455090437642,0.0020349009303232677,0.000416178986029953,5.62050010731625e-05,0.13505006970514688,0.0023378236578976237,0.0625,2.398120752244737,0.028557250723416465,0.03333333333333333,1.9105445788973983,0.011196185145969952,0.0015402999607520577,7.268834273360215,0.13583968174911665,0.016666666666666666,2.4442995972995565,17
51,EmotionalStress,180.0,0.00041524436735297605,0.625,3.814527512839666,0.00015650971997842634,0.0002571586233355413,1.6430840421348183,0.0020085868811502827,0.016666666666666666,1.9384454548712882,0.0011913283895265772,0.000639329009383571,8.188784393716543e-05,0.12808404238706475,0.001232111639676793,0.0625,2.264441218961646,0.10780753078154115,0.016666666666666666,0.9819414999432023,0.0046205017455787,0.001871155593791442,2.4693305895617033,0.12324153437926988,0.016666666666666666,2.450295369238843,17
52,EmotionalStress,210.0,0.0033618827509905433,0.5,2.8636704331488607,0.0024958419479741254,0.0011466258998807496,0.4594144676554803,0.0005384431600110289,0.016666666666666666,0.66124740829128,0.0005061464796933875,2.1995631221115997e-05,1.38252907491589e-06,0.06285471242073971,0.0023163036780010577,0.0625,2.474963219936148,0.22175936689948783,0.016666666666666666,1.120127253251318,0.032126264055007674,0.0030079339584181968,10.680508448364384,0.003170047812682143,0.016666666666666666,2.184072831744144,17
53,EmotionalStress,240.0,0.13966909042726355,0.875,3.104641102363768,0.07615514970035765,0.06841886651071018,0.8984141818368568,0.0029670906157946908,0.016666666666666666,1.621306731272648,0.0020590760420311667,0.0007647961237579469,3.7330769326974044e-05,0.04881139975388917,0.0026680009605011107,0.0625,2.5843139217400877,0.10244968235083315,0.016666666666666666,0.6026308803985825,0.0027651554528690574,0.000679340011357791,4.070355649069404,1.643460219210441e-32,0.016666666666666666,0.0,17
54,EmotionalStress,270.0,0.1034669779406345,0.875,3.319983707894216,0.050253697156806554,0.05665500678408347,1.127379874306619,0.001338810726614114,0.016666666666666666,1.1190884817419644,0.001159940910806533,7.647550309776843e-05,5.424169349786125e-05,0.709268867816628,0.001486019846036698,0.5,2.6965145310753367,0.14965883107262123,0.016666666666666666,2.1148724247941333,0.08403920307723242,0.003988807036098834,21.06875622627891,1.643460219210441e-32,0.016666666666666666,0.0,17
55,Relax,0.0,0.0002469923737548204,3.9375,3.931666350243902,6.522481319700128e-05,0.000186928166015135,2.8659057320800274,0.0006690519861870564,0.016666666666666666,0.40445340099351956,0.0006490014784842154,1.2268789641520345e-05,2.9575778318036306e-06,0.2410651676506476,0.0022628589569672706,0.0625,2.2074138036927042,0.06120095292345644,0.016666666666666666,1.7454012800649503,0.03437525246459946,0.0009656561709717166,35.597817834072835,0.24403613272087601,0.016666666666666666,1.2021074359649206,17
56,Relax,30.0,0.0003825675153907189,0.5625,4.069915730009487,7.467178971466197e-05,0.0003063332045355792,4.1023953718820545,0.00043297996124990867,0.016666666666666666,0.47181915832633203,0.0004129239267552757,1.2419943162014035e-05,2.387811504077497e-06,0.1922562344230798,0.0025561182013151985,0.0625,2.363554312493647,0.05624256288414852,0.016666666666666666,1.596967988347022,0.01815087972711662,0.0009627228454094713,18.853691707499237,0.13975022460741343,0.016666666666666666,1.9587434985164336,17
57,Relax,60.0,0.0026937755664432138,0.5,2.553505518204907,0.002088331211040026,0.0006052871290629209,0.2898424952244415,0.0003450267780627158,0.016666666666666666,0.4679994333095227,0.0003328347254823085,5.9361240349317205e-06,1.2576008550214884e-07,0.021185555551417212,0.0018798183222343396,0.0625,2.2043236074707067,0.03991565673504392,0.016666666666666666,0.9645690808431028,0.007402473916893445,0.00034076417177828026,21.72315791963569,0.32496334095551366,0.03333333333333333,1.5888795347866633,17
58,Relax,90.0,0.2990549465657474,0.5,1.934195739851868,0.312729539807985,0.025931379165478354,0.08291950668107702,9.92896924459235e-05,0.016666666666666666,1.7765032892056183,6.207719661051102e-05,2.759081509352589e-05,7.755792926075138e-07,0.028110053652945593,0.0013754369518463828,0.0625,2.1774067402167403,0.11468812368456331,0.016666666666666666,0.9749364598834022,0.008215952450657909,0.0004976175286851966,16.510576852801126,0.05994553085105796,0.03333333333333333,1.8373691842731683,17
59,Relax,120.0,0.2464899615095686,0.5,2.2452673222884814,0.2324494182797215,0.03478678554194511,0.1496531408828217,0.0001309920137313676,0.016666666666666666,1.0147032564527863,0.0001096102923769044,1.067167583910616e-05,3.1092344319899557e-06,0.29135390531599764,0.0014641109128463998,0.0625,2.5367698251187893,0.10643691731147849,0.03333333333333333,1.731167043051821,0.04055411849822013,0.005312756237120571,7.633348244902691,0.19516802941585926,0.016666666666666666,1.7495657436651069,17
60,Relax,150.0,0.12000801425884518,0.5625,3.792998220510647,0.04186030567753925,0.07975090124708631,1.9051676751103566,0.0022902561279725835,0.016666666666666666,3.305264302823372,0.0005095048685512519,0.0004449530735454429,0.0002833469091364268,0.6368017797442829,0.0015600634904437511,0.0625,2.570877208840878,0.16234975631184403,0.016666666666666666,1.4248441612138314,0.04559511737501805,0.0015176115663058372,30.043997019609876,0.3215894854456897,0.03333333333333333,2.3146288904882946,17
61,Relax,180.0,0.08212535765526892,0.5,3.5240880064101603,0.039794804683402366,0.04449500756263536,1.1181109674146323,0.014715700719259702,0.016666666666666666,3.107538406575076,0.006081888268560186,0.002747486696445749,0.001162975945093229,0.4232871979317308,0.0019756034110952263,0.75,2.6333341773940413,0.2779149177255336,0.016666666666666666,1.1824460962148855,0.0304276949851277,0.0027884975555550317,10.911860017417613,0.0595096961676702,0.016666666666666666,1.801878518092265,17
62,Relax,210.0,0.0021299092971426158,0.5,2.7924328557018105,0.001584541037975021,0.0005894576184631228,0.37200527113922255,0.00023794929566751922,0.016666666666666666,0.8088522583257157,0.00021707205797995562,1.1353026734495795e-05,2.3247966155131722e-06,0.20477328820598606,0.0011163853729308283,0.75,2.53560322923187,0.13056437802780815,0.016666666666666666,1.2133297645915844,0.04154723177227122,0.0016451484263684158,25.254397175569558,0.13210501006127617,0.016666666666666666,1.4643336724938352,17
0,Relax,0.0,0.00011722961632418873,1.4375,4.088225169940245,1.2892970005535323e-05,0.00010361134872151685,8.036266948347318,0.0006709604624257626,0.016666666666666666,3.2033534970620927,0.0002604786731287284,5.408323828952856e-05,3.5100661139510434e-05,0.6490118241737481,0.006558139887884349,0.0625,1.5287367917098162,0.042637569082549946,0.016666666666666666,0.6733697152633144,0.001608461748993503,0.0007017353728419337,2.292120094330502,0.2522154316377985,0.016666666666666666,1.5203357940328477,18
1,Relax,30.0,0.00012227196479100072,1.0,4.090466473235795,1.190422804319472e-05,0.00010958673732753199,9.205698759289087,0.01408947648180373,0.016666666666666666,2.1222383364933495,0.009129675117578454,0.001329506967555399,0.00021420911911219993,0.16111921512233376,0.0036114998600469046,0.0625,1.5006052010827955,0.009052180224425858,0.03333333333333333,1.465178024271088,0.001771218832062683,0.00019531793211753108,9.068388206142105,0.23176557424417218,0.016666666666666666,1.5539280970046978,18
2,Relax,60.0,8.4217586753738e-05,1.9375,4.067955580972262,1.1937911788732045e-05,7.208782675094464e-05,6.038562524727892,0.004365609868411414,0.016666666666666666,3.2267855957373075,0.0012753913617119597,0.00044720782656036256,0.00032832508635820544,0.7341666823755583,0.0038596995274852676,0.0625,1.811639838646372,0.0035828062813131776,0.016666666666666666,1.5362455346446877,0.0008765952980653351,0.0002641591745198509,3.3184359379479402,0.0,0.016666666666666666,0.0,18
3,Relax,90.0,8.400885172429347e-05,1.0,4.048007290710565,1.2197759819503777e-05,7.128994181309975e-05,5.844511030550848,0.0002944157454847186,0.016666666666666666,3.2294953903017745,0.00010079858848195146,2.4972961178933226e-05,1.6934855707105516e-05,0.6781276591817024,0.0038090735184218593,0.0625,1.9119000735079204,0.0016447325028079332,0.016666666666666666,2.4301423564508746,0.0005826730247474983,0.0005557241323552541,1.048493291587015,0.003827244429873996,0.016666666666666666,2.247234859467284,18
4,Relax,120.0,0.00010069382016200426,1.0,4.047433314330552,1.3821518725891248e-05,8.591283399907111e-05,6.2158750932438664,2.0848998498024678e-07,0.016666666666666666,2.4546202357429254,1.2081364574854053e-07,9.96636028132392e-09,9.966412847140967e-09,1.0000052743243837,0.004558635033574033,0.0625,1.9184967599449732,0.00964787070914771,0.016666666666666666,1.1070582440073005,0.0008226487332601743,0.0001793369660703813,4.587167672599767,0.13886105405893848,0.016666666666666666,2.5976779282279217,18
5,Relax,150.0,0.00010204700769850329,3.875,4.085916666314992,1.0261232324381042e-05,9.147061218994177e-05,8.914193665862573,0.0005589385199096347,0.016666666666666666,2.2964125715309174,0.0003432761075538683,4.334390471878834e-05,1.2504220810315524e-05,0.28848856353487007,0.003433201698280271,0.0625,2.02897345211014,0.009008871689431293,0.016666666666666666,1.1452885602485896,0.0005068265657868706,0.0003420174124724201,1.4818735751582255,0.05814207476577098,0.016666666666666666,2.611762670490021,18
6,Relax,180.0,8.457057548531699e-05,2.0625,4.100057805958074,7.847758068154915e-06,7.569924718885213e-05,9.645971057139095,0.00684441178769071,0.016666666666666666,2.952399073520891,0.0027852150925558976,0.00038488191865555555,0.0006223172291034591,1.6169042995766003,0.003528127253113993,0.0625,1.8676447693771203,0.006703797840853081,0.016666666666666666,1.709075246578809,0.0010282457377303184,0.0005006533006896122,2.053807967138112,0.0,0.016666666666666666,0.0,18
7,Relax,210.0,6.605568342563922e-05,1.9375,4.059721118564953,5.806924173667314e-06,5.928809008048292e-05,10.209895687864652,0.01312861770308153,0.016666666666666666,2.274604873782873,0.008303219930129922,0.0006926885619101602,0.00012902330509348523,0.18626452375320035,0.004302818051112444,0.0625,2.0944838095826377,0.003751059510329811,0.016666666666666666,1.9211843875370882,0.0013070468356002076,0.0002955509457337705,4.422407894365471,0.0,0.016666666666666666,0.0,18
8,Relax,240.0,6.0244996985009904e-05,2.0,4.065114071936886,9.520971871770358e-06,5.068010038778747e-05,5.322996545978016,0.0009540896014415624,0.016666666666666666,3.5384565136531188,0.00014857905036625053,3.0175695589566996e-05,9.053152028270374e-05,3.00014692334066,0.0021230289436505235,0.0625,1.6542597966450963,0.0051624043515788535,0.016666666666666666,1.6689648154174406,0.0012716467054488885,0.00019019113620089936,6.6861512626205934,0.0004086791593861124,0.016666666666666666,0.11381800437691086,18
9,PhysicalStress,0.0,0.14413170558695015,0.5625,2.3695795234793358,0.1158499659745875,0.03662544119541004,0.31614546355105605,0.01751584350653197,0.016666666666666666,1.7149113641310583,0.013828237438596526,0.0009804996230148011,0.0004234835468227633,0.4319058741916218,0.0007130639097038225,0.125,2.6610807318266962,0.3995286163963134,0.03333333333333333,1.4151588701803837,0.12301325001858227,0.0015718791554764915,78.25871956504993,0.657999652294845,0.016666666666666666,1.408723067465779,18
10,PhysicalStress,30.0,0.6663901470539548,1.6875,1.9959252771213323,0.6485466432141528,0.04688311122202538,0.07228949792982643,0.023076832167286565,0.016666666666666666,2.8182744533419877,0.010428581415702904,0.005193236091620655,0.0015792085169514113,0.30408949046231154,0.0034657978753575135,0.0625,2.7828468272865705,0.006457368391192799,0.016666666666666666,1.6688768802377865,0.001414744277814763,0.0003656061657359469,3.869585391064053,0.7764103342285495,0.016666666666666666,1.7193680315037114,18
11,PhysicalStress,60.0,0.8919488121186822,0.5,2.347529672489878,0.8347330959012575,0.09824154908362992,0.11769216958812322,0.02226249346406275,0.016666666666666666,3.4027113421843502,0.004037092773386722,0.007379321263624665,0.004379210189878459,0.5934434934368781,0.0033270982823093917,0.5625,2.7093252003578407,0.08317739350978323,0.016666666666666666,0.8591052755308272,0.009044024539571701,0.000993469361205375,9.103476053452317,0.36435088147682654,0.05,2.4909068338322102,18
12,PhysicalStress,90.0,0.11213430617472683,0.5,3.2747071965090884,0.06801700595902596,0.04507702210913966,0.6627316429702074,0.01073523998071528,0.016666666666666666,3.408171986669002,0.003046600997825526,0.0008952002574799014,0.0017998069642390904,2.010507648094034,0.002235785602344966,0.0625,2.626197111237378,0.01762053612692408,0.03333333333333333,1.4259645022045249,0.0030864172005937384,0.0003968988742779991,7.776331455230899,0.6690570080603226,0.03333333333333333,2.152043675069846,18
13,PhysicalStress,120.0,0.02595058771187842,1.3125,3.9046673684034503,0.0032674905600051075,0.02266354070784944,6.936069222435341,0.0055066029508546764,0.7333333333333333,3.7625662224824197,0.00030984275464937007,0.00036134003656787756,0.0007175970312999215,1.9859328020107763,0.0018424611243429807,0.0625,2.5535358897043468,0.02111853279110317,0.03333333333333333,1.5432211361309285,0.008237369119350788,0.0008922419584387939,9.232214469900269,0.4668949303310202,0.016666666666666666,1.8793946868559983,18
14,PhysicalStress,150.0,0.03919355481807166,1.375,3.990748376408153,0.006085535839994498,0.033211630452745194,5.457470192596092,0.004193890981858362,0.016666666666666666,3.59915437370029,0.0005587692662625087,0.0007729811286044259,0.00018097127891907692,0.23412121230670976,0.0014456408275720016,0.0625,2.5688428277700424,0.20771814042356765,0.016666666666666666,1.0758034454950314,0.020493793310486456,0.004341844116091007,4.72006658058861,0.33423136946451315,0.016666666666666666,1.6045412114226987,18
15,PhysicalStress,180.0,0.06268196539417628,1.9375,3.9778809635007986,0.006227262414988581,0.05580602584999764,8.961566436589612,0.0024238595965615744,0.016666666666666666,3.7217477269709245,0.00022953558040055369,0.00019165069834052275,0.00024572156805130875,1.2821323907451332,0.0006229566150036426,0.0625,2.744160158872082,0.37708340531063667,0.016666666666666666,1.2393379237237052,0.0540664982313759,0.0039209608083454845,13.789094274112413,0.17436673051644072,0.016666666666666666,1.424228232780086,18
16,PhysicalStress,210.0,0.16463771814171818,3.9375,4.031099187754091,0.018039862635590962,0.1414971508695649,7.843582499924598,0.0016649334814661811,0.26666666666666666,3.7215624686520963,4.7834109905230285e-05,0.00010928739864446462,0.0001740107923473336,1.5922310760953153,0.0016216922145707866,0.0625,2.6079396489813167,0.03932565470439967,0.016666666666666666,0.9630229570991389,0.0024709334761187475,0.0008792573505489234,2.8102505763257315,0.21926751898933872,0.016666666666666666,1.550848407472381,18
17,PhysicalStress,240.0,0.14716119311079892,3.9375,3.8973626753966095,0.014961642168446981,0.12696053226693813,8.48573511099528,0.004695809359717113,0.2833333333333333,3.7257427107610863,0.00023353039920260947,0.0003714299044414406,0.0004838412883348908,1.3026449474026476,0.0012285083963530228,0.0625,2.596768879827011,0.015170331738194464,0.016666666666666666,0.8736664055454486,0.0008568426935278152,0.00028349144592815034,3.0224640137642043,0.2579826515471752,0.016666666666666666,1.56014352060466,18
18,Relax,0.0,6.903761669853322e-05,1.0,4.098053549522608,8.88923130317918e-06,5.9625690717600926e-05,6.707631816968939,0.012976501947141676,0.016666666666666666,1.591876544943974,0.01013881816864877,0.00015119874295810754,0.00030285259111664776,2.003009980053596,0.0002526823454925188,0.0625,2.7273022317813798,0.0346624088248412,0.016666666666666666,0.5279097894847572,0.0019988627225192178,0.00038540805375540687,5.186354314712283,0.40597792303172064,0.016666666666666666,1.367372032771005,18
19,Relax,30.0,4.557686246348418e-05,1.0,4.076438565438731,5.859563053778968e-06,3.961558317042709e-05,6.760842541813434,0.000941438756424991,0.016666666666666666,3.6522890180446463,0.00019925812718976117,7.728244306469291e-05,2.4535786514842673e-05,0.31748202491869776,0.0011143398768186346,0.25,2.6128936059320607,0.007295823132199325,0.06666666666666667,1.9276505416775074,0.004749456155311053,0.00041045243760534677,11.571270432745468,0.30290350095015883,0.03333333333333333,1.7062637432256964,18
20,Relax,60.0,6.448893029668605e-05,1.0,4.046076699009693,6.417152338139404e-06,5.771146327190397e-05,8.9933135806835,0.00986190636893211,0.016666666666666666,1.9579200007489295,0.0069997072072335,0.00045971714613968597,0.000434045274414129,0.9441572455125341,0.0005204712803630104,0.1875,2.62933883387484,0.004998872563863839,0.03333333333333333,1.7241810722795319,0.0015284417434117679,0.00028499128836442675,5.363117420829034,0.2627317053922784,0.016666666666666666,1.4466265051518037,18
21,Relax,90.0,9.178083133179872e-05,1.0,4.033292329525551,6.495202216407234e-06,8.44160292410026e-05,12.996674534283649,0.006243355292227528,0.016666666666666666,2.9643278577517336,0.00262127562453889,0.00023040095998759462,0.00018203196718362402,0.7900660101130876,0.0019914893615209663,0.1875,2.6683347531748587,0.01568008982599912,0.016666666666666666,1.0637379165354766,0.0013307832134865903,0.00025921077592016016,5.133981057548651,0.25334661296516436,0.016666666666666666,1.5716582219321469,18
22,Relax,120.0,0.00011355090374812012,0.9375,4.005428045830795,5.469950176437846e-06,0.00010792463587643829,19.730460496940253,0.0011689407748972647,0.016666666666666666,3.126819077916817,0.00035355395231111614,0.00013844096311006854,0.00012860474457105167,0.9289500858846488,0.002715017098708047,0.0625,2.443097903356916,0.0024356098573566735,0.016666666666666666,2.103797769521289,0.0009326765112824696,0.0002424173267990624,3.8474003636528713,0.30232422232262024,0.03333333333333333,1.7782973506475523,18
23,Relax,150.0,0.00013151266511428637,2.0,4.012918792473456,8.958113236506031e-06,0.00012203463190367173,13.622805236079978,0.001158668291170718,0.016666666666666666,2.2418009818025824,0.0007025022838672639,0.00011699668822691829,0.00014305475576358205,1.2227248303483893,0.0017188690378662113,0.0625,2.591807132321472,0.0035827008780725555,0.03333333333333333,2.2285881663040747,0.0015185613481319147,0.00031720897545881125,4.787258449845143,0.13337825655844024,0.016666666666666666,1.7528470537263359,18
24,Relax,180.0,0.00013814836298176476,2.0,4.0633347581949,1.3812547939245442e-05,0.00012230766553631212,8.854822880925587,0.0054828714373760575,0.016666666666666666,3.126037285139858,0.001928885709034419,0.0006716481896674129,0.00031730123558186215,0.4724217834026822,0.001107706422656121,0.0625,2.4810831503371116,0.011873901887053515,0.016666666666666666,1.8439907792836554,0.003955705420080264,0.0004980928969509043,7.94170212885041,0.017966288305099495,0.016666666666666666,0.9896382227864899,18
25,Relax,210.0,9.516963341056172e-05,1.0,3.960911583098211,9.97805588637263e-06,8.296864917842033e-05,8.31511169342451,0.0012190722759434056,0.016666666666666666,3.537939342391427,0.0003078906850813838,5.9767614791317246e-05,7.52910756758657e-05,1.2597303060988747,0.0014364203247782424,0.0625,2.362869313748937,0.001956049070841356,0.05,2.3083688848897053,0.0013853103457930108,0.00026734074853213447,5.181815168092476,1.643460219210441e-32,0.016666666666666666,0.0,18
26,Relax,240.0,8.928623907702392e-05,1.0,4.018127378941889,9.528266957369074e-06,7.873922060003883e-05,8.263750475540848,0.0008821986483990409,0.6333333333333333,3.7044029125973723,5.1636952594155126e-05,4.331209883873101e-05,2.261313046826531e-05,0.5220973140198866,0.0014115926930788618,0.0625,2.6671143029715054,0.0028701313894553297,0.016666666666666666,2.054501631883969,0.0011272214551795925,0.00045542025718600275,2.4751236630196987,1.643460219210441e-32,0.016666666666666666,0.0,18
27,CognitiveStress,0.0,0.515783359136197,0.5,1.5664141178407895,0.5484162834671861,0.019599265341561534,0.03573793472661217,0.779704291194305,0.016666666666666666,1.8913851295399933,0.5537322772897835,0.13375813532004593,0.03694585441934657,0.27621388658675183,0.0023106510486552343,0.25,2.668349453651974,0.10219274537596,0.016666666666666666,1.4578971431781333,0.026956502755165306,0.001264111532191689,21.32446549904399,0.2103033121937741,0.03333333333333333,2.171854889305347,18
28,CognitiveStress,30.0,0.005026579744052378,0.5625,2.508887580417153,0.003980199760577564,0.0011373332066709424,0.2857477702340007,0.16785089481311524,0.016666666666666666,2.057593535388205,0.11691453063807676,0.022226932237797255,0.005498859761131558,0.24739625344160895,0.004309574913694516,0.5,2.708079907022303,0.05176565228263726,0.03333333333333333,1.8815866660931193,0.022852640806784202,0.0017276811837569654,13.227348321922168,0.13668307988750122,0.016666666666666666,2.0744638113329334,18
29,CognitiveStress,60.0,0.0038440974275232042,0.5,2.535738170813478,0.0031344505557979055,0.0009621640742552102,0.30696418945753057,0.012046282047762315,0.016666666666666666,1.6665838616060018,0.008812074353768087,0.0010419139767917193,0.0007954194660129365,0.7634214375952674,0.002345318863948368,0.5625,2.7577345343471045,0.0674449150180589,0.016666666666666666,1.9637538286273521,0.030886890235282332,0.0029259755169272895,10.556100027698855,0.0757849662506973,0.016666666666666666,1.7565991388850983,18
30,CognitiveStress,90.0,0.002340108486673096,0.625,2.735395706421565,0.0017750422351539407,0.0006700425563743882,0.37747978222967676,0.07159784611438483,0.016666666666666666,0.875087509270367,0.06580225095784181,0.0038083922117114464,0.00040006125805299483,0.10504728394904789,0.0007724297199507716,0.1875,2.730775387954468,0.05302911971376176,0.06666666666666667,2.1888020772702173,0.04041335404474778,0.0024732215751646974,16.340369358963144,0.2242019600480219,0.05,2.075124908398255,18
31,CognitiveStress,120.0,0.003717799717716302,2.0,2.4976695866364365,0.0026326310063759526,0.0011257794604496122,0.42762523791716117,0.20282022110302814,0.03333333333333333,1.5313022255727176,0.14981618388858733,0.047336605281891334,0.0026920486143592113,0.0568703353003021,0.0004259071342755724,0.125,2.7091206877370464,0.07922688554242988,0.08333333333333333,2.172807920205643,0.06086246007821463,0.0037207343830376154,16.357647123556934,0.19763218922527723,0.03333333333333333,2.01606374708769,18
32,CognitiveStress,150.0,0.4244612160701901,0.5625,1.6094597879333936,0.4086753341384574,0.016100142516131052,0.03939592427341454,0.2715756489486705,0.016666666666666666,1.9553937008181845,0.17333209634376734,0.0638648455153311,0.0047755701734156115,0.07477619549348491,0.00017513536504279548,0.5,2.758341526186198,0.023793831034727545,0.016666666666666666,2.0433667396359145,0.009292786578570368,0.0012521838009208947,7.421264012308868,0.0,0.016666666666666666,0.0,18
33,CognitiveStress,180.0,0.34789964346274005,0.5625,1.69643222684509,0.34840492177145277,0.01986926025604173,0.0570292180575899,0.585179327189199,0.25,3.783429680072565,0.0039303383863991855,0.08407170032761678,0.11881119351130248,1.413212686888814,0.0023234699399212193,0.5,2.7388234452015165,0.09002295926485986,0.016666666666666666,0.9302491508982553,0.0050353811268548645,0.0006795349176178836,7.410040303015544,0.06441348628241686,0.016666666666666666,1.5745586313198052,18
34,CognitiveStress,210.0,0.03542134362800706,0.6875,3.5403887960960043,0.01763969794301949,0.018645354371784238,1.0570109778530936,0.2863203911763587,0.03333333333333333,2.261410783059661,0.15002271833619724,0.07006827737339799,0.039283197504037554,0.5606416908852357,0.0034786787393284776,0.0625,2.7369187450408443,0.2514740953153417,0.016666666666666666,1.1984736580307818,0.03821252125181483,0.0017281771405430796,22.11146088867172,0.24725102482742153,0.03333333333333333,1.8669974040042483,18
35,CognitiveStress,240.0,0.16810908415050801,0.5,2.6365198694693417,0.1294087235185619,0.03975993222886147,0.3072430601879668,0.9574086475189473,0.016666666666666666,2.575523722695913,0.46416761096629544,0.17271129102698385,0.10342832150214129,0.5988509546025106,0.003646705450502088,0.625,2.6626845100846186,0.023914109760693122,0.016666666666666666,1.6498211305782378,0.005705518432843105,0.001208792679458135,4.720014051872581,0.1022669947122269,0.016666666666666666,2.3527073311026423,18
36,CognitiveStress,270.0,0.18012665857079285,0.5,2.400689618566184,0.134564514270466,0.04733114903665999,0.35173574023778237,0.23352070321936486,0.016666666666666666,3.2381056630965914,0.04974461264586698,0.06384801780966341,0.03781121207702088,0.592206514378245,0.0020865494159771035,0.25,2.578654532369575,0.028949774790535072,0.016666666666666666,1.1531956053454,0.002824088520133043,0.000638669226472705,4.421832778338408,0.4352120777062272,0.03333333333333333,2.2271607981551242,18
37,Relax,0.0,0.022442325602816986,1.0625,1.0013091096963813,0.03432390168609976,0.0012255978808677907,0.03570683461560328,0.014290437293345247,0.016666666666666666,3.168331757245681,0.005420447235253466,0.0014840931433708095,0.001067675346482573,0.7194126266614036,0.0003998408728833043,0.125,2.7088128442185737,0.22369320084819788,0.016666666666666666,0.753501168390454,0.006464507105846728,0.001906086577622126,3.3915075955843017,0.3764978750600507,0.016666666666666666,1.2437011081053553,18
38,Relax,30.0,0.00010276133125970826,0.9375,4.061625628787455,1.2953001539443712e-05,8.974287250659898e-05,6.928345699127673,0.013016407078719901,0.016666666666666666,3.2321742220476373,0.004662308266550455,0.0008603495278362193,0.0007691628835143129,0.8940120946526919,0.0003537457814053211,0.0625,2.7178732212304104,0.005277879213387189,0.016666666666666666,1.196466062533652,0.0004548979823316333,0.0003722679761283648,1.2219637774450312,0.12283978743955404,0.05,2.767965381792514,18
39,Relax,60.0,7.628509042935478e-05,1.0,4.088629709035475,8.682100867768788e-06,6.671548589453157e-05,7.684256024046491,0.02016007928941207,0.016666666666666666,1.284457120613939,0.01703476073777289,0.00017635431728247586,0.0002499186909482818,1.4171396243618695,0.0012329958428638596,0.5,2.5551604341893412,0.008161092534297379,0.016666666666666666,1.2485480943426666,0.0010818922872250544,0.00027764619448000707,3.896658080444031,0.24962803398232755,0.016666666666666666,1.5278856111990073,18
40,Relax,90.0,0.00028413564702096385,3.5,3.666675702219969,0.00011839645325787974,0.00016356702605258217,1.381519644818382,0.004318689060725233,0.016666666666666666,2.991923887012886,0.0019133620254361144,0.00026003055140536935,0.00027921729840806606,1.0737865104657873,0.0018427681021639674,0.0625,2.536780482241272,0.005024478175040579,0.06666666666666667,2.212516571994683,0.003058628081685435,0.00043106040928734467,7.0955903529673385,0.7225839624268374,0.016666666666666666,1.0752449482407638,18
41,Relax,120.0,0.0002029758530002362,3.75,3.7412391912452048,6.99082740423866e-05,0.00013581698509776172,1.9427884175114025,0.015800790551936124,0.016666666666666666,2.0298042148146447,0.010876610920725865,0.0002922402522593889,0.00021657247873731354,0.7410768265594242,0.000609001558601603,0.5625,2.4983345968846598,0.01584877891104956,0.08333333333333333,1.8197865010555874,0.014247751843039448,0.0005933175226848724,24.01370480104096,0.19425945073884096,0.05,2.3441628666877916,18
42,Relax,150.0,0.00011388334409066821,0.9375,4.071683191029745,1.2514198284318244e-05,0.00010121944141292155,8.088368037108806,0.003719314612427704,0.2,3.705130859725086,0.00023378452897783347,0.000389034647005556,0.000626004461090698,1.6091226473249247,0.002687883234184459,0.5,2.5953979764907187,0.012785370611670663,0.016666666666666666,1.6267002119756895,0.002535644669432523,0.0006048522275462035,4.192172160329574,0.962771430571939,0.016666666666666666,1.3835015035253426,18
43,Relax,180.0,9.675608801561225e-05,2.9375,4.103027049600909,1.4191661644301705e-05,8.239973876709593e-05,5.80620795734525,0.005767663339011299,0.016666666666666666,3.3435697560417252,0.001678973677762729,0.00021188439632985334,0.0005116032246382824,2.414539406865235,0.0017056622900823498,0.3125,2.5571054164062703,0.009259364524722032,0.016666666666666666,1.3178672680661911,0.0009448461805835288,0.0004077212674259752,2.3173826240375663,0.93858620238233,0.016666666666666666,1.214162031559008,18
44,Relax,210.0,8.98417528875657e-05,2.9375,4.09201235910583,9.633253939620848e-06,7.986109045733685e-05,8.290146917945783,0.00789101416598518,0.15,3.7567371909979217,0.00030336383904294023,0.0012736798980628123,0.0010501254881125457,0.8244814805585933,0.0016948996206986619,0.0625,2.635419569148014,0.011239556710315023,0.016666666666666666,1.2566914266909075,0.001495650983122535,0.00017593284114111372,8.501260898315685,0.4382935505410147,0.016666666666666666,1.5917897347516767,18
45,Relax,240.0,8.773707554400683e-05,3.9375,4.059446465673897,1.0761102590022002e-05,7.665097859740672e-05,7.122966996753629,0.0042044729828739835,0.8333333333333334,3.7463963427000286,0.00033178561575298795,0.00036686795142059085,0.000707657345585367,1.9289156843631803,0.0009856586568117553,0.0625,2.5731113663530465,0.0017907792749661268,0.016666666666666666,2.005965296581553,0.000520499509973071,0.0002402884481768783,2.16614453970724,0.19963166230713164,0.016666666666666666,1.7507832141836754,18
46,EmotionalStress,0.0,0.5078998284567309,0.5625,3.104248674400048,0.33158194247391065,0.21162617579247878,0.6382319079668515,0.04521033791642998,0.05,3.300738520664474,0.009350039732200045,0.013244374812846337,0.0029130542036255812,0.21994652407451307,0.003037454011373504,0.375,2.724717727233921,0.08990801781046354,0.016666666666666666,0.5855682207243214,0.0021634565226981094,0.0007458600371575352,2.9006199754889934,0.7124475886104467,0.016666666666666666,1.5293927537681509,18
47,EmotionalStress,30.0,0.11435697835797591,0.625,2.426044225750712,0.09744669714776337,0.02863234080596899,0.29382566720093467,0.11528905200618844,0.05,3.59927656359436,0.016388479755736915,0.03427931277923526,0.01884010785522631,0.5496057630023066,0.0012312122789387594,0.75,2.720948753773306,0.1657787957418808,0.016666666666666666,0.5243560699161567,0.0069328598874461075,0.001189269047749052,5.829513431437603,0.480681909001241,0.016666666666666666,1.5696230783362528,18
48,EmotionalStress,60.0,0.10908850125791807,0.5,2.363159270853549,0.09359362873148155,0.016557428421930507,0.1769076447439972,0.027273940348653953,0.016666666666666666,2.661179507836694,0.014438494521005698,0.002035042869214164,0.0016613698961568627,0.8163807855302841,0.0006957342174083358,0.125,2.7434885797076762,0.09211697117791859,0.016666666666666666,1.236827506521931,0.012677054922886013,0.0009863550759680573,12.852425289588668,0.26287410056076155,0.016666666666666666,1.7581423505818532,18
49,EmotionalStress,90.0,0.005497555714793954,0.5,1.5809948316133897,0.00513033378977121,0.00040996116877948195,0.07990925845738478,0.0006809048182272164,0.5666666666666667,3.790818789093591,4.1074437862971616e-05,7.08627170827893e-05,6.161081201511041e-05,0.8694390301620831,0.000372074154233384,0.25,2.665569797551113,0.007070504504068794,0.016666666666666666,1.7420840968701272,0.0017817000417638677,0.00047577900799470035,3.7448059116212917,0.1914192279248879,0.03333333333333333,2.492072460694005,18
50,EmotionalStress,120.0,0.00011763208436522283,0.5625,4.0969265770637815,1.5533538648210493e-05,0.00010189313545265825,6.55955721102845,9.32439933029645e-05,0.15,3.813743136725145,7.184474351563365e-06,9.018988596049738e-06,1.1428099014600999e-05,1.2671153636458123,0.004592233343520772,0.0625,2.5522077059546873,0.024619359894538676,0.016666666666666666,1.4091850374773325,0.004664431479425635,0.00040201819990353727,11.60253809540177,0.28994443390279334,0.016666666666666666,1.446168429851922,18
51,EmotionalStress,150.0,0.0002713359940392427,3.375,3.1500767529790137,0.00016798946230091143,0.00011099562114401512,0.6607296649666871,0.00026130123129996185,0.43333333333333335,3.767966799535093,1.985827073557085e-05,2.4175517430433242e-05,2.8521671773050195e-05,1.1797750288126538,0.004200211211007712,0.0625,2.5768445413864915,0.0281268878119317,0.016666666666666666,1.0295492431859863,0.0031870658818451717,0.0005345117328986636,5.9625742255678365,0.10514312309212964,0.016666666666666666,1.4728358843290554,18
52,EmotionalStress,180.0,8.007452532726885e-05,1.375,4.017195006070542,7.500730995628402e-06,7.239513718206439e-05,9.651744239895809,0.00011617784904188561,0.6,3.813672524086909,3.5038073274114524e-06,1.3932374360396532e-05,1.1443290002746694e-05,0.8213452859316511,0.0001944471227989969,0.6875,2.5913563448576435,0.01902983287847429,0.016666666666666666,0.991989735342086,0.0006927708668564039,0.0004992864384679596,1.3875218982156687,0.0,0.016666666666666666,0.0,18
53,EmotionalStress,210.0,0.0019343146045231884,0.5,2.0277757411043713,0.0019188959617850111,0.00021128312852926938,0.1101066096010374,0.001201527076979916,0.016666666666666666,3.6738528144615064,0.00013189327790126892,0.0001323908239560778,9.11014172735039e-05,0.6881248605547455,0.0005932464717845726,0.375,2.5864368386466143,0.010221848585165543,0.016666666666666666,1.571916052591652,0.002351619323685229,0.0008786051867707839,2.6765370374472126,0.13483882783740725,0.016666666666666666,1.6859861974374621,18
54,EmotionalStress,240.0,0.005219244289289146,3.8125,2.4950028931585893,0.00480868064539143,0.0007327308905074447,0.15237670050093333,0.0010888629724924279,0.2,3.661430237659013,3.739457494786243e-05,0.00012551578140908445,0.00024039482367783533,1.915255762893544,0.0012018864435850117,0.25,2.681696349732064,0.012220649799420199,0.03333333333333333,1.4547192766049992,0.0028129111256813485,0.0003803625441685329,7.39534207247018,0.43476477653311535,0.016666666666666666,1.7555640610151018,18
55,EmotionalStress,270.0,3.8529713709047886e-05,2.3125,4.036947418598949,5.356632018083158e-06,3.331584812927558e-05,6.219551392891363,0.0010609648540221587,0.65,3.7695746714787735,1.361362027271927e-05,0.0002308895633815962,8.481676663686045e-05,0.3673477717859509,0.003892383573851584,0.3125,2.6967983812460004,0.02271778125840209,0.016666666666666666,1.1678243291160373,0.002070304069327558,0.0004709340268764055,4.3961658134142425,0.2298267993412568,0.03333333333333333,2.1907393468173932,18
56,Relax,0.0,0.0034823381706207313,0.6875,1.836986119991003,0.004490865844835502,0.000641075755398275,0.14275103678180734,0.006740068718317905,0.016666666666666666,2.790090735074004,0.0030018848471936865,0.0007447578264409567,0.0005630104600845578,0.7559644760969725,0.0008713292326650508,0.375,2.6908323364867752,0.09451276725793677,0.016666666666666666,1.2702809264372965,0.014266513122302404,0.0009639591186120963,14.799915107233241,0.2689602474342933,0.03333333333333333,1.886499836513606,18
57,Relax,30.0,0.00026210120309724084,1.8125,3.4679006740498877,0.00012643639275132507,0.00014099591556978764,1.1151529437184926,0.007787918055941771,0.016666666666666666,2.2486987584883993,0.005125773102926638,0.0004914969529848831,0.0001930004414625493,0.392678815790106,0.0023409406551430515,0.0625,2.272313365841079,0.023189738602351042,0.016666666666666666,1.8875719087223555,0.01032324610649465,0.0008381508341772404,12.316692515886269,0.22658709092026114,0.03333333333333333,1.8686737447541653,18
58,Relax,60.0,7.766507598342971e-05,3.0625,4.071124308901084,9.197549744252867e-06,6.772269901409182e-05,7.3631239729264495,0.00014252188512585447,0.016666666666666666,3.4415879987584894,4.158035552235046e-05,9.050923487731581e-06,2.020576181895827e-05,2.2324530581157758,0.002286228659558578,0.0625,2.0934830702161276,0.0020085311767579794,0.016666666666666666,2.5703561246652704,0.0009764305581994527,0.00040204646927879,2.4286509963662164,0.04875272194276198,0.016666666666666666,1.6329464919269474,18
59,Relax,90.0,8.915129930828168e-05,3.0,4.0706627797981625,1.0360642247229031e-05,7.8580572271805e-05,7.584527136126285,0.00011574346668634454,0.13333333333333333,3.8459963357206117,9.920217507774599e-07,1.582282501082349e-05,8.954862637723565e-06,0.5659458808144597,0.0024579358307589057,0.0625,2.380079721681833,0.0007499716213621509,0.016666666666666666,2.727324540406591,0.00015865683178963833,0.00025581040852228206,0.6202125734685213,0.08569523239164432,0.016666666666666666,1.4911468497431497,18
60,Relax,120.0,0.0004962205803951826,0.5,3.745505068022508,0.00017913770694054777,0.0003179061135363221,1.774646549661534,0.0013173098768052634,0.016666666666666666,3.2254357435047116,0.0004200197495416659,4.868067210014081e-05,0.00010849008517261431,2.228606970533188,0.0023466595225850543,0.0625,2.235075530336833,0.006863098177786957,0.016666666666666666,1.237280988085803,0.0010047185744093041,0.0001318359553322805,7.620975415067935,0.0437703269670803,0.016666666666666666,1.4638283764590685,18
61,Relax,150.0,0.0005317301427410283,0.5,2.928367246750067,0.00042950508004421204,0.00016367975851805426,0.38108922600218265,0.006305283383788425,0.016666666666666666,3.170691968064341,0.0019475231606496672,0.0005225291862193441,0.0006094509448822991,1.1663481408413952,0.001841758697054019,0.0625,2.2748731411809766,0.013555360618170528,0.06666666666666667,2.0322086287496135,0.010324571171265309,0.0006338880374237201,16.287688931987034,0.24491227288258607,0.03333333333333333,2.1915412383496125,18
62,Relax,180.0,0.000188433156054675,0.5625,3.760518008475994,5.0437739645770675e-05,0.00013784254878267794,2.73292478510655,0.005527520217192601,0.016666666666666666,3.145707929499696,0.0018152680413287888,0.00046409915894449894,0.0003499763454752082,0.7540982109753435,0.002616148110338761,0.0625,2.529714464547059,0.0030090332163694405,0.016666666666666666,2.223996213300441,0.0013771264053884136,0.0003051855071743611,4.512423994634918,0.0043467917551621785,0.016666666666666666,2.8351709779510927,18
63,Relax,210.0,0.0001704270831824457,0.5,3.886144434000533,4.421169708501517e-05,0.00012586274448910174,2.8468200224723073,0.0032908597902687664,0.016666666666666666,3.377897767524177,0.0007987943172058904,0.0003341183529796837,0.000242201476151018,0.7248972526981936,0.0008804485315762171,0.0625,2.3957225931316053,0.005537825389504257,0.016666666666666666,2.1224986520337743,0.0016547894948479613,0.0004982036717985278,3.32151204119819,0.2412365234470705,0.016666666666666666,2.214996626775486,18
64,Relax,240.0,0.0005679030303596461,0.5,3.159337792748766,0.00038413313144613354,0.00018623165737304497,0.48481019242455003,0.0015675906313017236,0.08333333333333333,3.695983119166259,8.356466184874832e-05,0.000383135043387702,5.28698682838484e-05,0.13799277616677919,0.0013214370601638992,0.0625,2.6684371019188693,0.04859117537988254,0.016666666666666666,1.2411166247021546,0.007678331076900139,0.0010316655902629748,7.442655012796258,0.008339698733892573,0.016666666666666666,2.7520521148064327,18
0,Relax,0.0,0.0002760657040782447,0.75,3.976078191187585,6.975102202955603e-05,0.0002085700901125777,2.990208373207765,0.0004790612448623136,0.45,3.773602231080652,1.4462904699414033e-05,3.444436818746054e-05,4.147464527109707e-05,1.204105270428386,0.002074148502499809,0.0625,1.3453561830148566,0.006249810007001578,0.05,1.783799780122543,0.0038072415902342034,0.00039953743335522057,9.529123612428231,4.0123540508067405e-36,0.016666666666666666,0.0,19
1,Relax,30.0,0.00017066095970055,1.8125,3.9633975152535,5.23082083575769e-05,0.00012405256012895655,2.3715696641899493,0.0008813039069074237,0.03333333333333333,3.7800301049981777,9.373456726574494e-05,0.00011084406111201185,5.4311974205636994e-05,0.489985423312421,0.001170338892735356,0.0625,1.5322488573102697,0.00494235634176865,0.016666666666666666,1.4879241697471108,0.0007211685888029106,0.00036993898091299985,1.9494257864447946,0.2088705765260829,0.05,2.867701039497444,19
2,Relax,60.0,0.00015268546057951648,1.3125,4.008342822207332,3.062940898432542e-05,0.0001230891308334316,4.0186583716461,0.001473604470402661,0.016666666666666666,3.081490162911044,0.0005771275429450846,4.668205762187833e-05,0.00012618222251296554,2.7030132976363945,0.0010535167473277754,0.0625,1.5676974459196504,0.001798090635311222,0.016666666666666666,2.1138958234357395,0.0006718379009050003,0.00021573175659759256,3.1142281113400885,0.1525943765497429,0.016666666666666666,2.86910522040727,19
3,Relax,90.0,0.0002518622951538172,0.5,3.8763720936115904,8.452071340432133e-05,0.00016736954786508135,1.9802192991963572,0.0004008494813535255,0.016666666666666666,3.493534618215924,9.25801960099371e-05,3.4521056315745914e-05,3.692045987557984e-05,1.0695055081133047,0.0011067030746454373,0.0625,1.7984581554636914,0.006308893753984322,0.016666666666666666,1.8794777001512504,0.0018215218440479084,0.00042195835867132046,4.316828441990319,0.17097721691895182,0.03333333333333333,2.45103020549461,19
4,Relax,120.0,0.00025415431287821333,0.5,3.9507981552703875,7.667940623981649e-05,0.00017804355219329103,2.3219213726884633,7.302255393797781e-05,0.016666666666666666,3.5402170490306593,1.62486836774779e-05,7.483334851976242e-06,4.724979483912812e-06,0.6314002483351405,0.000906139191619404,0.0625,1.792470735328193,0.008254972510570283,0.016666666666666666,1.7874162606546993,0.0013933377836586828,0.00085789463813109,1.6241362537176445,4.0123540508067405e-36,0.016666666666666666,0.0,19
5,Relax,150.0,0.00015471060076282947,2.4375,4.055493492059819,1.8216160777373612e-05,0.0001359154083473242,7.461254322927663,5.372271049890282e-07,0.016666666666666666,4.078779146994561,5.0071559615685586e-08,5.636187503646643e-08,5.636057812273078e-08,0.9999769895211114,0.0011087921602359213,0.0625,1.5653825994109982,0.008019600058394858,0.016666666666666666,0.981725962778651,0.0007181328242010834,0.0002726120418236108,2.634266701489803,4.0123540508067405e-36,0.016666666666666666,0.0,19
6,Relax,180.0,0.00015959053158861252,0.5,4.062728256574215,2.0241604588444187e-05,0.00013812928893354974,6.824028615419498,3.3656895506091643e-06,0.016666666666666666,4.049065408568773,1.8778686894633505e-07,3.6677321260268686e-07,3.60165967138444e-07,0.9819854743007084,0.0009698139895032554,0.0625,1.811695417451938,0.004971879328466507,0.016666666666666666,1.870560003991085,0.0014750979532245536,0.0003163599819711192,4.6627198042994475,0.3571312992182982,0.03333333333333333,2.088570599230786,19
7,Relax,210.0,0.00010007626447994,2.875,4.100507169947344,1.1582399409705725e-05,8.789871008482317e-05,7.58898972273107,5.637762244312096e-05,0.016666666666666666,3.571898766568012,8.9290987189326e-06,6.190032779095976e-06,4.751853037075277e-06,0.7676620151548311,0.0003871258312848784,0.0625,1.7820991588908055,0.023492614247391682,0.03333333333333333,1.6796804896746373,0.00994740714171489,0.0005121552341647664,19.42264078963741,0.027684283036046926,0.03333333333333333,2.244951323220182,19
8,Relax,240.0,3.636235344502984e-05,2.625,4.075702900911452,3.7471084864843044e-06,3.2394982750985125e-05,8.645328222503498,0.00025659024296483,0.016666666666666666,3.5654722830972583,2.3876233450845626e-05,6.090584510606308e-05,2.102826553500679e-05,0.34525857901466767,0.00038433850774955813,0.0625,2.288262033593477,0.011056721944600036,0.016666666666666666,1.5682019424328917,0.002623318007240528,0.0007158435892544364,3.6646525115532,0.32874859202736584,0.03333333333333333,2.5618007487623586,19
9,PhysicalStress,0.0,0.40901575381560173,0.5,2.097415111417205,0.32940711110582216,0.08457698807146427,0.25675519811196146,0.0074351148111681436,0.016666666666666666,2.330936899974857,0.004405994554235797,0.0013183396887387906,0.0004626129828909781,0.3509057542927678,0.0005720906406048553,0.0625,2.548574036141047,0.8781161386313401,0.03333333333333333,1.19863194409688,0.19394518452913367,0.004975248415886888,38.98201020673276,2.1346945818636436,0.016666666666666666,0.9788773459756739,19
10,PhysicalStress,30.0,0.08659872706110118,0.875,2.9678618692098477,0.055961242295605874,0.031387895954017746,0.5608863325123565,0.005278277030498269,0.016666666666666666,1.460946036506954,0.004229589385213508,0.0008335165342921304,0.00012663095255511603,0.15192374397546682,0.00047546458024338826,0.0625,2.2430415263535366,0.04756871503974901,0.016666666666666666,1.3732808486371726,0.014697328457131233,0.0008434618804353837,17.42500615385804,0.21990379536777038,0.03333333333333333,3.007832875854891,19
11,PhysicalStress,60.0,0.29709842045559587,2.5625,2.985471968505646,0.19256719344816328,0.1203025934993536,0.6247304711938775,0.0010374289250898799,0.08333333333333333,3.5374367725471583,2.0020348827590732e-05,0.00035830405102859204,0.00014248776306795708,0.3976727660737132,0.0006736013746951465,0.0625,2.5535562531807123,0.07512611161943508,0.016666666666666666,1.1739951794155754,0.0099814397815742,0.0006775827567993721,14.730953055420859,0.1688212084133631,0.016666666666666666,1.7346706423174632,19
12,PhysicalStress,90.0,0.3235233407702084,2.5625,3.2227923458950842,0.18799185026037427,0.1541496648920966,0.8199805719162547,0.001352031854562847,0.016666666666666666,3.118219746911006,0.0005209693160293042,0.00022524539197804483,0.00011386334010354256,0.5055079666830257,0.0004439463803845768,0.0625,2.5693521798389307,0.07664888627376235,0.016666666666666666,0.8409360350191804,0.005833590945877616,0.0007102197968829525,8.213782509978413,0.3500679998487864,0.016666666666666666,1.313307235724968,19
13,PhysicalStress,120.0,0.26425954988474587,0.5,2.731599269476042,0.22253639373636064,0.08893206611322094,0.3996293128510879,0.00012824398529122995,0.1,3.6667085315343266,8.528779068650817e-06,3.548890560523792e-05,1.469877954940298e-05,0.4141795667892768,0.0002221267751130848,0.125,2.484804959604133,0.04390274753117689,0.016666666666666666,1.394098885177441,0.007606377952957829,0.001095865874032096,6.940975290133957,0.153693132263715,0.016666666666666666,1.472835884329055,19
14,PhysicalStress,150.0,0.9481244127122221,0.5,2.3139304799612406,0.8715292299615907,0.14957879954713715,0.1716279780469661,0.0002213310565918186,0.06666666666666667,3.440703468927082,1.9006666193217945e-05,7.082593754032771e-05,3.975016423515515e-05,0.5612373886688296,0.0003932498381296234,0.1875,2.6913726841489187,0.12269722402097115,0.016666666666666666,0.9735554377602706,0.024788930154614454,0.003479158329062011,7.124979035173029,1.643460219210441e-32,0.016666666666666666,0.0,19
15,PhysicalStress,180.0,0.6377312171999756,1.8125,2.8736189870243454,0.4258345898109567,0.2217552380452421,0.5207544040602414,0.001079453506718311,0.016666666666666666,1.8797859663322847,0.0007703738581691049,0.00011970865404252748,2.9631069525442398e-05,0.24752654486379672,0.0002742949966589505,0.625,2.7754333411027265,0.17473793819505593,0.03333333333333333,2.1146991914064057,0.09164787399624236,0.010943386169010595,8.37472721704459,1.643460219210441e-32,0.016666666666666666,0.0,19
16,PhysicalStress,210.0,0.2862388862348713,1.8125,3.1250722910469086,0.07802795147463086,0.21557977455406727,2.7628531888878114,0.00873585206402836,0.016666666666666666,1.9225032779718385,0.0064917942818877635,0.0010528897676696147,0.00034264120617869773,0.3254293247972895,0.00036031687647697223,0.375,2.7336157677887587,0.010928430125198979,0.016666666666666666,1.0181268381649207,0.0010178693474066456,0.00036188195043998435,2.8127110129949746,0.023004176859197544,0.016666666666666666,1.0971123245748848,19
17,PhysicalStress,240.0,0.37230577992897224,1.8125,2.858785294861642,0.19215513726839012,0.18136038404048282,0.9438227185525107,0.04587465075378301,0.016666666666666666,0.6640955226840203,0.04367818668735829,0.0018887880515091075,4.683802485320216e-05,0.024797925217590944,7.220950487647837e-05,0.0625,2.694697182712579,0.0397329819707156,0.016666666666666666,0.8878494603097737,0.0021427248405324812,0.0008948497168243634,2.39450803888788,0.2718406917596514,0.016666666666666666,1.363375909241559,19
18,Relax,0.0,0.014275636251114006,0.5,3.087116297980833,0.009471914309761797,0.0047554610321637325,0.5020591272941239,0.03313930818442179,0.016666666666666666,0.7321898902318709,0.02940964593831035,0.0032968353179105045,0.00017343071056812867,0.05260520888803358,0.0007624618504700916,0.5,2.723386110001183,0.18005058298487614,0.016666666666666666,0.7937539593031814,0.00686362532466552,0.0008992909059626896,7.632263685929326,0.5780380369239893,0.016666666666666666,1.1355673902930292,19
19,Relax,30.0,0.0002998444915128949,3.9375,3.759328774163417,0.00010413587874922007,0.000205570328581459,1.9740586150572876,0.16854307881835312,0.016666666666666666,0.29386303661142565,0.16699428892106769,0.0008654300196858053,0.00010769847708503535,0.12444504423839528,0.0006468456000658282,0.5,2.730143622634574,0.02431021224045277,0.03333333333333333,1.5099448145612122,0.0058156406290012464,0.0005416300427193236,10.737293300428963,0.09719961143001571,0.016666666666666666,1.0818770631147776,19
20,Relax,60.0,0.00012212643214861148,0.625,4.073966009532272,2.1870382098294423e-05,0.00010002845648520055,4.573694964981948,0.06426900822747825,0.016666666666666666,0.31402757135381604,0.06297428792341613,0.000779549795898515,0.0002686452239683975,0.3446158608235603,0.0007903935077597303,0.375,2.683802171468029,0.0007925597378505278,0.016666666666666666,3.0369396409036598,0.00019883402304587822,0.00037387190039085336,0.5318239290998148,0.42187529211625197,0.016666666666666666,2.1458667852367395,19
21,Relax,90.0,5.7836954797778194e-05,0.625,4.080461740507577,8.456657756729036e-06,4.9202922798842705e-05,5.818246902529728,0.01064964128071985,0.016666666666666666,0.4845188802431626,0.009789910146979138,0.0006712193286050052,4.5614804031624477e-05,0.06795812052436824,0.00021137501329233967,0.375,2.715053530715046,0.003093081271252826,0.05,1.9577885960100416,0.001940819040737691,0.00029484786724530193,6.5824421891544675,0.10983757273365233,0.016666666666666666,1.4134812859611585,19
22,Relax,120.0,0.00012287143587377,0.5625,3.796343721590586,3.785893914732402e-05,8.738707251891117e-05,2.3082282411256614,0.004253658297633021,0.016666666666666666,0.7964788954032072,0.0036444446031587783,0.0004805287618848828,5.455850328541274e-06,0.011353847597260573,9.73496207054609e-05,0.125,2.709089962814014,0.005979924597390385,0.03333333333333333,1.651845521075606,0.0016511776721618015,0.00032015871592539847,5.157372234546784,0.17338883460007545,0.03333333333333333,2.621953225391886,19
23,Relax,150.0,8.325273161741121e-05,1.0,4.06536426894705,9.899707616119842e-06,7.321156563818413e-05,7.395326051748503,0.0007034689948957184,0.016666666666666666,1.2762213144907948,0.000596668787317082,3.97494780063584e-06,5.896714029833692e-06,1.4834695511952238,0.0004225724633479991,0.3125,2.693116098824918,0.007335711151073842,0.016666666666666666,1.0812026925443767,0.0012266316607754753,0.00018781134258162105,6.531190522970638,0.14870889464347975,0.03333333333333333,2.5893301986412545,19
24,Relax,180.0,9.591770258726618e-05,2.6875,4.0680066785457445,1.2895883937670077e-05,8.276588372113801e-05,6.418007801649886,9.017871841850033e-07,0.03333333333333333,3.8881606595192775,8.294379026062469e-08,5.1908226621402193e-08,8.10582826842818e-08,1.5615690991620352,0.0004993143104360152,0.3125,2.7408132459515353,0.0067101618697826045,0.016666666666666666,1.5156090052939553,0.0015931361843491418,0.00028799244218497564,5.531868031890507,0.017329404737468176,0.03333333333333333,2.5370786182533425,19
25,Relax,210.0,0.0003035248391201283,3.9375,3.582122573423314,0.00013700229453033155,0.00016917863831605293,1.2348598897268668,0.00031292733066288705,0.016666666666666666,2.4365738033261204,0.00017949122068199378,1.223594734885984e-05,1.071105261096861e-05,0.8753758336469697,0.0001343342814235738,0.0625,2.7406835335822466,0.0025443441847556813,0.016666666666666666,2.3150878128842214,0.0011022307805502443,0.00022772519540079962,4.840179316172294,0.4313580098899113,0.03333333333333333,2.119186447994478,19
26,Relax,240.0,0.000303986642641067,3.9375,3.7228179718583965,0.00012272526616901515,0.00018504089427053808,1.507765271543212,0.00036005683858831124,0.016666666666666666,2.008441454668263,0.00023007593750178285,2.2821591291003228e-05,7.867892574473735e-06,0.34475652789275174,0.00029538398825077275,0.0625,2.481089564554522,0.009463081191569116,0.016666666666666666,1.9787816686017516,0.0031254413345044954,0.0006346733132417768,4.924488345886805,0.0013852305227546422,0.016666666666666666,0.21873314893307316,19
27,CognitiveStress,0.0,0.5610426093273031,0.5,1.7053331826069131,0.5330939194371324,0.03463006759230335,0.06496053758945054,0.0006493155841113675,0.016666666666666666,1.6158231755490888,0.0004837700380124912,0.00011407054983394526,4.901701752336391e-06,0.042970790966396624,0.000253129446437203,0.5625,2.6156531448731086,0.07872222356959245,0.016666666666666666,1.2607311684953895,0.019369079580094286,0.0007052612836810668,27.463693283996246,0.37570869449127653,0.016666666666666666,2.918402505086646,19
28,CognitiveStress,30.0,0.036867720830082634,1.125,3.0128081016950112,0.02356035898956299,0.014558678763876896,0.6179311092129899,0.017691883301999018,0.016666666666666666,1.4906877037511268,0.01387058858757645,0.0029467768565734774,0.0004651665639062797,0.15785605308682144,9.142263425064466e-06,0.125,2.7947773090491905,0.06743364376852583,0.05,1.5821506758077652,0.034199513230357234,0.0011459206138482636,29.844574586635147,0.01498661316002143,0.016666666666666666,2.516629002650541,19
29,CognitiveStress,60.0,0.0011736649745156488,0.5625,3.3938480551482044,0.0009922156501881278,0.0006676415835179904,0.6728795130286476,0.001707685528197179,0.016666666666666666,1.1940450653049695,0.001409173411764596,0.00017384587342500815,5.697360312249474e-05,0.32772479438271757,0.00013594561740822687,0.25,2.7250466314709243,0.019127497611677393,0.08333333333333333,1.9110218131880687,0.011762616551002148,0.0009785367659231002,12.02061788644795,0.17473025649102264,0.016666666666666666,1.9304292485556958,19
30,CognitiveStress,90.0,0.0010047285996485145,0.8125,3.846521946885554,0.00034885648630426317,0.0006630558862294819,1.900655175581808,0.0001740472873454588,0.016666666666666666,3.742606587852434,2.3553118846988138e-05,1.043980560111983e-05,2.1416567186863065e-05,2.0514335232991128,0.00035285927590418314,0.4375,2.7187289732989206,0.02058192675604922,0.06666666666666667,1.996271133198259,0.013744554103595227,0.0007948795723460076,17.291366619259758,0.19791189737747356,0.016666666666666666,2.6353313214330014,19
31,CognitiveStress,120.0,0.0004801873762914527,0.75,3.906691089325372,0.00015336693696040498,0.0003292246135978642,2.146646598822409,0.00019948409718282626,0.016666666666666666,3.2939848743999973,7.126247253197322e-05,1.5803164922820827e-05,1.440959855861045e-05,0.9118172612248086,0.0007208009506768007,0.4375,2.6651463661320753,0.04177735459047528,0.08333333333333333,1.8508348503424417,0.03722254191330511,0.0014386421428484947,25.873384912529332,0.3205811137364301,0.016666666666666666,1.5508002044082032,19
32,CognitiveStress,150.0,0.00743479799844931,3.75,2.9266051186026485,0.008615902104341117,0.003768696964207002,0.4374117670520126,0.00029076933603747033,0.3,3.5856490512486237,1.1939170449921142e-05,4.846972313644604e-05,6.260593538613617e-05,1.2916503609871175,0.0007790771256731392,0.625,2.6706165581173047,0.01640574695897406,0.06666666666666667,1.9572472565216676,0.013068769683040462,0.0009134371420444719,14.307245766019214,0.026158993405009812,0.016666666666666666,0.2929535376630968,19
33,CognitiveStress,180.0,0.401247184236449,0.5625,1.8918086695823826,0.35377554722738896,0.04889779638055107,0.1382170044362112,0.013712671055187345,0.06666666666666667,2.98782116990597,0.001579594818179556,0.008228096851146113,0.0008244629310403873,0.10020092689180558,0.00011513667979036373,0.5625,2.5890190219195635,0.042753921815328555,0.05,1.9820024611959275,0.035533120013566656,0.0021487434483990673,16.536697314907833,0.42865503348577483,0.03333333333333333,1.5977520947346768,19
34,CognitiveStress,210.0,0.21207059083791707,0.5625,1.5196211032409348,0.22558045509221528,0.02053898577717654,0.09104949171585094,0.0012086739613430498,0.016666666666666666,2.1382168656042433,0.0008352127069336428,0.0001350272543755125,3.752552024488715e-05,0.2779107108297426,0.00019792612985295043,0.3125,2.7023615870216644,0.09532330845434972,0.016666666666666666,1.5156437522760777,0.024245808583484928,0.0005903372299083802,41.07111555076385,1.004556181782925,0.016666666666666666,1.7628806210624375,19
35,CognitiveStress,240.0,0.0029394375816312224,0.6875,3.6236353923546742,0.0013500268080002748,0.0016860666053049496,1.2489134255062928,0.0021828550732177644,0.016666666666666666,1.1494173901066296,0.00180010557757403,0.0002730443254392624,1.2238608008814062e-05,0.04482278834810098,0.0001595269756358809,0.3125,2.682951892476696,0.03518298405886209,0.06666666666666667,1.8830727609769142,0.022476739672826325,0.0013429249577484113,16.737152394956983,0.563421401121264,0.016666666666666666,1.919102427289056,19
36,CognitiveStress,270.0,0.0017078568351558087,0.625,3.859252781839923,0.0005430063730817384,0.0011816750643533047,2.1761716306328283,0.0013535424149512835,0.016666666666666666,0.8448901788472778,0.001223818459580822,9.378586587513847e-05,4.721921013340237e-06,0.050347895914580054,0.0004997126871290249,0.1875,2.5377116353619833,0.024106912705952794,0.016666666666666666,1.7291743921944192,0.007342265026134475,0.0009308393855735146,7.8877893865768405,0.3087651634971695,0.016666666666666666,1.4414434045424,19
37,Relax,0.0,0.0007458191213799988,2.125,1.4652627853005056,0.0012694565579734506,0.00012816628123666032,0.10096153384032602,0.0020286139004039843,0.016666666666666666,0.9393855629154485,0.0018153632236232362,9.345458422385545e-05,2.9436916925974998e-05,0.31498633449016894,0.00037497814887760684,0.0625,2.5300406694346194,0.2823081948279105,0.016666666666666666,1.135341283080764,0.03537691487136717,0.0007804229324180498,45.33043994716545,0.8478295010743095,0.016666666666666666,1.3140119788575866,19
38,Relax,30.0,0.18669966662850235,0.5,2.237298051617569,0.17275605819936962,0.016869813254747783,0.09765106607884701,0.00328766948936013,0.016666666666666666,1.7972887043415815,0.002169890674078567,0.0006655353137586054,0.00011495002600784346,0.1727181467782139,0.0007049019886802299,0.0625,2.1995767366952883,0.017496287078329724,0.016666666666666666,1.7560804931596297,0.0091022148832012,0.0005191372411828971,17.53334987576898,0.20160896143000082,0.016666666666666666,2.0185205729902282,19
39,Relax,60.0,0.1305955997010728,0.5,2.1727722121504214,0.12043304703406493,0.0102964135307828,0.08549491841612561,0.002943340944124657,0.016666666666666666,1.4538587606914952,0.0024166979586826196,0.00016222462103604245,4.459368896106535e-05,0.2748885383505238,0.00044719386494048276,0.0625,2.3097076619494636,0.0018445520983432068,0.016666666666666666,2.1167880684137437,0.0007430942386866443,0.00017559091347007903,4.231962941597594,0.5740100917553072,0.016666666666666666,1.6917100683948552,19
40,Relax,90.0,0.00012432736580574957,3.25,4.044527863122894,1.2215579793316586e-05,0.00011176121807565328,9.149071920172002,0.0001531039286217268,0.016666666666666666,3.7158109980419702,2.364669212872695e-05,1.028700717042695e-05,2.1602718384937757e-05,2.100000323421682,0.00028399514144164246,0.0625,2.152289376194085,0.0019396965310293033,0.016666666666666666,2.2924621429951957,0.000290431727123092,0.0004991479078847869,0.5818550424338939,0.21118414283504836,0.03333333333333333,2.2961141794099023,19
41,Relax,120.0,0.00024099393393602002,0.5625,3.5785685668688396,0.00010099788408029402,0.00014059801896369945,1.3920887575419207,3.135019595103078e-05,0.7333333333333333,3.934510412999236,7.78370245231565e-07,3.297076107719145e-06,4.2227840089220666e-06,1.2807663126233713,0.0004035564181464695,0.0625,2.4198471282753085,0.0016497046681200978,0.03333333333333333,2.4636533521501844,0.000332604785086664,0.0005020198238135831,0.6625331696267264,4.0123540508067405e-36,0.016666666666666666,0.0,19
42,Relax,150.0,9.435519437794461e-05,3.375,4.059699650625899,1.801337186728574e-05,7.706303745279476e-05,4.278101735786052,4.369909465803308e-05,0.016666666666666666,3.1991946333504746,1.7698098614871944e-05,4.524775924222002e-06,1.2602824190894398e-06,0.27852924436388193,0.0002613050240102398,0.0625,2.3333956759423495,0.003973817761024706,0.016666666666666666,1.8310895157493465,0.0009003276938266701,0.00034123562458669384,2.6384340583347683,0.17962016022126415,0.016666666666666666,1.8668801399465,19
43,Relax,180.0,0.00014957040822831646,2.3125,4.016755995116572,2.8327376411422937e-05,0.00012115832665642569,4.277075465681634,0.0002445645454958426,0.016666666666666666,3.2144375734420048,8.528115695711385e-05,3.488094334684644e-05,1.5107008687729324e-05,0.43310206772533116,0.00040935297186435015,0.0625,2.55685751088899,0.0021627790185241485,0.016666666666666666,1.4841865812934212,0.00026668425893034683,0.00012283278489281385,2.1711162794449415,0.18836113178207278,0.016666666666666666,1.821860115203562,19
44,Relax,210.0,8.391054691620543e-05,0.875,4.041989022604252,1.387636468991231e-05,7.031896072516866e-05,5.067534782815875,0.00032263561298596374,0.016666666666666666,3.4444756424710237,7.777056043597437e-05,2.90330884078887e-05,4.674568753714072e-05,1.6100831878581423,0.0005870284163912962,0.0625,2.3868045173611945,0.006912364111871318,0.016666666666666666,1.7395110510664944,0.0014081917373519237,0.0005187171564414281,2.714758360823433,0.31721114351835766,0.03333333333333333,2.3133917302426146,19
45,Relax,240.0,6.473206724234067e-05,0.625,4.08454830930978,1.0362981492029105e-05,5.416233176029694e-05,5.2265201671890456,0.0010421618651727024,0.016666666666666666,1.61590327290213,0.0008317598681012915,5.403562441707635e-05,1.0982994565709363e-05,0.203254698806414,0.0002336798011343136,0.0625,2.3300135090200067,0.004415063799957422,0.016666666666666666,1.3504272410633749,0.0005886178431138065,0.00016675617068780875,3.5298114647630205,0.37329094860483136,0.05,2.0958665811922037,19
46,EmotionalStress,0.0,0.9983688976328267,0.625,1.914175985999591,0.9886572995299769,0.08651222442575147,0.08750476476214836,0.007327776970606256,0.016666666666666666,2.6596188787818575,0.003831913314336364,0.0014017168985328687,0.000317550942338197,0.22654427771439953,1.2191989850331923e-09,0.0625,1.045190858183132,1.4539042387444117,0.016666666666666666,0.9566788220932542,0.09135440179576845,0.005529745762853064,16.52054284474632,0.9620814145037776,0.016666666666666666,1.283312641710745,19
47,EmotionalStress,30.0,0.7102304598014421,0.6875,1.6035245272547054,0.7621559831266125,0.03580451542499717,0.04697793656111623,0.0006597059692646985,0.016666666666666666,2.4883796629487023,0.00033322075165357755,0.00018520031214471288,1.3041451029886088e-05,0.0704180834192962,7.729674548522338e-05,0.5,2.643128586250571,0.017840660047078866,0.016666666666666666,1.6523843058035617,0.005037545003507008,0.00044951947357017874,11.206511174027145,0.4056635546628452,0.016666666666666666,1.8862786413610375,19
48,EmotionalStress,60.0,0.012365692107296319,0.5625,3.0701806434064807,0.006243091406786035,0.006264158271510225,1.0033744283643342,4.057906706056374e-06,0.15,4.135524244920326,1.5364132312056524e-07,4.5039823247546644e-07,4.570082065610227e-07,1.0146758437510437,1.8292762045473725e-08,0.0625,0.10714056422116112,0.010304135500640773,0.03333333333333333,1.3172372085722692,0.0011886417322025625,0.0003156664104722787,3.765499567800696,1.643460219210441e-32,0.016666666666666666,0.0,19
49,EmotionalStress,90.0,0.0007448185677555927,1.875,3.599023984886962,0.0003675725251197316,0.0003977114736887975,1.0819945630029029,4.2398882857422534e-05,0.21666666666666667,3.7632547348341667,2.0327326879961096e-06,3.29642774532865e-06,9.956617885714428e-06,3.0204265510821213,0.0003353727488012056,0.1875,2.6790908863903615,0.005266927847656071,0.016666666666666666,1.3384237586803656,0.0007371599674297992,0.0002522666688030203,2.9221457235216537,1.643460219210441e-32,0.016666666666666666,0.0,19
50,EmotionalStress,120.0,0.000568392120519418,1.9375,3.5742476144480495,0.00026198619885429433,0.00030562807200075443,1.1665808097423174,0.00019184027976591007,0.016666666666666666,2.117093066432536,0.00011729605448167248,1.2793548660789928e-05,4.136305330064046e-06,0.3233118065780392,0.0005688645725036312,0.0625,2.6829644227145835,0.0007419635917106588,0.016666666666666666,1.8505304446944992,0.0001301133110676597,0.0001399874736975809,0.929463955816128,0.000597387430102453,0.016666666666666666,0.11381800437691135,19
51,EmotionalStress,150.0,0.00017029515280913258,2.0,4.069623499887215,2.144158240916106e-05,0.00014919775838422201,6.9583371011122885,0.0010356635142776854,0.016666666666666666,2.4084182425913285,0.0006262495927411205,7.357489651473988e-05,3.6759109248843125e-05,0.49961482774873983,0.00023233336856825755,0.0625,2.6394448515774336,0.004540796992830199,0.016666666666666666,1.501110632140003,0.0007244259873777901,0.0004081216611767881,1.7750245975402588,0.4280182528704431,0.016666666666666666,1.506327559224969,19
52,EmotionalStress,180.0,0.00019894261208354863,2.625,4.067311042442371,3.409730298434476e-05,0.0001645485111224145,4.825851217557129,0.004560553797740659,0.016666666666666666,1.3295133707673472,0.003952278323716755,0.0002124255594046138,7.954275072349248e-05,0.37445000002087714,0.0007430681699610814,0.0625,2.6452699813174507,0.0022811033965542816,0.016666666666666666,2.113204245244215,0.0008319540132436403,0.00022077067426476993,3.7684081729345955,0.3777782017970945,0.03333333333333333,1.7602782706845976,19
53,EmotionalStress,210.0,0.00018061580867639865,2.25,4.089296548837657,1.6442507856682546e-05,0.00016421689057723534,9.987338428456003,0.00047387353218765504,0.016666666666666666,1.9812924775433078,0.00033363784043077653,6.168484077886232e-05,3.473561222970032e-05,0.5631142399187848,0.0002478576594553482,0.0625,2.4989649784311596,0.0035730805141133215,0.05,1.9428538982396033,0.002064544317445805,0.00016729090330099003,12.341043515864541,0.30928185653011014,0.05,2.307271882231362,19
54,EmotionalStress,240.0,0.000173467663334351,1.5,4.065211050644228,1.470868431213465e-05,0.00015858100044767389,10.781453805276433,0.011012029714433973,0.016666666666666666,1.463148548574293,0.008418950047888103,0.002029004042567331,0.0002859492942015173,0.1409308647013345,0.0006354383124317071,0.5625,2.707857151580961,0.0036650508523397105,0.03333333333333333,2.0948954900991197,0.0017318293043731762,0.000151341078853073,11.443220290866924,0.1776878158603648,0.016666666666666666,1.493815016267027,19
55,EmotionalStress,270.0,0.00017762124055911488,1.1875,4.079705011754301,2.879201761523693e-05,0.000149153653822986,5.180382139807142,0.005714543500179162,0.016666666666666666,1.777935484042814,0.0040188731632604426,0.0011925055009952461,0.0001643946782501426,0.13785653660544242,0.0011093774804755766,0.5625,2.730431798289041,0.0033903608821432805,0.05,2.161131593530674,0.002358406863267327,0.000190032295247985,12.410558216905683,0.15785875746715763,0.016666666666666666,0.8037361682476126,19
56,Relax,0.0,0.00516717872193723,3.1875,0.575473310650376,0.012163507102190796,0.000273757199182126,0.022506436415268668,0.02623348906129998,0.016666666666666666,0.563067656008233,0.02525051508759411,0.0007981456602389106,4.344622414305579e-05,0.05443395398535518,0.0007026087500559588,0.0625,2.456591551017001,0.06016629617906368,0.016666666666666666,1.0228498932562387,0.004886355454854971,0.00038328563701312755,12.748600477005645,2.4332906057728874,0.016666666666666666,0.9069726049226879,19
57,Relax,30.0,8.783834257301444e-05,1.875,3.9613977157573363,2.6616749692880523e-05,6.744851698222871e-05,2.534062864943645,0.0020862969079556556,0.016666666666666666,0.9529501161486258,0.0018742277142089453,0.00012453453373626974,2.5703651703795876e-05,0.20639778327053618,0.0003219908336860641,0.0625,2.353511010667589,0.00793207472876881,0.06666666666666667,1.8514409000107905,0.006761317719593458,0.0003446750742751111,19.616497461596953,0.1344300439559734,0.016666666666666666,1.8057606518858837,19
58,Relax,60.0,6.262397922383512e-05,0.5625,4.075648094180002,8.497987576022257e-06,5.375969003475528e-05,6.326167172383552,0.010580113231125093,0.016666666666666666,0.8372173254780685,0.009541056417270264,0.0007654950001251163,2.4978935986014257e-05,0.03263108966346165,0.0003620700968482004,0.0625,2.6352466208124428,0.004056387578206466,0.05,1.9696263557257598,0.0031789028524340985,0.0003469815394465001,9.161590721814878,0.4464551463253544,0.03333333333333333,1.841174396296255,19
59,Relax,90.0,0.0029192695843087823,3.875,2.6409470109072064,0.002571592723887784,0.000511574499855452,0.19893293953719224,0.0017696249869747127,0.016666666666666666,0.7830337656902924,0.0016483259391105803,3.172749991442934e-05,1.4096219679433607e-05,0.4442902755480835,0.0002711543070756061,0.0625,2.7181439206555136,0.003765561469573208,0.016666666666666666,2.029126568300415,0.0013669803189791912,0.0003074684821519043,4.445920145739805,0.0192303084832163,0.016666666666666666,0.8663353292536814,19
60,Relax,120.0,0.4387193050057356,0.5,1.5442533684471633,0.4420718095984222,0.040877014843311105,0.09246691138356858,0.0020195101175921578,0.016666666666666666,1.874531648198034,0.0012945482525449276,0.00045698256039081186,5.189876042870166e-05,0.11356836108651017,0.00010722769024927226,0.125,2.719059314658338,0.013941329038010682,0.016666666666666666,0.9720363987680021,0.0008148214397323193,0.00027822836561048546,2.92860664276429,0.24730115298856084,0.016666666666666666,1.5548019346392543,19
61,Relax,150.0,0.5144177495774515,0.5,1.5355474184209974,0.4627749190742174,0.05209416156277796,0.11256911171200135,0.023103422093125447,0.016666666666666666,2.0167760687890266,0.015904700729918307,0.004166598980640142,0.0011546016763729207,0.2771089038656491,5.1862617994864795e-05,0.4375,2.7033655484528007,0.07653494810610409,0.03333333333333333,1.583419994635529,0.023123261071685185,0.00265238264515095,8.717920513451864,0.4106180706808286,0.016666666666666666,2.092999811917403,19
62,Relax,180.0,0.0001837380012437215,3.8125,3.9551947946095174,4.7189834133331544e-05,0.0001356256169456069,2.874043095010809,0.002340949025595311,0.016666666666666666,0.9932447735206846,0.0021312010977257625,0.00013093389386130384,1.02900635982089e-05,0.07858976232012926,0.00036151488595643805,0.0625,2.3298395772454725,0.014724252692869786,0.016666666666666666,0.8231335664464692,0.0009315532481601675,0.00040167182053101443,2.3191899469787156,0.5980284069245874,0.016666666666666666,1.6090645526258438,19
63,Relax,210.0,3.151510000172577e-05,3.25,4.0448865020557525,5.825846698437751e-06,2.591209465534615e-05,4.447781755447615,0.0027611019854732514,0.016666666666666666,1.1805402537820344,0.002345574336026174,0.0001529164716420871,5.0619245090567413e-05,0.3310254581929257,0.00040142138156846823,0.0625,2.2544061929089882,0.004393904669260489,0.016666666666666666,1.5405557211727183,0.000624800561292199,0.00020166679982644954,3.0981825557299962,0.29457612996382815,0.016666666666666666,1.6374591804840484,19
0,Relax,0.0,0.22133440899674806,0.5,1.63301793075266,0.2361544536965992,0.010949904699562507,0.04636755533575691,1.4011513399698426e-05,0.016666666666666666,2.8805246391833346,5.776120265019691e-06,3.802092563587303e-06,1.7720160854730634e-06,0.46606337321812935,0.0031787352080894144,0.0625,1.6475495068932124,0.04657395575247262,0.016666666666666666,0.89916223245688,0.006400988533824055,0.00043917727019570404,14.574954052088529,0.3091417310651424,0.016666666666666666,1.5717387286986597,20
1,Relax,30.0,3.681310412578772e-05,3.8125,3.9422284751162784,1.0130970973560631e-05,2.709556399980542e-05,2.674527848368952,2.5985375682489437e-08,0.06666666666666667,3.778718767278546,1.396038739796623e-09,7.259320021859004e-09,3.9040726512618696e-09,0.5378014248588113,0.002727447249153123,0.0625,1.8427680987948938,0.02099105240523486,0.016666666666666666,2.1319462712559547,0.013596774581170059,0.0012760029354753411,10.655754938451565,0.22081833355738947,0.03333333333333333,1.735005187850044,20
2,Relax,60.0,0.011902137732024913,0.5,1.2577081998146609,0.017392802365151835,0.0007741189351144401,0.044508005027727005,1.700741709352376e-06,0.016666666666666666,0.9882054561473196,1.4674076527662249e-06,5.2771214578841854e-08,3.164433279888772e-08,0.5996514018378352,0.0027050535076397295,0.0625,1.0927291297944426,0.03111859826748639,0.05,1.9837986637305254,0.021063742617226367,0.0015298382870995826,13.768607306306262,0.031626885154367394,0.016666666666666666,1.7644726870456,20
3,Relax,90.0,0.00667999858470113,1.375,2.940056204151378,0.004089907600397429,0.002711242841910751,0.66291053657234,2.3822349459458228e-05,0.016666666666666666,2.0902167627541437,1.4973950232523413e-05,5.444054532950081e-06,1.3211600320110856e-06,0.24267942652204874,0.002975885543553541,0.0625,1.7614359657290715,0.021125313382655775,0.016666666666666666,1.3504587325700588,0.00441565533951037,0.00047429541405428566,9.309926279415752,0.10599269946066839,0.016666666666666666,2.485529119127126,20
4,Relax,120.0,0.015770026838723087,0.5,1.4242271163684839,0.01584998402395153,0.0007461103992469698,0.04707325875656993,1.1479182496421581e-07,0.016666666666666666,0.663735816245544,1.0510697522170484e-07,1.1772699628262861e-09,6.92381881899468e-10,0.5881249872690699,0.0028147530843380913,0.0625,1.982601367881019,0.032761746895971826,0.016666666666666666,1.3709353834195654,0.010704801366282185,0.0006832506769557924,15.667458119437482,0.02259546913666259,0.016666666666666666,1.5067301333058707,20
5,Relax,150.0,0.0029647575496589106,0.5625,1.9184855659786966,0.0031180228577432825,0.00040199551601423225,0.12892641726981527,1.1623799315187238e-06,0.016666666666666666,1.4796030888405873,9.636833582835425e-07,2.459855930403515e-08,1.4429071818497698e-08,0.5865819880000351,0.0016342347155906003,0.0625,2.27900904938474,0.07624498558128437,0.03333333333333333,1.7089469822839953,0.026748020955120116,0.002537226278251344,10.542229199027076,0.17926465817266013,0.03333333333333333,1.6300742808331157,20
6,Relax,180.0,3.740285806861726e-05,2.125,3.9703126501608397,7.087678547011874e-06,3.026353245724776e-05,4.269879376796327,1.5234920972160223e-06,0.016666666666666666,1.5639107236608603,1.2060230434616103e-06,5.7941285408418406e-08,2.7871869973231477e-08,0.4810364453734041,0.001104916451814578,0.0625,2.257624305288157,0.015855269599555768,0.016666666666666666,1.1112022645432218,0.0019286897276330746,0.00024417692416145296,7.89873872912659,0.11287992667440183,0.016666666666666666,2.210465447212456,20
7,Relax,210.0,0.00012232291766424072,3.0,4.0228012675969325,2.905249743065758e-05,9.34312208844774e-05,3.215944553733419,1.2680690067450798e-06,0.016666666666666666,1.3090222494689265,1.0458914262169904e-06,6.586955788926131e-08,1.4227581219194689e-08,0.21599630656567995,0.000927078432856046,0.0625,2.392830315287197,0.3662588778607245,0.016666666666666666,1.1543004532287913,0.038670405965378955,0.003605721419476781,10.724734794123485,0.33813182525034885,0.016666666666666666,1.0529999634504559,20
8,PhysicalStress,0.0,0.1996550715684477,0.5,2.4716273572022125,0.18042538849713205,0.0299337251813486,0.1659063917261534,0.0002717057579150654,0.016666666666666666,3.2068861257552883,6.779723833039061e-05,8.950461490691903e-05,6.171737924873748e-05,0.6895441013060714,0.0009207665685743893,0.0625,2.3956451057257997,0.2580157378375961,0.016666666666666666,0.961256147680254,0.020839576639935825,0.0016628666149430095,12.532320062634758,0.13050275665280825,0.016666666666666666,1.955550351892354,20
9,PhysicalStress,30.0,0.06077572616601323,0.5,3.0642128176533685,0.041211022377550616,0.02077683497375471,0.5041572320970307,2.219461387332621e-06,0.016666666666666666,1.4966893882446093,1.6244465093225287e-06,3.324862732942208e-07,3.847840175229222e-08,0.11572929423838876,0.0008111638406597233,0.0625,2.523367072917044,0.03412077660043807,0.016666666666666666,1.9694145354741248,0.018584260473025117,0.0010659495570898097,17.434465214060157,0.2332996555700885,0.016666666666666666,1.654925291811687,20
10,PhysicalStress,60.0,0.04416462251584028,0.5625,3.2271454394814225,0.023889819494626374,0.020395691945892983,0.8537398932830221,4.111855252143011e-06,0.016666666666666666,2.2544588742639977,2.594518257913182e-06,6.284251287083412e-07,2.3737970762530934e-07,0.3777374531683945,0.0006184505146915758,0.125,2.5921379485330647,0.0029515808313487833,0.016666666666666666,1.3905396060891295,0.00020834606053752615,0.00017753446060803755,1.1735527841972877,0.7921010245541809,0.016666666666666666,1.7296030567876373,20
11,PhysicalStress,90.0,0.010450751435247395,0.5625,3.928123289481558,0.0018786866109961184,0.00854654049652934,4.549210308151283,1.8751278167044809e-06,0.016666666666666666,0.9880534959670939,1.668442965581774e-06,8.754586391844043e-08,2.3115595628679818e-08,0.2640398368815549,1.6748511674643095e-05,0.125,2.7987090677285518,0.001321322023640873,0.016666666666666666,2.286974435835178,0.0004837123923962519,0.00020255448614857796,2.3880606230633603,0.6168440191317243,0.016666666666666666,1.4682657233494214,20
12,PhysicalStress,120.0,0.008102948749313,0.5625,3.8996495604888013,0.0014833727825248363,0.00661791386885026,4.461396317105107,1.8443646163583267e-06,0.016666666666666666,1.5514566706320474,1.3498140805446032e-06,2.298513465487733e-07,3.775016533231883e-08,0.164237303366454,0.00044891554011264334,0.1875,2.6768169294693163,0.01900279963949987,0.016666666666666666,1.2130233058383597,0.002663130284121724,0.00028850264624538305,9.230869521580143,0.8633386339499877,0.016666666666666666,1.5668191875040431,20
13,PhysicalStress,150.0,0.007643020517112314,0.5625,3.9207970482887933,0.001438275755802093,0.006200589903677519,4.3111273194058635,9.526241359466527e-07,0.016666666666666666,1.5205066846596418,7.905674424683394e-07,5.040012061941358e-08,1.9825805497102093e-08,0.39336821526306837,0.00139866179551638,0.125,2.7043118184400665,0.0020788862020543705,0.016666666666666666,0.86575953312729,0.0001355516036138757,4.3524462203077954e-05,3.1143774501202177,0.07051206149540308,0.016666666666666666,2.2185684314828675,20
14,PhysicalStress,180.0,0.031470625373483496,2.0625,3.802454899210983,0.006167514248047896,0.025212170003787126,4.087898136881829,2.5367747326857796e-05,0.016666666666666666,1.8199814695080283,1.7103919904105556e-05,5.345417618775794e-06,1.4234874178887862e-06,0.26630050622963164,0.001768671397425471,0.1875,2.688730456906552,0.003207105214452284,0.016666666666666666,1.647063835101235,0.0005270076199206555,0.00022833744255310991,2.3080210325035795,0.2424961977403064,0.016666666666666666,2.360385504670182,20
15,PhysicalStress,210.0,0.05450272971589523,2.0625,3.734243442698823,0.007499612302225508,0.046586400141547704,6.211841127803794,5.054624783059196e-05,0.05,3.0440700708134787,6.81101497561952e-06,2.4048659047325455e-05,9.57897126655616e-06,0.398316232423008,0.001263631028260517,0.1875,2.690198653877885,0.002505101609029178,0.016666666666666666,1.5376201463764754,0.0004052828439624738,0.00012177048229392708,3.3282519402707993,0.23270403164069584,0.016666666666666666,1.0220566099317816,20
16,PhysicalStress,240.0,0.04652095070143569,3.875,3.5297630590257145,0.003574500816595093,0.04285503495773185,11.989096423973853,0.00010268194030825021,0.016666666666666666,3.098818104294745,2.5589853927824683e-05,4.000203199934807e-05,1.2366448164441816e-05,0.3091454995247081,0.00019174659528739028,0.875,2.7757261145816905,0.002803588125983385,0.016666666666666666,0.7878069991683136,0.00016328045648900582,3.922175268572966e-05,4.163007650303536,0.14264454120699724,0.016666666666666666,2.158826396608337,20
17,Relax,0.0,0.043184984967202446,0.5,1.4534817196485759,0.0523561031893916,0.0023260051069276797,0.044426627751757035,3.5993238923832886e-05,0.016666666666666666,0.6415989208075541,3.4652607405546134e-05,9.532160070076964e-07,2.0644234745895337e-07,0.21657457065477764,0.0014051432311234166,0.25,2.753628165134537,0.2607438947393378,0.016666666666666666,0.5975540549414231,0.006419879183218259,0.0006990310531509702,9.183968515103654,0.18026805479698424,0.03333333333333333,2.0543564697076158,20
18,Relax,30.0,0.0021191325472314053,0.6875,3.0840853269922315,0.0009174100744479052,0.0012148901754882547,1.3242607742446824,4.9449451972652274e-06,0.016666666666666666,0.9570886061799843,4.501862013571627e-06,2.9229616523254766e-07,1.4418098271151004e-08,0.04932701823056803,0.001226974280580956,0.3125,2.740059004673788,0.058442483363503425,0.016666666666666666,1.4109173865894693,0.01186365635754881,0.0007186016950177924,16.509363169892147,0.25770243794311903,0.03333333333333333,1.8184177198460558,20
19,Relax,60.0,5.252132897864185e-05,3.8125,4.011119479923574,9.946988581598638e-06,4.269746095689438e-05,4.292501253684181,1.5660065477504543e-06,0.016666666666666666,1.7906096112447447,1.2375604373613421e-06,3.406634698568029e-08,2.086787654111322e-08,0.6125657250507366,0.0005381025094554538,0.1875,2.7219703510650346,0.007210715763504557,0.016666666666666666,1.0748457030596832,0.0014275169230920618,0.0001737438453928412,8.216215773654564,0.06868123658720511,0.016666666666666666,1.6881049136629676,20
20,Relax,90.0,0.07566997371408823,0.5625,1.5629333231224314,0.08252304688340087,0.007409266981992172,0.08978421497767688,5.50819989752142e-06,0.016666666666666666,1.0955583719980129,4.860722365546557e-06,3.262957354328399e-07,8.747408376897035e-08,0.26808221582465264,0.0002742161334885138,0.0625,2.342664853329822,0.04363347501274569,0.016666666666666666,1.7011896616452706,0.0114336191104987,0.001380339980500319,8.283190570452406,0.13310541935819556,0.016666666666666666,2.2448442682146355,20
21,Relax,120.0,0.022482433489587034,0.5625,2.467832902621292,0.01749019445380501,0.006271788239085873,0.35858882276299897,3.6429694388236675e-06,0.016666666666666666,1.3409269697453996,3.1766129735558685e-06,2.1950204447370363e-07,2.1689133405529483e-08,0.09881062136588821,0.001533215018363816,0.0625,2.5929150550570883,0.013219031151187742,0.016666666666666666,1.6372791367972332,0.004127512768654355,0.0005317375630058345,7.762311816607672,0.6334743242217057,0.016666666666666666,1.4311249697379727,20
22,Relax,150.0,0.03503728025599169,0.5,2.0062244319063245,0.03397167936513155,0.004117804529151102,0.12121286336458266,4.852568979651733e-06,0.016666666666666666,1.1079019735398816,4.442747778901557e-06,1.27924291320133e-07,6.292935497043631e-08,0.4919265474995237,0.00027242071905736085,0.5,2.5464081075610814,0.002432700959711532,0.016666666666666666,1.0745866081833935,0.00017423128201821936,9.482190229006287e-05,1.837458201220652,0.06803870955490025,0.016666666666666666,2.6584646461744827,20
23,Relax,180.0,0.0573126589678772,0.75,2.8814477941502386,0.036011996504655294,0.02597418467708111,0.7212647783558296,1.1391289591573015e-05,0.016666666666666666,1.8995725185006738,8.097860890272912e-06,1.3203341581131273e-06,7.957083619406109e-07,0.602656802485325,0.0008193841404939414,0.0625,2.6343284020589293,0.014105750477764793,0.016666666666666666,1.755465062237109,0.006833603528095679,0.0011638149322811975,5.871726971831432,0.47495416677106084,0.03333333333333333,1.5196861097727616,20
24,Relax,210.0,0.09048692135568767,0.5,2.6078102350870322,0.07340976803296637,0.024493174109139967,0.3336500681781304,4.61655707154196e-06,0.016666666666666666,1.6746717443513672,3.51065050072793e-06,5.279930322896954e-07,1.1234109948507405e-07,0.21277004167629915,0.00012671333281870833,0.25,2.704488922155745,0.010083181254095953,0.03333333333333333,2.1042654459772696,0.006306279923496993,0.0009649455856181312,6.535373618458781,0.14836719973068405,0.016666666666666666,1.3224984466069252,20
25,CognitiveStress,0.0,0.02020682486221958,0.5,1.4725631104684958,0.025561427503667012,0.0014012591242939286,0.05481928284689522,0.0020297397321925904,0.016666666666666666,0.5131428258982261,0.0019875493403090413,3.659824033181701e-05,1.006286792530396e-06,0.027495496597839748,0.001264513060725269,0.0625,2.4776743760889026,0.07944404183333977,0.016666666666666666,0.5559571454384443,0.0036547744431974045,0.0006474621662770467,5.644769120970598,0.09582714462557573,0.03333333333333333,2.215304411003103,20
26,CognitiveStress,30.0,0.17279087902589685,0.5,1.1574190129942594,0.16790862244068727,0.007762212543435638,0.04622879058029074,0.016658682615057742,0.016666666666666666,1.3489019393004387,0.01337633882299987,0.001382848076379055,0.000844072315359962,0.6103868745799894,0.0012416387433152678,0.0625,1.963244626196071,0.018596496964005626,0.016666666666666666,1.412353697646014,0.002833323597728733,0.0006015238547872953,4.7102431186717,0.1766734334161188,0.016666666666666666,1.6997366227138961,20
27,CognitiveStress,60.0,0.2818433388015555,0.5625,1.0070043739767252,0.36614400601917446,0.007394907732412476,0.020196719353164052,0.09927956909294731,0.016666666666666666,1.2437690592449373,0.08506461582523749,0.004177791370106458,0.003993848953675494,0.9559713733559949,0.002870144166055119,0.0625,2.3148599423153464,0.027721004356731724,0.016666666666666666,0.9950859717261941,0.0033708533371123745,0.000494117213990261,6.821971066117954,0.10663467391108016,0.016666666666666666,1.5606073251297001,20
28,CognitiveStress,90.0,0.3736206046747777,0.5625,1.7275387110718747,0.3857949663897881,0.02086712454741084,0.05408863869501017,0.06178660417482688,0.016666666666666666,1.4004603635340185,0.04882937552732514,0.010308193065653193,0.0020605694530255484,0.1998962805509869,0.0014106032366950458,0.0625,2.1040472902371676,0.07681435331111285,0.016666666666666666,1.1012734598830503,0.018038889344975294,0.0015097243774352888,11.94846530571339,0.032235081380374495,0.016666666666666666,3.0680830690158802,20
29,CognitiveStress,120.0,0.04309060707790227,0.5,1.4112197921422922,0.04948388979817275,0.0021771380347241926,0.04399690573243063,0.04476301017439884,0.016666666666666666,1.2346402279625275,0.03525748448047925,0.007633281284787279,0.0011581560873658748,0.15172453944203756,0.0013028274634331002,0.0625,1.9662268595761114,0.0158346771247885,0.016666666666666666,2.1816723007593395,0.007151474294504061,0.0023156833250375874,3.0882781843186526,0.1269867375721462,0.03333333333333333,2.401699067292149,20
30,CognitiveStress,150.0,0.34773899887716125,0.5,1.673132284618163,0.3135507321908334,0.035701115875920175,0.11386073196662716,0.039201280684669965,0.016666666666666666,1.8426917823379751,0.024093583224548826,0.012160919438550587,0.002007031524861912,0.16503945569276152,0.0014496162916917028,0.0625,2.1807713121097247,0.011691326768086067,0.016666666666666666,1.5929893185548523,0.002782748834576036,0.0004523190426846153,6.152181473633734,0.09131104495536806,0.03333333333333333,2.594169962490306,20
31,CognitiveStress,180.0,0.30809762587956074,0.5625,1.6483747909043067,0.32461483025160925,0.02981490477315462,0.09184701989753537,0.00434710977449228,0.03333333333333333,3.1561875421336163,0.0011739369857453493,0.000823577633672152,0.001244540396743024,1.511139139602288,0.001536125480641666,0.0625,2.384541182563025,0.01440137384313993,0.016666666666666666,0.6466128833198769,0.0005349180866990287,0.00018618796562384454,2.8730003301057785,0.29926106710630784,0.016666666666666666,1.7848701849886837,20
32,CognitiveStress,210.0,0.12045037530839742,0.5625,2.5936958405936057,0.0969453763083212,0.0242092139320913,0.24972015019156027,0.006952456394491812,0.016666666666666666,1.9652923315703754,0.0045313978293821475,0.0018166119546952912,0.00022978588282620373,0.12649145142543486,0.0018338430730944848,0.0625,2.4842828592853383,0.03742931113795115,0.016666666666666666,1.5465345665057977,0.011680272045624447,0.0006267550927226803,18.636102332865455,0.10666693390245431,0.03333333333333333,2.4752026080969824,20
33,CognitiveStress,240.0,0.431454055668136,0.5,2.5693363899243584,0.354385517282665,0.08072228338235081,0.22778098834655566,0.01890184397667338,0.05,2.6024769463564676,0.004935382371923311,0.010961438104370535,0.0008820144223791315,0.08046521031099518,0.0009239675120318123,0.5625,2.573968356177103,0.00012495029388120719,0.016666666666666666,2.098354024349753,3.640927018109058e-05,1.2550323060183412e-05,2.9010623875174164,0.3220709379679621,0.016666666666666666,1.8501426505624492,20
34,CognitiveStress,270.0,0.34133688593045003,0.5,2.4698837441012413,0.2947748650763941,0.05043260330211341,0.17108854681026908,0.012038968222554824,0.23333333333333334,3.518820776351478,0.0009058950736752915,0.0019636865170604284,0.0017613752029588994,0.8969737214449167,0.00042756010159149857,0.125,2.6632890686818995,0.0193843920059119,0.016666666666666666,0.6869931255999938,0.0006899089516652267,0.0002900241913323039,2.378797949563948,0.10819902235162786,0.016666666666666666,1.604908391895798,20
35,Relax,0.0,0.16826855830619597,0.625,2.019162071844465,0.16166792523903623,0.01215959775800204,0.07521342121526771,0.004851910097431771,0.016666666666666666,0.376566353773315,0.004701200001283077,8.090475936755989e-05,3.238824645119409e-05,0.4003256014154922,0.00022073978664151862,0.125,2.7423792402592597,0.30393795980508753,0.016666666666666666,0.6037207713932415,0.012484663611405126,0.00018331652054198941,68.10441074537776,0.05187270118036657,0.016666666666666666,0.8707498809366119,20
36,Relax,30.0,0.16179268648542755,0.6875,1.9597839675937567,0.1531825898786055,0.010345705041068467,0.06753838702731985,0.00611867924482914,0.016666666666666666,0.3570156625012038,0.006019915562606842,5.1691646682509066e-05,2.560523143833081e-05,0.49534563283693706,0.000884919858237685,0.0625,2.76428691114866,0.08824732562743227,0.03333333333333333,1.4761103527984318,0.02114317445739983,0.0007618045880698386,27.75406552875936,0.11986085453874759,0.016666666666666666,1.3559500697966655,20
37,Relax,60.0,0.0008243982981851269,0.5,3.276921219953036,0.00047915510776158903,0.00035738693773154965,0.7458689930304844,0.006591151506364447,0.016666666666666666,0.24692291150764098,0.00653934165006629,3.971430429351109e-05,1.5679899451774251e-06,0.039481742739066905,0.001412144701491058,0.1875,2.7715443829422535,0.008945526902148036,0.016666666666666666,1.5385541753505245,0.002075599676786681,0.0003100486193487517,6.694432896190342,0.09953160085648655,0.05,2.2240952107710323,20
38,Relax,90.0,0.03106498688831708,1.0,2.1240579643038937,0.028257050991922054,0.004249679498049023,0.15039359554059248,0.005280778684650912,0.016666666666666666,0.4822191589875613,0.005163831695856526,4.3488453513440344e-05,2.8820020463282648e-05,0.6627051121598441,0.0023309065117874594,0.4375,2.6730275411402635,0.0025798333200849634,0.05,2.1407991209921757,0.0012364538755694561,0.00030227736819048493,4.090461297090178,0.08364600136617449,0.016666666666666666,1.5068467130280312,20
39,Relax,120.0,0.1283590129419283,0.5,1.514902772726666,0.12053114451527171,0.010006970748236926,0.08302394197351215,0.0034507199596115683,0.016666666666666666,0.33909032293717395,0.0034133084154257336,2.2780610152177012e-05,5.5760171824600265e-06,0.24477031761711435,0.0021040740318882074,0.4375,2.684508879697815,0.012483049018551734,0.016666666666666666,1.8230741045268728,0.004216433546175995,0.0005320129408929533,7.925434180414771,0.1274986209855461,0.016666666666666666,2.164488978538908,20
40,Relax,150.0,7.27545600920282e-05,1.125,3.734667587349481,3.13442206141795e-05,4.111086613613885e-05,1.3115931846632394,0.0033524541889536105,0.016666666666666666,0.2356167914329772,0.003324787668469258,2.142303707418137e-05,1.5842635377899959e-06,0.07395139784822198,0.0008290912188782208,0.0625,2.47983620669762,0.06364988933350504,0.016666666666666666,0.6197566385292014,0.001167072267249937,0.0002543374415142243,4.588676603419659,0.1549563709190028,0.016666666666666666,1.822338797099791,20
41,Relax,180.0,3.1867581343696637e-05,1.8125,4.056896205384531,7.11167365850396e-06,2.4763499227009866e-05,3.482091616703798,0.0029425055893602613,0.016666666666666666,0.23924553282740268,0.0029212417700490247,1.5401874897462227e-05,1.981507578897637e-06,0.12865366016082436,0.0016079712260319927,0.0625,2.3605277301184837,0.005369721118117391,0.016666666666666666,2.023116605416228,0.0024547072863905254,0.00019962851685499495,12.296375913935993,0.05605997651494377,0.016666666666666666,1.2361600403778594,20
42,Relax,210.0,4.726888132236836e-05,3.125,4.051947999507162,7.060710450021157e-06,3.967075926545513e-05,5.61852232098489,0.0019806476533804004,0.016666666666666666,0.2342742298832683,0.0019665286428982146,9.859238808938014e-06,6.206019056873029e-07,0.06294622918806761,0.0005537752053681373,0.0625,2.207937848987095,0.05345703965956011,0.016666666666666666,0.883473211578861,0.003068476215888315,0.0003397941708340865,9.030396867480636,0.10893221125864819,0.016666666666666666,1.6547502095042705,20
43,Relax,240.0,3.2758451516842205e-05,0.5,4.060504130324604,5.41383851465649e-06,2.7229181012358365e-05,5.029551756788236,0.0016637782036682991,0.016666666666666666,0.23231386133620424,0.0016512752041987393,9.553359007976267e-06,1.2333978162356683e-07,0.012910619345571361,0.0006561786486334118,0.0625,2.333447986699735,0.01891969319775144,0.03333333333333333,1.298702115895675,0.002342756278660665,0.0004537071149863601,5.163587259880409,0.1052647318246282,0.016666666666666666,2.1634091153525814,20
44,EmotionalStress,0.0,0.3398544467841657,0.625,1.6266822725716592,0.32287577900326836,0.03532702230633587,0.1094136649562006,0.0009251855260980214,0.016666666666666666,0.35919507200350803,0.0009086971991386794,7.914341548000178e-06,3.240832965011709e-06,0.4094886410140605,0.0023031890882116426,0.0625,2.6563512167082477,0.004965721956220247,0.016666666666666666,1.601376657955713,0.0010303853675595821,0.00026801281243550465,3.844537722641663,0.09344202899676654,0.016666666666666666,0.9350167272978068,20
45,EmotionalStress,30.0,0.18808564954493942,0.5,1.5889578056193787,0.18007330016006956,0.016616285951191502,0.09227512316607217,0.0008664431504067919,0.016666666666666666,0.2967267597741035,0.0008558781914858551,6.986912447581445e-06,6.686466993364372e-07,0.09569988236619348,0.0009676441653565921,0.0625,2.6365753512668353,0.010395709779772586,0.016666666666666666,1.1808748054590859,0.000818202546985682,0.0004426126178212835,1.8485748350627744,2.453714664250902,0.016666666666666666,1.0736084724565178,20
46,EmotionalStress,60.0,0.09438078847939145,0.5,1.8428440449740868,0.09316587111901052,0.0054224838666711,0.058202470513525215,0.0002521002032892464,0.016666666666666666,0.2421267690281527,0.0002480688773216791,2.637573608084082e-06,4.121372525833954e-07,0.15625620885809874,0.0006837591181620504,0.625,2.727552495520783,0.05968571755944462,0.016666666666666666,1.4077407908237525,0.011638967586392678,0.0018870352834994808,6.1678590157616835,0.24586543072143666,0.016666666666666666,1.0508850604137945,20
47,EmotionalStress,90.0,0.0292858653254144,0.5625,1.6201982120666718,0.033628965560636465,0.0010611101599735636,0.03155345822518012,6.12100923003457e-05,0.016666666666666666,0.37345114450190864,5.8676015703714105e-05,1.7404244471996198e-06,3.0012042463748834e-07,0.1724409382552564,0.0022479995569699976,0.5625,2.7009890952921984,0.05350206251500741,0.016666666666666666,2.0936829975716567,0.029866528343369208,0.0023552065761413806,12.681065281458501,0.05660323297604849,0.016666666666666666,2.3807327497048822,20
48,EmotionalStress,120.0,0.13870080349002972,0.5625,2.1985799151751086,0.12645554528137384,0.022887281430505713,0.180990729821928,5.204642726970705e-05,0.016666666666666666,0.9236749338360571,4.361770482679154e-05,5.283764923732343e-06,1.8088688767442533e-06,0.3423446922514686,0.0008428940737172977,0.0625,2.741628991584764,0.028404037073379296,0.03333333333333333,1.6501809075200804,0.009794411802670811,0.0012992361220577789,7.538592590204508,0.11037770535937991,0.016666666666666666,1.9617160274754448,20
49,EmotionalStress,150.0,0.22384801039367747,0.9375,2.252839051850409,0.19827644906284764,0.035410105962406485,0.17858957092368824,3.0018827376900932e-05,0.016666666666666666,2.3197140133988956,1.840002037119774e-05,3.6965073886450865e-06,1.8327936523820295e-06,0.4958176623728648,0.0022142479555864463,0.125,2.6576697564440774,0.028572431996026937,0.016666666666666666,1.1011395760811842,0.003559470196059297,0.0007904911093653598,4.502859240146284,0.10453074875004463,0.05,2.194926286581709,20
50,EmotionalStress,180.0,0.11854919105084831,3.625,2.001627003629511,0.09728560627025201,0.021170806189496003,0.21761498952563563,2.5141988516487618e-05,0.016666666666666666,0.7290930291409486,2.3686759685693235e-05,1.021471054746232e-06,6.316984099561365e-08,0.061842027438855994,0.0024820761858441887,0.5625,2.646621776543074,0.10622154104480565,0.016666666666666666,1.4048705023058596,0.021939110948580382,0.0009481467186893218,23.13894096359695,0.22773586598224374,0.03333333333333333,1.9160255845895353,20
51,EmotionalStress,210.0,0.00010693937765740726,3.4375,3.8920454486894043,3.480248344326968e-05,7.18549595471538e-05,2.0646503478489424,2.3316551222670605e-05,0.016666666666666666,0.5341953462985646,2.2623667175280127e-05,3.9104737231296744e-07,4.686575904922047e-08,0.1198467560899817,0.0004553326429666758,0.0625,2.678184834212227,0.05249304422377634,0.016666666666666666,1.3144126153420188,0.014383778834468995,0.0003782607258246347,38.02609642624503,0.3060250652640478,0.016666666666666666,1.7360639572396643,20
52,EmotionalStress,240.0,0.00012182238596358522,2.3125,3.8261824701557723,4.058595119123253e-05,8.189031388837146e-05,2.0177009897469547,3.417007928108745e-05,0.016666666666666666,0.5359296964503406,3.293598599640729e-05,8.477919997585391e-07,9.433762355240102e-08,0.11127449136022687,0.0005504526144195492,0.125,2.6774324427456735,0.05326957378546342,0.05,2.00277671614356,0.03248902080279936,0.0009656472151151707,33.64481385567343,0.06943928737504533,0.08333333333333333,2.943377569626741,20
53,EmotionalStress,270.0,0.05839489813087899,0.9375,1.9736332392646276,0.04870612121804203,0.009875096700628926,0.2027485756137553,4.2732901660066967e-05,0.016666666666666666,0.8324091573427297,3.819772494836315e-05,3.631161812279194e-06,3.8437723898717184e-07,0.10585516670927628,1.5511399393288852e-24,0.0625,1.6765949693395583,0.008222318686787593,0.016666666666666666,1.8411414835447875,0.001984325692031137,0.0006724068841203103,2.951078787105475,0.08565371485716548,0.016666666666666666,2.257485671634071,20
54,EmotionalStress,300.0,0.05180967522540969,1.9375,1.8478968150091166,0.05209851276101483,0.008302802486020364,0.1593673609092605,1.7925818955124227e-05,0.016666666666666666,0.9998612847992278,1.585480667990747e-05,1.2490212027533484e-06,2.454118793464003e-07,0.19648335737248745,0.0006673349074900153,0.0625,2.5573447928754645,0.025571220468422227,0.016666666666666666,1.7758156186167415,0.01084369377242661,0.0009419990640042665,11.511363638018961,0.005590266234389932,0.016666666666666666,0.5341334163309032,20
55,EmotionalStress,330.0,0.07109373544470317,0.5,1.524655418524244,0.07917357274947229,0.005574785864743402,0.07041220537544278,2.424305995420102e-05,0.016666666666666666,0.6095337295543366,2.232404990280871e-05,1.3261378079870046e-06,1.48518904288659e-07,0.11199356763238773,0.0011638619361815064,0.0625,2.601853410372538,0.009267124614211874,0.05,2.0582653205593937,0.006570830721925789,0.00033935967426113435,19.36243820433889,0.048825620507025984,0.15,3.0855202176778658,20
56,EmotionalStress,360.0,0.006530172043235152,0.5625,1.4988896970582923,0.007617924546646291,0.0006637400717927375,0.08712872748062882,8.888588127728723e-06,0.016666666666666666,2.520824070426371,2.9735985260954184e-06,4.4410249644209015e-06,7.915829563345922e-07,0.17824330254306792,0.0010181825263568117,0.0625,2.5930612778390545,0.015557927451197275,0.016666666666666666,2.0105284049027468,0.007207412071952021,0.0008336903944103529,8.645190253211004,0.08274857340283623,0.03333333333333333,2.007579590625739,20
57,EmotionalStress,390.0,0.0005962360820608278,3.625,3.3994264723397922,0.00033307408062372736,0.0002802001435746543,0.841254723423512,1.2306987394922282e-05,0.016666666666666666,0.9248737671407965,1.0541600649815126e-05,1.241455665015474e-06,1.9717774987848048e-07,0.15882786267363225,0.001140775979361144,0.0625,2.5326922338187803,0.03008986840053826,0.016666666666666666,1.2483297215571674,0.004938770483758389,0.00046772348672195394,10.559167165993363,0.09575085857890084,0.016666666666666666,1.8602296144407455,20
58,EmotionalStress,420.0,0.010423300521928256,0.5,2.082840524916328,0.009080308730831566,0.0014974171805124045,0.16490817932522792,7.646254970008555e-05,0.016666666666666666,3.0770492223928234,2.3078079418878858e-05,2.0745000667015504e-05,1.5761103998834254e-05,0.75975432596126,0.00010520583000100147,0.0625,2.2986088325500686,0.028271042713828368,0.016666666666666666,2.1799336690975997,0.015039519522536514,0.0017093121101199075,8.798580103361871,0.05948821664394038,0.016666666666666666,2.006692146885719,20
59,EmotionalStress,450.0,0.007511473229338556,0.75,1.9557303095233542,0.006654787890364507,0.0009048508215399976,0.13596989662888198,2.11120175922306e-06,0.016666666666666666,1.7506730718103534,1.4677034591968503e-06,1.8288224714325466e-07,1.1340798693834207e-07,0.6201147935890559,0.001621933780257409,0.1875,2.4786889009296034,0.04982885066711004,0.016666666666666666,1.29154956282777,0.006432823790237285,0.0004841782709140904,13.286064610236682,0.10745398720602213,0.03333333333333333,1.963756237644573,20
60,EmotionalStress,480.0,0.00027306241310953033,2.0,3.4425614162156677,0.00018942452901992785,0.00016549751266997545,0.8736857550933373,3.905151555124957e-06,0.016666666666666666,1.7590324292452684,2.847737831781438e-06,1.528317854865273e-07,1.2244724543221653e-07,0.8011896546416434,0.0006256525861192558,0.5625,2.4859030627482883,0.024727970097429573,0.016666666666666666,1.940587039629943,0.014217071028932913,0.0007533264619975585,18.872390319642044,0.10424507408031625,0.05,2.3263635797255917,20
61,EmotionalStress,510.0,0.47033311278351797,0.5625,1.5164875140307956,0.49503571472396773,0.0226975298313613,0.045850287476768135,5.082860597077046e-05,0.016666666666666666,2.188275145815184,3.46232663601789e-05,6.3997992076875395e-06,1.4439592994824544e-06,0.22562571928005926,0.00028193473068942456,0.25,2.630765494912399,0.015474957985300247,0.016666666666666666,0.7855084184764969,0.0010507372951657319,0.00020371198656053634,5.157955174392686,0.19593190563817128,0.03333333333333333,2.2363561716018747,20
62,EmotionalStress,540.0,0.29990648802031106,0.625,1.5059752387943126,0.28061629119237025,0.019460195047964066,0.06934805875052907,2.3386462964696706e-06,0.016666666666666666,1.5355765999795887,1.8372640887899325e-06,1.5099748020350782e-07,6.575668274602887e-08,0.4354819872318722,0.001040549447148054,0.0625,2.7196301233550613,0.03889899516234378,0.016666666666666666,1.1074815633853252,0.0034413958439878265,0.0006487223987883886,5.304882104294968,0.018895657521236228,0.016666666666666666,3.1752713625992,20
63,Relax,0.0,0.23990224861591877,0.5,2.949591139963623,0.18311442498887853,0.06621383174687359,0.36159811959595806,0.0001097047669378414,0.016666666666666666,1.8851202168401235,8.236984070812902e-05,9.034108051405524e-06,5.78956594469947e-06,0.6408563979704373,0.0005049137045672162,0.1875,2.6196320145557284,0.031814865038850254,0.016666666666666666,1.2230713511908922,0.005343373497227819,0.00020471012528063147,26.102145606636387,1.5360315737275396,0.016666666666666666,1.2532741262317277,20
64,Relax,30.0,0.06582136614484045,0.5,1.9696682712854032,0.05931419341494897,0.010325044989981696,0.1740737654097387,3.3118900316352747e-06,0.03333333333333333,2.5840911425084054,1.4656307530226544e-06,8.62239611212714e-07,2.3192458854192196e-07,0.26897927852760906,0.0012391614764715759,0.0625,2.6846228970843367,0.018513013368526194,0.016666666666666666,1.9786905253058378,0.008575421199733362,0.0017465228712042241,4.909996508560249,0.1238120171165131,0.03333333333333333,1.7302926390239168,20
65,Relax,60.0,0.0004857526789639722,2.75,3.5872315163781012,0.00021129908402243164,0.00027960697722365395,1.3232758604574486,3.4526678927164994e-07,0.016666666666666666,2.646183027433937,1.6646921519426395e-07,4.488365057912124e-08,2.546477705494841e-08,0.5673508443806038,0.0004927639539795213,0.0625,2.5266316573131404,0.02195986401155944,0.03333333333333333,1.5482173384947593,0.005218977313054031,0.0003870708729864531,13.483260243238938,0.10276115953609663,0.03333333333333333,1.9630461881046128,20
66,Relax,90.0,3.313885900368782e-05,1.6875,3.993990232932154,7.628257944105568e-06,2.531541935717399e-05,3.3186370391073985,2.1186431955891177e-07,0.016666666666666666,3.632209456082173,4.143084338296803e-08,2.0476234501548996e-08,2.8575238075331844e-08,1.3955318822496476,0.0010313101368655232,0.0625,2.366076413621641,0.0047958486064223335,0.016666666666666666,2.153897732862572,0.0025411375121490633,0.0002863719458076258,8.87355604957235,0.17034219071467557,0.016666666666666666,1.6670260792613476,20
67,Relax,120.0,3.43530475970606e-05,3.125,4.064476228129241,5.311230456932576e-06,2.864436036210678e-05,5.393168418199257,1.471562840369166e-07,0.016666666666666666,3.6306349284539783,1.8073637363192693e-08,2.5292455249074993e-08,1.2105974966850652e-08,0.4786397701462137,0.0008829836185684327,0.0625,2.4418859609556245,0.039932555270319296,0.016666666666666666,1.3374177340030602,0.006722267596200652,0.0003996372965552452,16.82092150593701,0.07208276076419805,0.016666666666666666,2.1484463012844106,20
68,Relax,150.0,4.8468391100239e-05,0.875,3.3761821128430927,2.918711443134519e-05,2.0058109181594416e-05,0.6872248104133659,1.639902076243563e-06,0.016666666666666666,2.2320790247797726,1.0845440873321541e-06,5.2046680656985336e-08,2.5277012566760746e-08,0.4856604157592564,0.0010658919124071848,0.0625,2.3721329297573552,0.08851363784257513,0.016666666666666666,0.9437139184712904,0.007392094499967397,0.0005077809357474051,14.557644802255009,0.046328703705620006,0.016666666666666666,2.35895198212895,20
69,Relax,180.0,0.1758768166765495,0.5,1.5247662008343343,0.1699962903979571,0.010119806005704852,0.05952956962775268,0.0029099026963625083,0.03333333333333333,1.9859198739424981,0.0016653986958037176,0.0009117624680350946,0.0001890460721188271,0.20734136219297694,0.001279427290736498,0.0625,2.623744779285984,0.08322557324314131,0.03333333333333333,1.3054428252538537,0.03305267836513996,0.0009493423331803662,34.816395740418606,0.11428771736670346,0.05,2.241242047614885,20
70,Relax,210.0,0.08837880096486454,0.5625,2.156206371634628,0.08284274764017388,0.014832720939990766,0.1790467042983225,0.00039890666852880613,0.016666666666666666,1.0218775287003456,0.0003293074647987628,4.378357311720866e-05,1.4134293030050766e-05,0.32282182617241517,0.0013425308630587891,0.0625,2.7400790986033794,0.07134349499125629,0.016666666666666666,1.8700467387631816,0.027839507504789703,0.002855714587959215,9.748700945875935,0.11130168687411743,0.016666666666666666,1.9755527858550477,20
71,Relax,240.0,0.1365006284400634,0.5,2.923058234751104,0.10028774780020454,0.03765403020262866,0.3754599243533103,0.0016278984953127448,0.016666666666666666,1.8558265056724994,0.0010227178680822192,0.0003109984148325449,9.92652992104107e-05,0.31918265327448525,0.0024304633845723244,0.25,2.605335424461252,0.16996675896716465,0.016666666666666666,1.5481884251413205,0.052987893561477824,0.0013531654985005509,39.1584722047628,0.24896936005676906,0.016666666666666666,1.7507007949810398,20
