window_index,label,start_time,acc_mean,acc_std,acc_skewness,acc_slope,eda_mean,eda_std,eda_skewness,eda_slope,temp_mean,temp_std,temp_skewness,temp_slope,hr_mean,hr_std,hr_skewness,hr_slope,spo2_mean,spo2_std,spo2_skewness,spo2_slope,subject_id
0,Relax,0.0,0.04823003818203265,0.042611905980668545,1.8614649560822627,-0.0012342950015204726,-0.9125998633949326,0.0011676938684489842,-0.054061070274166546,5.085503982079019e-05,-3.3357600381565278,0.3550337643822977,-0.14410936660778986,0.020018830511797658,-0.22214604929501827,0.5125269054989429,-0.49367117216524836,-0.026377199849973332,0.7580370724116164,0.6416009422467754,-0.5611726210349297,-0.0029145385128674334,1
1,Relax,30.0,0.9465576348798604,0.1791612254163136,0.23690343031105318,0.0077596618764605475,-0.9099011251247596,0.0024446764742161904,0.38573883605197173,0.0001289065348895102,-2.8112665898565106,0.28122569601600345,-0.25931050223139646,0.01571790263178492,-0.8629596220337047,0.49249697285253047,1.0022980824736851,-0.024302973690749505,0.7770396523170694,0.735721391935567,0.12409396687952211,-0.0040866898713032476,1
2,Relax,60.0,0.3093987139740056,0.4389084074166657,2.863612459219623,-0.014534692801440284,-0.9071640591663309,0.0015098421033434772,-0.8032370315882976,5.446270441352571e-05,-2.39217882158455,0.22489265253013788,-0.26001692466562537,0.012199662106674442,-1.0880262711663256,0.2799921033031532,0.7843546068308078,0.0057451868441033135,0.28297257477529925,0.8902865856136076,0.48377263468939585,-0.030824412750217516,1
3,Relax,90.0,0.028891727114209523,0.009842006944190544,1.2683958481001258,-0.0001170467285173441,-0.9059640721987061,0.0008221463784978098,-1.0249756563407826,2.7052900301430064e-05,-2.0547236244274085,0.1691708465279061,0.035731280041044935,0.009067102291595613,-1.0208232840013503,0.2765325324887601,0.8576836026380533,0.0009587862806752165,-0.11608160323920703,0.5041954207610699,-1.0552897060221726,0.013939097235452938,1
4,Relax,120.0,0.026719653075981988,0.007728484730832852,1.4907808493520684,-2.6314158202740532e-05,-0.9054010903703423,0.0003040390613904181,-3.205471303589327,6.7073405275515975e-06,-1.7781687539205406,0.14413054196300393,-0.1459468558012818,0.007742474828277558,-1.1020973921556452,0.20127185156706265,1.517887246371238,-0.006482855051872564,-0.07807644342830165,0.48223141719784857,-1.2609766499825612,-0.013178782840791867,1
5,Relax,150.0,0.027017601084992803,0.0074219715922577405,1.0241640718432106,4.386505032998839e-05,-0.9053227626662486,0.00011421744659757497,-6.472624288910208,4.530482354841162e-07,-1.5543491311492246,0.13803190613886046,0.7001805881096145,0.006772601449078714,-0.9739340956756919,0.2725334203113593,0.7086633406454076,0.011298059562231946,-0.2681022424828286,0.558559494777889,-0.40824829046386285,0.0020908645853179434,1
6,Relax,180.0,0.08335546580096696,0.07419515556462915,4.078323715840364,0.0017935546396457616,-0.9052099962982162,0.0004248126650147559,4.77670496807524,9.065823795000892e-06,-1.3766110620465064,0.13191279343637535,-0.5900656013641207,0.006256310612272377,-0.8598361008628953,0.2007632319705984,0.8371036618348693,-0.0010759787622997023,-0.059073863522848984,0.46971364075526134,-1.3754927699066501,0.019356337297413047,1
7,Relax,210.0,0.10043065803698221,0.06532491424947662,2.029122299000603,-0.0019243303664779248,-0.9046851821970822,0.0009092499611256293,1.1078354990823183,2.7547268504649916e-05,-1.1659075405951689,0.1406698501219625,0.02798893194160267,0.007364102261634377,-0.7738672545538722,0.20737094742663795,0.5335266131850676,0.008145388017768958,0.18795967524803595,2.7755575615628914e-17,0.0,-3.903762538609367e-18,1
8,Relax,240.0,0.05463340611514241,0.01947013077974249,2.3244849793690943,0.00013097390761940085,-0.9039388725472974,0.0012230139339130719,0.8088456173772341,3.0116242868712504e-05,-1.0016432514315092,0.07563654826839593,0.7444520388993968,0.0031126008482206115,-0.751992422544421,0.18869985604805303,0.6275349159480922,-0.00869293950407008,0.18795967524803595,2.7755575615628914e-17,0.0,-3.903762538609367e-18,1
9,PhysicalStress,0.0,0.07407993431429964,0.08294062788963161,5.2814017290628605,-0.0007103078460766316,-0.8930051389875447,0.0028663133905685997,0.3008537721588202,0.00015458349194540858,-0.5805128519763744,0.1313635032482385,0.11546591857455123,0.006654302375086418,-0.2690366924512181,0.7733172203397892,1.8317665000752552,0.02856037458583517,-0.040071283617396286,0.45606191773086446,-1.4999999999999998,0.0031046171115326968,1
10,PhysicalStress,30.0,0.42404139776857325,0.4744298956953128,2.8193079747940315,0.009876990537060086,-0.8892713718441312,0.001872153584531751,-0.7452683020961756,9.194038759774144e-05,-0.4235934282381312,0.0827842039892212,0.48264569833722587,0.0035782996860223406,0.39365316712746007,0.899767788588657,0.3391743975542338,0.028008195452957338,0.8530499719388799,1.0259633499930578,0.2303298221561153,0.03823747809816292,1
11,PhysicalStress,60.0,0.5232555095568772,0.44727442924641453,2.729941376943209,-0.007314102880356352,-0.8866886691863625,0.0017760332143179978,0.4938877957407061,9.187004073409848e-05,-0.2797616231760434,0.12186044765330506,0.22673136025120424,0.006210539723088721,0.6640552455683086,0.4702418404467761,1.9533862528902228,-0.014095915764452526,1.1000835107097648,0.853213721651989,0.3436215967445456,-0.03396070962819444,1
12,PhysicalStress,90.0,0.4792847772210476,0.570065161675668,4.764547210617176,0.010591158877374605,-0.882707048479563,0.002984083068184676,0.031875176986132556,0.00015997521052519165,-0.1494496893545002,0.06107431827506899,-1.7456543221254792,0.0022554688034058007,0.656244260395474,0.43136618881650396,0.5733363284482871,4.938581739767128e-05,0.7580370724116164,0.5700773971635804,0.0,0.007983301143941222,1
13,PhysicalStress,120.0,0.6346442281157493,0.7261578491058305,3.565488454967065,0.0007177578544783624,-0.870582243148193,0.01049261674602355,0.3643579335268219,0.0005697726787778717,-0.11343632034203469,0.03571221710906995,8.544459976725049,0.00012776045296682988,1.0172677332143956,0.4958941843244641,-0.16437257585509268,0.01392890817117245,0.5490086934516369,0.9872201467896333,-0.3501828356316938,-0.014350934199227682,1
14,PhysicalStress,150.0,0.5383247575985614,0.5454126188375297,4.983429614117819,-0.008481815396100758,-0.8576358841740388,0.005601984046332224,-1.3880929747394832,0.00024289891481978318,-0.10890438760142061,0.039782123312416616,6.4082038727405655,-2.7364087943281103e-05,1.7862125961611404,0.6069501588836618,-0.24939517532691594,0.03040125870006363,0.30197515468075203,0.9239241169063626,0.3796067377862243,0.02781483493801744,1
15,PhysicalStress,180.0,0.8440418339305478,0.3663553368129882,0.9261212479160451,0.007442396530368331,-0.850628405294357,0.004421330161572462,0.6460150610150093,0.00017943982691918998,-0.10339314209190471,0.04551929710890758,4.5940669079118175,0.0003554384707996508,2.1097276279806163,0.28640781969910745,0.22764895915524416,-0.013541803594718483,1.0050706111825012,0.6932687035464712,0.23876255235534458,0.024171661796933138,1
16,PhysicalStress,210.0,0.8534240327306511,0.4409852349879334,1.1100716035707427,0.002100446290499395,-0.8410002699945756,0.008595312171347276,0.6756378612130652,0.0004145514278832401,-0.1072974442010545,0.0419612718620392,5.836756696988858,-0.0004338448615449596,1.7705760775100652,0.31797054727279916,-0.3412926030124718,-0.006247999562713794,0.8530499719388801,0.6994911352908769,0.5463331634385007,-0.03411910846041547,1
17,PhysicalStress,240.0,0.8617179027570167,0.4650544135899038,1.1244853037265792,-0.0017790243571738308,-0.8122076542569396,0.027936600564974236,0.4508678560039486,0.0015188693845619434,-0.13671089317920654,0.044000922155823234,-2.1845072218760313,-0.0015444469206602565,2.105045983300754,0.5587706376198842,-0.3105458899294644,0.029146208448219427,0.8150448121279745,0.76271157548229,0.8192556714968143,0.030254176954221706,1
18,Relax,0.0,0.33211877589459715,0.9447267633658296,6.552109372628027,-0.015592874802949996,2.4506852685385767,0.5124221041055596,0.9762065235686983,0.02100697966881224,-0.41204182887701735,0.02705593267520807,6.0356286817595475,-0.00024631456695225416,2.5692562218774784,1.1541625477199415,0.00239306429244427,-0.009236903836656917,-0.09707902333375434,1.053744030786925,0.7679586254289446,0.05147962047184323,1
19,Relax,30.0,0.13698330448894333,0.03812005760870147,3.80429160765805,-0.0005329983491140945,2.7118985877302464,0.41800320293798043,0.8253962487403657,0.0009837721982812273,-0.3970847133288522,0.04095035841446102,2.2848852270881816,0.001226700374464366,1.700275756124012,1.4357233240871154,0.4135750600743993,-0.07794646120194026,0.5870138532625423,0.7158198957185802,0.3768157078940325,0.00015839883222105414,1
20,Relax,60.0,0.04146065001040696,0.02189542714501532,4.651344770265931,-0.0001473136683469786,2.205288136228302,0.5727138515608114,-0.07972750793897905,-0.030196074634601087,-0.37445024965955453,0.050818529146249944,1.216445591618795,0.000439942682659074,0.03888110114177972,0.579696827561389,0.7540774197772356,-0.031054118250680156,0.5300061135461841,0.5224845648971023,0.8728715609439704,0.0022809431839832003,1
21,Relax,90.0,0.6391842348877792,0.05697931345931021,-5.703960281615773,0.0001306448347058811,1.3373137288583303,0.48652757347170433,0.5754034721832508,-0.026253386707435697,-0.30441160932735795,0.09367778613373144,0.39682082555708587,0.0036514983599526146,-0.4050022451207623,0.2404179666402054,1.6572366611221299,-0.0036323678587115477,0.41599063411346804,0.45606191773086446,1.5,-0.014826130695890857,1
22,Relax,120.0,0.6797309724857304,0.0628443764387982,-5.949304135693579,0.0006312774026433376,0.9465812739805312,0.17581748439595615,0.8325275164311856,-0.001630605033207657,-0.1806794875743251,0.09195301580972841,0.08387403339644271,0.003405393058558222,-0.5331713609228783,0.3791853890987065,0.7575376756744214,-0.005868081420644901,0.18795967524803595,2.7755575615628914e-17,0.0,-3.903762538609367e-18,1
23,Relax,150.0,0.039711976017627014,0.10606005854596169,10.61381151543301,-0.0012349288775113656,0.931354399575307,0.1867663166348228,0.8626345400636715,-0.0021714010390657384,-0.12398468136972646,0.04670684747465149,3.815846777407385,-5.6605183769466927e-05,-0.5175493905772088,0.35790462677934076,0.28975781048363625,0.011647056390775479,0.22596483505894133,0.20466404910321026,5.199469468957449,0.0003801571973305332,1
24,Relax,180.0,0.03973942521137334,0.014786899736898115,0.3970156736133144,-6.770069869734067e-05,0.710843737990979,0.24418698068544226,0.6592289892669134,-0.011228158636225729,-0.12096803290518594,0.04041082263710058,3.9025041229875885,0.00025198949855169005,-0.34249690577159686,0.18321164255212757,0.32857023748492936,0.00017733005860000705,0.24496741496439398,0.2484909764232748,4.129483209670115,-0.002375982483315844,1
25,Relax,210.0,0.2909413388882907,0.031870322626802394,-1.7759806113483179,6.926966880911018e-05,0.35412611581729886,0.1832671203123025,0.030143902581053702,-0.010427348265886573,-0.11657498933663189,0.036811303139491616,5.096437256427503,6.226700511474323e-05,-0.3690606566136136,0.16341370905654753,-0.6362835104909058,-0.003931935212814215,0.20696225515348862,0.14596158583930133,7.5509568368877815,-0.0008553536939937056,1
26,Relax,240.0,0.04002319802043563,0.0607916903524351,6.1422736546105,-0.0011550211141626643,0.06339799578582733,0.15410938475977906,0.29613788279824654,-0.00883622592081057,-0.11280915640917012,0.03504750441714144,9.057377257352348,0.00033577458007494256,-0.4987849862637017,0.1845404804285351,0.5741192690142247,-0.006556053360931693,0.18795967524803595,2.7755575615628914e-17,0.0,-3.903762538609367e-18,1
27,CognitiveStress,0.0,0.12980641213119076,0.15238522887816655,7.210542782293108,-0.001066845609576015,1.741774906320688,0.35693853736239406,0.7266356088036798,-0.019658389196746152,-0.10464294011056523,0.0487309632385375,5.663354086243895,-0.00020839782733212677,0.8328475945574364,0.6101227863210955,-0.15767171095819912,0.03063628396661258,1.1190860906152174,0.8193175587367386,0.28792480697503364,0.002882858746423213,1
28,CognitiveStress,30.0,0.1024781521527322,0.04388901195872334,0.30388620816503825,0.0001265078394878673,1.451883089123535,0.17011596561571474,0.5342217763272471,-0.0017691777377230006,-0.10715941931203966,0.04166586076381259,5.643334773680117,0.00015773811970347132,0.6468504195943954,0.7735589615578049,-0.009585137805162453,-0.039675406845332606,0.28297257477529936,1.337625060836455,0.5193652044459043,-0.07124779473303103,1
29,CognitiveStress,60.0,0.04944844114948734,0.04507558788223713,2.7647586994904385,-0.0008669446552208675,1.293440558179129,0.218386859575699,0.6162190039092142,-0.00833071915768336,-0.11532448744836417,0.043255388937535985,4.57107504518049,-0.0005725526711219894,-0.19244568380732624,0.2617470644462871,1.3458461352710511,-0.005800279607200664,-0.5151357812537133,0.6276607084897521,1.0698732207868298,0.02328462833649524,1
30,CognitiveStress,90.0,0.02958514394793849,0.028348029301471265,5.178985597677865,0.00026009488555913974,1.1696197559751667,0.18344805774379117,0.31104204814114533,0.0003842375413033807,-0.1724114167910436,0.08120103402211025,-1.3191553549672714,-0.003526163791816877,-0.22057628714164002,0.17611661587797214,0.07911427534779768,0.007207743872947599,0.3969880542080154,0.8193175587367387,-0.28792480697503336,0.035576377716849183,1
31,CognitiveStress,120.0,0.07369062280704627,0.05375758509305969,2.510848273389431,0.001479415935616705,1.169950966518008,0.18835699538127637,0.5910279076820628,-0.0011080940012012706,-0.288233733456113,0.11229862233984972,0.6187389562773161,-0.004819317215102983,-0.05959055883372502,0.14065384493539693,0.41248067218168377,0.006407044596396731,0.7580370724116164,0.5700773971635804,0.0,-0.005955796091511712,1
32,CognitiveStress,150.0,0.21796436938099054,0.19795097716023058,1.798801447856975,0.004067673734860239,1.2709235245384576,0.2948690601919717,1.0967801797096282,0.009539689989489402,-0.38554280124145657,0.06954102573307683,4.034542647443006,-0.001818432685901064,-0.06115595649548152,0.1992963305169801,-0.7188007802797339,-0.004668970393457425,0.5680112733570898,0.5374741244473925,0.7071067811865469,-0.0006335953288842326,1
33,CognitiveStress,180.0,0.31429860144205374,0.19833001978379883,1.538442083871534,-0.0027674663660350114,1.478677765979906,0.276125841267855,-0.23552595787580416,0.008191556046123469,-0.4134478417013838,0.02570563181564922,6.9914758546228315,2.2782286796055254e-05,-0.02989019334603288,0.25055857334644893,0.11573901800879675,0.0045705067833555985,0.5110035336407316,0.513772974648469,0.961644737891902,-0.0033897350095306,1
34,CognitiveStress,210.0,0.9942202288287343,0.3554909673545952,2.262845246478359,0.007300701924369375,1.375748696099701,0.23301210599086317,-0.03303999233058282,-0.01176218400647152,-0.4190845525113283,0.028296001132635924,4.736717020983988,-0.0002954460498426729,0.04199734815988618,0.239207397220736,0.08262882167476977,-0.00406533415902233,0.8150448121279744,0.5672198483562038,-0.20100756305184211,0.021193763751177295,1
35,CognitiveStress,240.0,0.41722852099526336,0.5455089936461079,3.6276751628780937,-0.012977557879430005,1.0365947178160688,0.19849582073692468,0.3880079031808304,-0.010778610787784184,-0.42161312076116936,0.017925850701812105,-2.015079690525491,0.00020126327561206,-0.06429402597169777,0.2168802897451967,0.06275929690767891,-0.007597851083815553,0.8340473920334273,0.5649873185017456,-0.2690691175985254,-0.017994107340311972,1
36,CognitiveStress,270.0,0.2629730179324881,0.11415826456831289,0.9263297355223372,-0.003761609963169351,0.7191787481033481,0.19135722782606668,0.10661839335211352,-0.010772732182491982,-0.31522390303398307,0.13137932684424128,0.7576444091449043,0.00633517359808145,0.1373367579813379,0.3015039697130493,-0.16362191313675858,0.011342883218617681,0.016936456098961758,0.7454729292698244,0.16367672241057601,-0.02657932404669321,1
37,CognitiveStress,300.0,0.36765424535535635,0.7021074874797848,4.431460889533003,0.018758768923898918,0.4459490850404381,0.13114260714286982,0.39152302407659123,-0.0073866043691388494,-0.16241135028649903,0.09738092371990692,-1.3308403073241382,0.0037991121355710708,0.32333684260546025,0.2233744119790519,-0.95665864755438,-0.007614023592921124,-0.1350841831446597,0.5543414422959104,-0.5190674394290256,0.014731091396558206,1
38,Relax,0.0,0.7785138818533495,1.245870881989366,3.5985896206091765,-0.028901750526987346,1.2052163769015556,0.45002830919972525,0.5352081071644631,-0.025436618789304855,0.29836915607049785,0.08932351596227066,-3.0188608264097967,0.0027482595448593762,0.6906364543768134,0.3853193704174046,0.12551155391477528,0.02055070418834522,0.7580370724116164,0.5700773971635804,0.0,0.009694008531928628,1
39,Relax,30.0,0.11072953343922978,0.058867309997306556,2.3404862078012028,-9.594283650570296e-05,0.6201431652142069,0.23941697739357176,0.3017134245725154,-0.013720875378499184,0.3375776090528722,0.029353327638696584,7.0352071479791265,0.00013977222703646098,0.7375212782108501,0.4541047593901091,-0.007631002544429886,-0.01702261117726054,0.2829725747752993,1.2540263065581447,-0.691204139474502,-0.05236665393228114,1
40,Relax,60.0,0.31508732550520957,0.25445574226433204,1.4787528045242067,0.011385908699859665,0.2811707201469974,0.15318272215178405,0.31551369740796387,-0.008740703189384299,0.34474290092348864,0.0354314642086548,4.73800807894969,0.0001922871986133281,0.15609970746430465,0.4712113119775588,1.2531171386182889,-0.01946661734297115,-0.6101573800026863,1.4164414400193404,-0.11269943430007676,-0.02338005920957529,1
41,Relax,90.0,0.43608268239655196,0.1507288713179372,-1.109650579851947,-0.006786238408607901,0.06259405861413754,0.10270043453898173,0.07650273176595743,-0.005874761845583279,0.4080614965395186,0.09291912859113656,1.2757714571040595,0.0038298217083487405,-0.39094712726738984,0.34647625839142276,1.0006642765628964,-0.014568934976486378,-0.5911548000972338,1.0714367154705648,-1.1496953160687666,0.022778230663523597,1
42,Relax,120.0,0.26796526161640954,0.15619965657698834,0.3012761726678876,-0.00649208203737822,-0.10241020663062697,0.09202429704158051,0.256996162508692,-0.005285792315568372,0.5293539459088071,0.10003844986286507,-0.3708911577212238,0.004250638909713037,-0.5816346758935376,0.15544814465799964,0.8917924058019622,0.005328635592026867,-0.5911461008755243,0.5303728646397419,0.7882318002900216,-0.011499755219248663,1
43,Relax,150.0,0.1537409845731267,0.03563239226760316,-0.3759319014571654,0.0009101043666858873,-0.23560879841331808,0.06325257275251195,0.2706408109857538,-0.0036304194600730844,0.6141959119957311,0.04946614861964985,-2.045614058670879,0.0017889193996794292,-0.41595275460035375,0.20120575269425955,0.845641943499916,0.0034419431125499063,-0.9141899592682198,0.20466404910321026,5.19946946895745,-0.001267190657768444,1
44,Relax,180.0,0.09198414093497645,0.08953035942733699,1.714453053653793,-0.002505980598073506,-0.32834395852554965,0.04463015185183218,0.20402842166864538,-0.0025669192997210153,0.6504975600046343,0.03671942591363408,2.826880004842473,0.0008118897155276048,-0.484722594257626,0.23129948588696694,0.6190640698085637,-0.010368230028139157,-0.7241641602136928,0.7732906046969126,0.6923361419447341,0.023379667635827873,1
45,Relax,210.0,0.028208823150868742,0.009015529577911805,2.06557771003192,-9.236860613140027e-05,-0.3967267538647603,0.03449897725845111,0.17126075250346334,-0.0019836867334227953,0.7493489616098793,0.11212419946020598,0.48724570601215,0.005383959525426943,-0.56756791939584,0.13664961774392867,-0.07693345700601482,0.004872252138834523,-0.3251099821991865,0.8436375067986237,-0.5424412380028754,0.014541012797892947,1
46,Relax,240.0,0.0267082136005624,0.005971599435492987,1.6931415890063515,2.9335687154369033e-06,-0.4484466927294676,0.02559181818153415,0.19444293541069235,-0.0014685299928874742,0.8863912263011632,0.08567716764125474,-0.9205825237531581,0.003605505037893903,-0.4206474927550824,0.12187877439490731,0.08765709966048388,0.004805287085384486,-0.8191770597409564,0.8605882211153294,-0.19609062993815704,-0.046347498307881006,1
47,EmotionalStress,0.0,1.9026364967869727,1.0911293295043611,1.155830402481023,-0.03031055895952952,-0.33405383960132135,0.11599713776113489,-0.2687359120146317,0.0063991300775163035,0.9416730378783174,0.028268331786512384,8.239582041429783,9.859246398509668e-05,-0.20026539796340515,0.4614868870703131,1.1287057189874472,0.022051737624575646,-0.6671564204973347,0.6113399010127861,0.7703300589811278,0.017518910843648802,1
48,EmotionalStress,30.0,0.37854722040678274,0.7546001427364392,4.993799738383853,-0.01710876765373733,-0.23021915439028356,0.0442298942209904,-1.1548204468976746,0.0006575644463501268,0.9353620888633886,0.03541449270345949,3.520532125075917,-0.0006410644538037844,0.7359311484299026,0.7361955613619112,-0.27804631052966156,0.03980253372967103,0.5300095932348682,1.3214732537878062,0.49072776357163805,0.056200114511362635,1
49,EmotionalStress,60.0,0.05325162643324059,0.030609870375727048,1.4893866298944216,-1.9213786374989797e-05,-0.2722606798720431,0.05682086030401599,0.018659403531031075,-0.0032737357506757376,0.8889451612201872,0.07369266013813236,-1.0600224707420176,-0.002303549880228179,1.0110134167200733,0.573689404823928,-0.7957109202592849,-0.022929067138857534,0.49200443342396283,1.4699769992776195,0.10171259081125905,-0.04080367840636534,1
50,EmotionalStress,90.0,0.057808803921859234,0.025142721413509497,2.506807313580483,-6.565092952151134e-05,-0.36274679007723826,0.04659528072932668,0.2015525982188171,-0.0026786269774676285,0.8556786649568068,0.07333807126239623,-0.19069788807575158,0.00029035090890225,-0.07053961348277628,0.8431621049548477,0.5307862323638711,-0.04429614833303652,-0.23009708267192314,0.9531645589019742,0.08798598452198014,0.019768174261187807,1
51,EmotionalStress,120.0,0.05526768295197597,0.025623035941514907,0.7976733050222662,0.00048408184655999856,-0.43328636074808285,0.03479250027798509,0.16292556156374605,-0.0020005871723386354,0.8921084327932411,0.05612065891606255,-0.9211030090485114,0.002005942540460524,-0.7238603643795667,0.13080313301449295,-0.4338998809921465,0.0037001963514599677,-0.23009708267192314,0.720094986677891,0.4819114847329338,-0.021415522116286778,1
52,EmotionalStress,150.0,0.055142650036538725,0.027047127354151115,0.5831866603037694,-0.0003127151049615301,-0.4859041273664389,0.02634651366967579,0.18387128078214277,-0.0015126834289948912,0.9335556552573678,0.031274464666953765,3.445173417611297,0.0004897110254277919,-0.7051003245576811,0.10549405984431405,-0.3691798829696198,-0.003913492537463466,-0.781171899930051,0.50240176363257,0.6925104674031227,-0.013844057936120296,1
53,EmotionalStress,180.0,0.13127222721951518,0.10039631388084622,7.326005804533426,0.0011684206550186026,-0.5198037602377331,0.0143100036407614,0.6323241320270863,-0.0007816626270080728,0.9416637711684406,0.02496938848669078,7.568932407147851,-8.2249721380535e-05,-0.6707124950679637,0.1540909423473203,0.5182962523342279,0.006201482983209311,-0.6291512606864292,0.6932687035464711,-0.23876255235534538,0.02632588591513952,1
54,EmotionalStress,210.0,0.09879508257820602,0.10611485286266209,6.712665736409793,-0.0025677696132226932,-0.5425611891750582,0.013028760605777689,-0.35328064475141235,-0.0007293582704147109,0.9454735662371735,0.02863091496342301,5.135402476759388,0.00038372370178706356,-0.639455460901759,0.13874400675514426,0.5579776611439091,-0.0012715380618171528,-0.5151357812537133,0.6612788595966389,-0.3067241254663422,-0.009408890633930727,1
55,EmotionalStress,240.0,0.029750743044898238,0.01782543836941944,1.254806591280585,-0.0002797988471975019,-0.5683933200293853,0.01665082673912913,-0.02952113708462809,-0.0009549789213153095,0.9793338593472003,0.056322462526820695,1.23757447256392,0.002050859909619507,-0.6285122255748711,0.14059337477660228,0.24470783024942336,0.00349455470036005,-0.40112030182099734,0.5697605994746738,0.06670373459650729,0.020623527955181496,1
56,EmotionalStress,270.0,0.04640998937092397,0.023811786202803033,1.9886788604801842,0.0006129089942802568,-0.5937592286143966,0.013313835888970851,0.26779634191928,-0.000759198247467829,1.0972932163088518,0.10996396878175937,0.05533321474408314,0.00575265022226737,-0.587878808574075,0.11368660471708797,0.2245010964524653,-0.0032443270812205693,0.016936456098961765,0.40711669305737064,-1.9603921176392152,0.007951621377497014,1
57,EmotionalStress,300.0,0.04036435635524936,0.026423602312440935,3.2376814578768984,-0.0006375953255670435,-0.6138939318221157,0.010657239251016354,0.2796276886753266,-0.0006049449210120851,1.2166106486761243,0.06559235750714194,-0.6072501862763539,0.0022521941694500255,-0.6441501990564876,0.09073573489178725,-0.3699033407755134,-0.002383795826996463,-0.477130621442808,0.6677994333502731,-0.4204965456010781,-0.025819009652032137,1
58,Relax,0.0,0.5357483063428107,0.2951200437967485,0.8826878688340544,-0.014591677681558229,-0.6233456780302604,0.00843330507552364,-0.136448081581985,-0.00047971038478524376,1.3173767280586206,0.09026085531571205,1.1773386812984319,-0.003464020339607215,0.032618055664213344,0.6594412607292861,1.3144726120482562,0.0290060232571887,-0.5531409410646188,0.8014944906917825,1.117638344679602,0.017962427573867765,1
59,Relax,30.0,0.0921225631069971,0.04198724060519154,4.7272790119882595,6.799537040528697e-05,-0.6387543241122775,0.009743505973639089,0.01104042378284705,-0.0005572217873079814,1.2530745820551332,0.0387379172086282,3.7771594338105263,-0.001005610994324961,0.1951662719728032,0.6233057547888069,0.9721903692572339,-0.002173254885495638,-0.43912546163190264,0.8436375067986238,0.5424412380028748,-0.002502701549092681,1
60,Relax,60.0,0.11377583684144801,0.1132549906218121,3.725005021252299,0.002147957204432811,-0.6532200457607996,0.007325897762813212,0.2821234781553717,-0.0004119352070650356,1.2261607059325026,0.037378939214587036,0.07661956705685848,-0.000835856341068783,-0.1736929181381441,0.33257113956357454,1.2477737430566904,-0.007817007015169854,-0.6861590004027877,0.8921099074167397,-0.22530049669010424,-0.009757368064817045,1
61,Relax,90.0,0.10259948751718984,0.11826422077804065,3.858338547401706,-0.0033967156458317538,-0.6655987614514149,0.007319890871330622,-0.17498092371175966,-0.0004169190455684385,1.1483614148634613,0.09679364369088869,-0.5102229790850942,-0.004161125311325082,-0.44877518642831465,0.3462440571559856,0.27062431292807193,-0.011506546197312194,-0.6101486807809771,0.9830047625708094,-0.46186632487535495,0.0029145385128674373,1
62,Relax,120.0,0.03061056848837521,0.022075195782161355,0.6165316728408865,5.211527858630012e-05,-0.6768857808304448,0.006168506191829795,0.09178708195671191,-0.00034623879440038593,1.021857981354138,0.09344721292898904,0.8090247617089193,-0.003869494521488966,-0.5941258509156938,0.3299982440078303,1.0127820445653837,-0.005510695163637657,-1.1042157583227463,0.9644628343956972,0.25650301420452626,-0.02141552211628676,1
63,Relax,150.0,0.07895748712989163,0.03131703234666123,-0.7000168742562518,0.0001386354086843938,-0.6853058994198352,0.004184526292248611,0.5140541381140525,-0.00021902989594964448,0.9508935775942696,0.03442850036861155,3.139258370524822,-0.0005617858496626587,-0.7832436373884629,0.2606712315716313,1.4221451186522818,-0.008380192573710714,-1.0472080186063883,1.2010773006085582,0.7653222279373463,0.05528119244514857,1
64,Relax,180.0,0.03817002230009595,0.025613328652378687,2.098300031840867,-0.00024046502101909083,-0.6905595323794531,0.0020416685956461873,-0.29251773770145567,-0.0001069224087732201,0.9397771442745618,0.01116148653383851,5.197594470380265,-0.0001464924505391862,-0.8332607113765532,0.18900289035902018,0.4884774214376075,0.009437454591444178,-0.9141951788012456,1.2826483874211054,0.21541912886702141,-0.0259144753316675,1
65,Relax,210.0,0.04294602226707342,0.015620193730003482,0.9600149694155835,-0.00019441951916103362,-0.6933811819940617,0.0017927725564247986,-0.4297804087676857,-8.446844583852703e-05,0.940374935028088,0.028401027780634882,8.028763253736914,-3.934896717518496e-05,-0.6378915180705432,0.21096207532792619,0.42106505583055664,0.003384429808947554,-1.1232235577612246,0.9268625917278722,-0.2778881880242593,0.0067478859706441375,1
66,Relax,240.0,0.021797432473398277,0.00809505877642209,2.1001418044930866,-5.579805852290687e-05,-0.6966206537874406,0.0027580667824550335,-0.1240302345141136,-0.00014730508632019538,0.9398109782691046,0.029193570446147447,7.331874489880641,-0.0003444713298976222,-0.5644371240723273,0.17666693932038338,1.0487160348287456,-0.0012924716140202395,-1.237233817660915,0.7683718503486393,0.3471411152518939,-0.02664268357958162,1
0,Relax,0.0,0.03407180136894821,0.0098605706525349,2.0865075516778133,-6.78590488215112e-05,-0.8501896516606718,0.054256519896689184,-0.44990233761103626,-0.003006013680918052,-2.270204362930644,0.1626047400315718,-0.0076395291693068515,0.009179018617472959,0.07054221715263481,0.5862618870256183,-0.8769769781504713,-0.012412581207379184,0.5278567224125055,0.4248228544731042,-1.7199312102657525,-0.008100496379175466,2
1,Relax,30.0,0.03127997835633569,0.010855104432876907,0.8583127397803146,-5.6150472987231815e-05,-0.9530201140072995,0.07238486608711643,0.18276873688850737,-0.004150736102668406,-2.022785489236251,0.12757392949355092,-0.11345178290858242,0.00713029553168874,-0.544785062953753,0.7441883769175626,0.3393056480860595,-0.03723370193963052,0.4976127609295474,0.39236329485524496,-2.2664554304989197,0.009696793539768458,2
2,Relax,60.0,0.027217686762701525,0.013968240664044406,0.8156224037344877,-6.76639350589414e-05,-1.0716327430746697,0.06453375806930496,0.04358026488472443,-0.0037181279672144096,-1.8164509552618167,0.12061779392571421,-0.161256757727352,0.006648528877686327,-1.1118737192359374,0.365482079644535,0.7446531482481773,-0.009944066896091093,0.4371129935118925,0.2885090046473786,-0.6289709020331515,-0.013764826037534124,2
3,Relax,90.0,0.03851973949557357,0.032523169850071795,5.08304311776079,0.0007029193930320466,-1.1768026535986138,0.05602634444281875,0.05887203997289504,-0.003230983780479271,-1.6329104821800613,0.09886645637402662,-0.31970225954594017,0.005250287819556865,-1.1235690624215577,0.1896412110987936,-0.5436729599565697,0.00894974674225749,0.2959745065914215,0.2982094818169526,0.33806170189140766,-0.0034117944879358125,2
4,Relax,120.0,0.041811999837110723,0.0312699489753265,6.45385333439366,-0.0004719255390140637,-1.2677853481528074,0.04937930045242778,0.14411966752774116,-0.002844224419814166,-1.448199470341636,0.12541696311850636,0.18801952484209167,0.006727240416303313,-0.802019987371081,0.2442030985243412,-0.05472893556506225,0.01356027247067699,0.2959745065914215,0.2982094818169526,0.33806170189140766,-0.005865597420145803,2
5,Relax,150.0,0.02066113668484971,0.014209938805623901,1.5180940024773553,-0.00022495556901671297,-1.3423167035570032,0.0375265968967215,0.2170997831034841,-0.0021573954263837593,-1.2819751398754005,0.09892422962976043,-0.685263235894386,0.004929062092570618,-0.5725499112496332,0.2503383332505388,0.9899638576109432,0.00513173612521268,0.32621846807437954,0.30176677836804416,0.13363062095621314,0.005008447080812169,2
6,Relax,180.0,0.01611760625749642,0.012913017428022634,2.0280904423598733,-3.0463428824144017e-05,-1.4016280872579068,0.03155201313195842,0.10163670733535801,-0.0018183960389661798,-1.1609293848639217,0.07468011287255465,-0.48238986698657677,0.0037853496016926145,-0.4980097119099559,0.31904825174572005,0.45872209653046675,0.0034868355941280486,0.46735695499485047,0.2771904856219683,-0.8728715609439688,-0.0021512792830334134,2
7,Relax,210.0,0.014105127546952348,0.014191507400314975,1.759860577227166,-3.4723245358208664e-05,-1.4504831298282757,0.02474646557390601,0.22245858028506074,-0.0014208157195823245,-1.0412633425167879,0.07397910626344134,0.3929374631713696,0.0037883682218002915,-0.707020464579924,0.3553787721339209,0.6096443955153891,-0.015965021359837617,0.27581186560278276,0.29409131659352855,0.4799138191337436,-0.014302645858292481,2
8,Relax,240.0,0.013643240159605366,0.013278112550012853,1.8318264938794067,-2.1165793872771963e-06,-1.487902909237135,0.018415496003801705,0.1348889075537745,-0.0010593214727888298,-0.9649126617978804,0.039245320062626834,-1.6130345668456707,0.0012374663760329446,-0.9291789941582864,0.13846981199117658,-0.5326037708616708,0.002266494435233438,0.04394149423343785,6.938893903907228e-18,0.0,-5.336421680694892e-19,2
9,PhysicalStress,0.0,0.3450372330012433,0.5398291499252658,4.160525919634133,-0.012461319594391179,-1.5159903525283516,0.020526602765322536,2.611658684763993,0.0004703416315632216,-0.789734085361859,0.019337301107415328,1.889022539613686,0.00022061568047120243,-0.5067905529321328,0.8059669505079924,1.2069267349061894,0.030738113805767117,0.20524262214254738,0.2893883392211356,1.5030492793747332,0.012033718489468168,2
10,PhysicalStress,30.0,1.4518257590802128,1.2769116805838463,2.2868818122435117,0.044317677201467426,-1.3935555080608262,0.1259426608429107,0.22852841993023576,0.006993598752912876,-0.7731676382369354,0.029073857945645355,2.673207233514034,0.000864017483824115,0.26345696923813,0.818912916970409,-0.6140619827753813,0.033668954030704905,0.5278448779607666,0.30842909953990333,-0.2715454178836398,0.012705993265416111,2
11,PhysicalStress,60.0,1.4250049821727655,1.4168188272028057,2.670011810359924,-0.028076466787812036,-1.1043658066549915,0.21751363310523053,0.8948489193267242,0.011807203159046412,-0.7598904528184282,0.03384101229334992,1.2838088233190725,0.00014258588000166144,0.7866907983386456,0.3953971437418351,-0.09102677617459051,0.01620745404538193,0.3262320045906522,0.5994378944872011,-2.064720137972972,-0.01976394751879409,2
12,PhysicalStress,90.0,0.4700301444736445,0.18350356296163325,0.7011827312346997,-0.0009374410664249847,-0.6767538062096836,0.29742098081496043,-0.20513731166162402,0.016732878251698682,-0.7674431344819747,0.02972888087600005,1.2767932254347933,-0.00045255363927760954,1.2631408460172056,0.43221067166892824,-0.3541873173681513,0.01746507586040749,0.11452427420994585,0.5747748336421892,-1.1661323379974418,0.009730754248175806,2
13,PhysicalStress,120.0,0.4833264649146563,0.19106500185327432,0.7603763931735091,6.798879371241142e-05,-0.3322070540106606,0.12811720625982032,-0.7354731125232931,0.00664945391651651,-0.7807203716511505,0.019579410451846368,3.465888231416185,-0.00032633933879887175,1.2806615805105026,0.3758261935872598,0.10548992093027675,-0.01734406230448741,0.5379261984550859,0.4618741333809199,0.3223406045213903,0.014403487074684664,2
14,PhysicalStress,150.0,0.5093574976294251,0.2310880994227241,2.198234335664279,0.0025465061097092343,-0.1786697861080168,0.08025260890007851,-0.23899968256187018,0.0042963549176611784,-0.7868877513874075,0.003547303842802944,9.281948833397674,-1.7308808257140732e-05,0.548442289874495,0.48104619444065616,-0.08486190591029719,-0.02637508441082182,0.42703167301757305,0.4412809444038969,0.6904230923470351,-0.022823728643432652,2
15,PhysicalStress,180.0,0.7482695816532875,0.4293334844703061,1.2154883714680875,0.011358205746400434,0.2193069688473392,0.4115249179443492,0.7353298697559171,0.02183721346757848,-0.7871094569614614,0.01453878528378767,5.740950604265029,-4.0946826056672776e-05,0.2181629560707938,0.2247793505857393,-0.4047540205094124,0.005036544764386305,-0.01653627634527349,0.181433311736134,-2.6666666666666665,-0.004772349776147271,2
16,PhysicalStress,210.0,0.9763366987536367,0.4669206961829207,0.8047171502384536,0.00014691874500299905,0.8643926129988404,0.3962355020583962,-0.9348889408239417,0.020785280986556725,-0.8029652624854848,0.03174779549125644,-0.5530699538096372,-0.0010062951516887106,0.07200308125356741,0.3389220010599812,-0.44176070271919626,-0.008492026700277561,-0.14756636973887896,0.34019000927916615,0.08817213586367523,-0.002604399026489767,2
17,PhysicalStress,240.0,0.9670245048976619,0.45432541337971205,0.859059717456004,-0.0012666810856541016,1.2220023469753094,0.06998838985324654,-0.7596787929587886,0.0030948899661308775,-0.8638829924745934,0.05859439159796215,-0.1777039713867525,-0.002613952110696403,-0.0653928132977997,0.2525545573684989,-0.1087241378533401,0.010387224432743692,-0.08708859916016769,0.3141019128565586,-0.22231564783914048,0.009225143362428249,2
18,Relax,0.0,0.4990902049736812,0.8385716080622057,3.7854393894904628,-0.02198723530230197,2.192315386502287,0.1715028931836635,1.625807689094131,-4.3981840918205645e-06,-0.9558337992192115,0.014937539700087911,-3.613150414637515,0.0002310692936592865,2.4499321486701535,0.1802035451393669,-0.014469178606171895,0.010063739247880631,-0.10725293221334051,0.26187642842705566,-1.1547005383792504,0.002167722257475347,2
19,Relax,30.0,0.029749762938497962,0.021126733941968755,1.9860174258632315,0.00048718820194762214,1.9975426948474155,0.27149630374918515,0.6010198821654715,-0.015227102065967385,-0.9164690853429306,0.05601957008957637,1.3815363576229465,0.002503000633202913,1.545234546945129,1.3801077049249406,-0.7237336574175803,-0.06887038838040463,0.19517653022903522,0.4223066751653388,-0.38543644908104946,0.018806065977822608,2
20,Relax,60.0,0.037269613086494964,0.01753878510923799,1.3224496302692197,-0.0003687981633954093,1.5701652768685828,0.23708097517892937,-0.04156025538871219,-0.013676754000742926,-0.8243470910342405,0.07616774275883402,-0.3367054678914215,0.003982810048353906,-0.3080251184044851,1.1879140389890583,1.4266142356197173,-0.05751109212162714,0.326223544267982,0.35727030454577713,-0.5986828221853844,-0.006992072340855853,2
21,Relax,90.0,0.02257782216191468,0.012242552020461048,1.444886218803245,8.78935583159144e-05,1.169528322973343,0.2267835889784267,0.12729299048808934,-0.013073338386401631,-0.6935614414273549,0.07985717387242264,0.03125048243557715,0.004194082390072251,-1.0797274829769956,0.13134387111767953,1.0483369182367388,0.0009819762571353903,0.134673378682312,0.21598508632615163,1.9603921176392125,-0.004285751696668135,2
22,Relax,120.0,0.025167193490576154,0.011345763360055721,1.2055670977312027,7.44071112286792e-05,0.7949309907002765,0.20594631635374458,0.002628535366578682,-0.011885336403843837,-0.5511816647704303,0.07831560793115776,0.18178667507098298,0.004047317766346141,-0.9920322806905021,0.22028627076261986,1.0223768710643604,0.0014740696744363797,0.21532732676593505,0.3141343846787804,0.22379900480551135,0.0028406881517520337,2
23,Relax,150.0,0.027808858576965734,0.010305690667026168,0.9116403111562106,5.311244693316074e-05,0.4462254199771602,0.19605287460665463,0.08796714277436567,-0.01130542600086801,-0.40804598261274483,0.087749765480162,-0.1576992716262654,0.004727264503953267,-0.8736444802075779,0.1923768627114737,0.1132168656254785,0.0008526404091179925,0.1750054289177259,0.3329739728871432,0.057243030242085886,-0.012285821530448651,2
24,Relax,180.0,0.03202807047467505,0.005518292362815888,0.4533003660188953,3.4419753534175856e-05,0.28083232737235425,0.08076888919526881,0.1593786322543332,-0.0016935445074061318,-0.2859535347773881,0.07340273250520665,0.3403619075612105,0.0036988163126799108,-0.7961789396468242,0.11599696383291574,0.6579782680896371,0.0014886402109261477,-0.006456647915488269,0.1671517276389837,-3.015113445777636,-0.0009242226679158438,2
25,Relax,210.0,0.02990709599597889,0.005322635957257617,0.4607674428844151,-5.064603598913901e-05,0.1882842049357522,0.11629745008010911,0.1430437645780445,-0.0063351454208538565,-0.18025033574930482,0.0748818624904463,-0.45981995248818375,0.0038336149992581983,-0.8283311976044506,0.13339898054274127,0.5958792122408113,-0.003355104451907483,-0.12741218907291094,0.27252303147721796,-0.9616447378919013,-0.003814519011216303,2
26,Relax,240.0,0.02680287766180907,0.009869316784521522,0.45397342814726727,-7.347664618377268e-05,-0.00601690464238905,0.11216058498235931,0.062046456588625405,-0.006470575919002114,-0.04808571331513467,0.07994270505967725,0.17861002662938058,0.00413998042113899,-0.8780234594911651,0.1230746077613753,-0.30338120861959245,-0.00044085861639892894,-0.218128844940978,0.2996888983692264,-0.269069117598524,0.0022853505970282686,2
27,CognitiveStress,0.0,0.1000295111464017,0.11882486916041675,6.043532164995118,-0.000985835505273279,0.6264506643155817,0.27832996463408355,-0.3365053957578671,0.0156372704302,0.3858766211074201,0.13364020675761326,0.2138743064485417,0.007333395794936104,0.6522082016109852,1.3796111578145067,0.04224287133725192,0.06147532410575767,0.2657694625927485,0.7067981319714952,-0.05305362424432473,0.03747691818073956,2
28,CognitiveStress,30.0,0.07842989820721931,0.1125727148586182,6.986149190433473,-0.0010301734341665316,0.927816262609312,0.12223947468936962,-1.0613766912481906,0.005911076781345958,0.6572320088543958,0.18530732331441915,-0.06711106225236543,0.010411127473307365,1.8579883288965855,0.6709701350343654,-0.2476973159207324,0.0032043013066393195,1.0621548641596918,0.2813754162080508,-0.7882318002900174,0.012353049008043439,2
29,CognitiveStress,60.0,0.054325767062157776,0.029988489003887123,1.4022220186233063,-0.00024529311217504464,1.0164399470771541,0.03124166216038368,0.6153355233718988,0.0007825954491270366,0.9345827178157192,0.13334811846213987,-0.07760265328870472,0.00741778675645734,2.400236273764229,0.7382960172668936,-0.9077833301283054,0.03615487387883052,1.2536999535517597,0.0,0.0,-9.665055193977793e-18,2
30,CognitiveStress,90.0,0.04987729368031723,0.0342209073383622,3.8515118978712994,3.9308956520578e-05,1.035127802132587,0.0448493950535771,0.473806201727444,0.0010092105487770427,1.159826673295279,0.13359292336327788,0.0683590774995591,0.007371293112551586,2.477696996966034,0.5244213352438876,-0.36361311128445584,-0.028711158829802446,1.3343369809900414,0.20558488821295776,2.1572774865200257,0.001882053432846797,2
31,CognitiveStress,120.0,0.07720184074275349,0.05083232289031761,1.6676733715060494,0.0010220593602182498,1.051721672814851,0.04428642125961332,-0.27826345799310925,0.0006662872315140622,1.3788099853938585,0.12619219781116275,0.11131744894192051,0.006969600632206092,1.6519017131079567,0.45969726803766336,0.3268640108957633,-0.02503882346079625,1.3746554947091822,0.24191108231484534,1.5000000000000007,-0.0032599854104668094,2
32,CognitiveStress,150.0,0.12523787534576028,0.10461205507143218,1.8345051853848502,0.003284477518883269,1.0835314781251497,0.08563201509927201,0.17516316168535248,0.002041278634152542,1.5786624090203911,0.11808756877597158,0.1522703669733187,0.006577277066201908,1.2382820695066101,0.22613341474458334,0.5230960404828205,-0.003930063403452157,1.3645758662793972,0.23401241869457717,1.6367758705650015,0.0019324655783694812,2
33,CognitiveStress,180.0,0.20784822396847327,0.16920157936909508,3.5031227667457006,-0.0007051406910546858,1.1423070894809348,0.08738964628533925,-1.4268964276181881,0.0030006855176142777,1.7564536074720745,0.11127812976158992,-0.022509954983007455,0.006087024506947325,1.352286073346999,0.21269542185662915,-0.6476912042436008,0.010923031467304634,1.3645758662793972,0.23401241869457717,1.6367758705650017,-0.0014283441231426651,2
34,CognitiveStress,210.0,0.4818646306095516,0.9956218214108981,5.877541284470648,0.02317560159920592,1.1960976989285614,0.10513985584720895,4.09717246961581,0.0019858123590571855,1.8950565665423846,0.08150280215251485,-0.40701483151264856,0.004182992744181084,1.3201362240688468,0.4552055393176187,-1.4305781882385566,-0.016999515396077764,1.2234441476170625,0.3205244793325721,-0.05241072221382509,-0.008285789434449558,2
35,CognitiveStress,240.0,0.8916485813784799,0.8420385843144834,6.94786366409105,-0.007318462686726637,1.2966308431669364,0.19645053019103687,2.7711839639721743,0.0033000368979244988,2.0183427967017584,0.0768786687241028,-0.10900190301395071,0.003995569512938776,0.5616177665968392,0.7018491452268756,0.5949312166157075,-0.03731277274961269,0.9714179035172156,0.357270304545777,0.5986828221853848,-0.008705696005650045,2
36,CognitiveStress,270.0,0.16823781001768331,0.2741983923779055,4.90496006624359,-0.005159249968191212,1.2443529227586017,0.20594907682911828,2.4582278473895056,-0.009703195277679216,2.0626510682256174,0.05052836624755837,-1.2550568262528206,-0.0017958551024356332,-0.18669511594416738,0.3276965628345446,-0.3933888442516994,-0.013149042820376933,0.8202014802314934,0.29408534248784746,1.3890346397935276,-0.0004202084065522583,2
37,Relax,0.0,0.82118063625635,1.0359327573494541,2.9606297569893494,-0.039104493842855435,1.6057240958787309,0.1921490420582276,-0.05212278103279638,-0.010621215196642265,1.5345605032584304,0.11752531346738725,0.1971900360150226,-0.00644511593922166,0.20646881722491023,0.28533792974824573,0.339750700005711,0.0008891721593497103,0.7093086468585149,0.1814637688977483,2.666666666666666,0.00393280743929546,2
38,Relax,30.0,0.10836586743521143,0.13796367678149224,3.5450950858823354,-0.003935792362298562,1.2723827118567486,0.19444877749491082,0.08074103206615925,-0.011201010650517642,1.3320161988669292,0.11817334481827825,-0.19172478484551028,-0.006429530056906911,0.12024290941750829,0.13899681519366347,0.78824451497412,-0.0023095434737999657,0.830286184854881,0.41760688741460394,-1.689310911141181,0.0018152462680315392,2
39,Relax,60.0,0.03846079037586424,0.0194885898356577,0.6520287947002582,0.00031028567991234386,0.9633869494801975,0.16123093645591063,0.11728218235830595,-0.009296111403786066,1.1359221059444602,0.113487839327538,-0.1910832643349522,-0.006265332344991833,-0.06391508844054922,0.2560142071274087,-1.05205596616617,-0.008884435321356826,0.14480038491905275,0.9315895132227594,-0.0886892916781541,-0.04816605890940048,2
40,Relax,90.0,0.03564768157891042,0.013976491685995138,2.8612671793794844,-0.0003636105017252294,0.7038193909354145,0.13890712207490413,0.09361962948847424,-0.008010815007402375,0.9468236962802921,0.12032362113101613,-0.12411944717223306,-0.006630097150801862,-0.3971631196958571,0.3060829784542256,-0.0601703615004748,-0.013835325730335857,-0.8935265561243508,0.4609726881737151,1.9759810371918638,-0.019142392365502806,2
41,Relax,120.0,0.028349084744286237,0.010611905642220677,0.8563657906730946,-9.118705423144829e-05,0.47956890134269453,0.12055941188379582,0.09210631842081779,-0.006953668433446259,0.7493753368811061,0.138893536515008,-0.26189843993370754,-0.007511796110020388,-0.5871705956563301,0.22772648298718529,0.14251959492603786,-0.0033285594521925365,-1.206025494609308,0.28935863125280853,-0.18766517976979252,0.002891010028758303,2
42,Relax,150.0,0.026518502498619725,0.011196794370349672,1.4410349082372909,-8.245828703002377e-06,0.2788994402585673,0.11154794566977692,0.0333520184311262,-0.006437144004251324,0.5476521659334392,0.1346129011523155,0.42205654479929006,-0.007316573138646219,-0.4103169183029364,0.3071822693018425,0.19468287145012036,0.011942216100108849,-1.2866625220475911,0.3456770139573856,0.021671058662324622,0.004772217194263895,2
43,Relax,180.0,0.029380035734341062,0.009909026077757788,0.8014614942334346,8.546232585029567e-05,0.09368519442677845,0.10228099748634337,0.08446917177940924,-0.0058997188450923554,0.3854782017426468,0.08633992070060878,0.1596213406641002,-0.0045989857445406235,-0.11215009924554212,0.234812424100648,-0.7706686568923514,0.009159416300553575,-1.2463524686511198,0.20558488821296075,-2.1572774865200186,0.005915025074661503,2
44,Relax,210.0,0.02980041923200869,0.009442181121960345,0.6579592506874666,-9.715321859238357e-05,-0.07108401290757252,0.08787443370897707,0.1403947725965071,-0.005063815547508883,0.25072389957076696,0.08515054538783463,0.03901931408251496,-0.00458930570152892,0.0033123600163057283,0.15716802489606002,0.06534207070310855,-0.002270891496679286,-1.2060339549319783,0.15085806468097215,-3.4743961448615117,-0.0009410267164233971,2
45,Relax,240.0,0.02566759835838234,0.012079296882465982,0.972132205031354,-0.0001019340898325281,-0.2099086224206827,0.07274710228367866,0.07602729846294408,-0.0041958263351101095,0.11180645135993496,0.07471563432885363,0.13132928909420546,-0.00386525834569573,-0.05368783539428339,0.16645647984871886,0.32676126372029946,-0.006030413165331664,-1.2060339549319783,0.15085806468097215,-3.4743961448615117,0.0030919449253912494,2
46,EmotionalStress,0.0,2.8882338994972683,1.3003340965380952,2.9012754257102262,-0.0011778542054272356,-0.42796201511719395,0.11936192001299455,1.3206940429864065,-4.350030903446804e-05,-0.11015574595701733,0.038023600342009314,1.9642702524807887,-0.0014100983090166302,-0.11946285012836443,0.24750324968853243,0.2507400484167988,0.009122874511368784,-0.7927184273747595,0.5640752539989852,1.5696313892525526,0.01783104752318935,2
47,EmotionalStress,30.0,2.3446486429548754,1.0368795162699946,1.331875120856004,-0.008377343007479025,-0.11619160316654768,0.3640171029916519,0.019277131870696042,0.01604340122456443,-0.1313147740540731,0.015994648477125093,4.2380461612728135,-0.00028490055523402053,0.10416256524961533,0.21498286422938526,-1.4072484618175733,0.008949825046091434,0.08430569369500014,0.8825172024885438,-0.21226277042758188,0.0436954655000403,2
48,EmotionalStress,60.0,1.2747720452181044,1.3074430450008065,1.9275306412029072,-0.04978434381771992,0.10663977833443677,0.1596485427094982,0.46115373877188587,-0.006809816033390003,-0.13529340748168822,0.019247304504275795,1.1354849225221268,3.125256830946549e-05,0.26493830711459043,0.0909890363575672,1.968881139616017,0.0027315549597001355,-0.16768670911416658,1.977933277510579,-1.1917457985545101,-0.07133917184559009,2
49,EmotionalStress,90.0,0.5112665080220001,0.6879654236656152,2.6285817766356745,0.01986227915937446,-0.06596788909340191,0.08359189267922658,0.34849708719114164,-0.004640244936904081,-0.13346743186374954,0.017789465695281295,1.4075101633844938,0.00019060708943343226,0.39356419970141304,0.1291827130184857,-0.5806410685264537,0.00615290244735344,-2.3350183295847606,2.1294802937982573,1.019381915889606,-0.09330608865662567,2
50,EmotionalStress,120.0,0.6981520895222588,0.65626711110155,3.1165254325208678,-0.011972138516785684,-0.2039208155219973,0.07612258483261329,-0.22855226368086232,-0.00426135741634424,-0.12770172693166834,0.018338274800201167,6.09749553418759,0.00032873680522699017,0.4914962897520683,1.1102230246251565e-16,0.0,-1.925862046844688e-18,-3.585029312105395,1.3322676295501878e-15,0.0,1.5012830723777774e-17,2
51,EmotionalStress,150.0,0.031111201151769945,0.013476469073612678,1.1135862292489243,0.00010097439232603979,-0.3378924159898683,0.07829662694358376,0.15721264287456027,-0.004510693901270771,-0.0891931367922574,0.05430826687152529,1.0243484651095407,0.0024507256923896265,0.24740914224313484,0.3775645654121463,-1.1182189234180253,-0.01556794864116076,-2.4156925824427913,1.7209026891904255,0.8011098733986278,0.08036385704198779,2
52,EmotionalStress,180.0,0.032834652428483484,0.007141623909101127,3.3606676261915007,-4.4158450852620137e-05,-0.4602632245261689,0.06370923137785237,0.11384454442419054,-0.0036721795336770347,-0.012290994782219372,0.05729977701792161,-0.874838528794231,0.002776643355606395,-0.27730843341331546,0.4145508991856313,0.866960571581398,-0.01748571594792504,-0.601207179273376,1.4178767539008497,-1.6119836217958015,0.05414717182163717,2
53,EmotionalStress,210.0,0.03132633952718949,0.005160293816506125,3.6386155386590873,-4.046579089492778e-06,-0.5617592700823686,0.05457520415221083,0.08986382970609011,-0.0031455386927545137,0.03399260888347737,0.017095073987428166,3.9901604042125833,0.0002955438366216933,-0.4015457119986552,0.24829780627840956,0.3890709049004681,0.0056605279393664,0.04394149423343785,6.938893903907228e-18,0.0,-5.336421680694892e-19,2
54,EmotionalStress,240.0,0.029524383536941593,0.009028297460277593,1.223791254658545,-6.677789236618506e-05,-0.6493153194955147,0.04723064374233254,0.18742557912676217,-0.002717379032152344,0.06471909731846053,0.041819490051707695,1.208880109185423,0.0017571569366069623,-0.3445431079085923,0.2588980798847448,-0.0947098388094097,-0.004883193732828294,0.04394149423343785,6.938893903907228e-18,0.0,-5.336421680694892e-19,2
55,EmotionalStress,270.0,0.026723652265635993,0.01181058945336618,1.214071129452473,-8.985583873265469e-05,-0.7230572298078924,0.03786389912644663,0.08062836473638015,-0.002181408045987867,0.13719987206400894,0.05880947364467985,-0.031096769526116574,0.002953849244643085,-0.49947178035062556,0.19694319925873094,0.6856097013336468,-0.0014716402477927618,0.04394149423343785,6.938893903907228e-18,0.0,-5.336421680694892e-19,2
56,EmotionalStress,300.0,0.030028357734010625,0.009430615461765704,1.3230863928906378,0.00017423164050256964,-0.7845625187410566,0.03323451428183184,0.046261602366374575,-0.0019142734474427222,0.1905535863325561,0.024644852337487866,0.1120393327066171,0.0006598258974799731,-0.5886266423983151,0.11600781407640709,0.16270354509111198,-0.001605708458288654,-0.02661590477505871,0.19414735471754518,-2.388201005595357,-0.003175965167928994,2
57,Relax,0.0,0.3639746664562101,0.6076167173296413,3.4245222695630715,-0.01673848115006499,-0.7251335645189735,0.12534509240877484,-3.779245184222906,-4.773346931637046e-05,0.3537984977249194,0.01651264707577942,-1.786382496203364,-2.428629662091952e-05,-0.09900232233714777,0.22292716356060505,-0.3483229436990839,0.007767866820375162,-0.2987574120565891,0.5670255406798234,0.4968556340907354,0.019460129080585246,2
58,Relax,30.0,0.026780737944388306,0.012141659070420655,1.7642574667877564,-0.00022979636323033057,-0.773751421772955,0.040737370658324404,0.3309976187143153,-0.0023302692899210514,0.35806714799151834,0.01885035628393734,1.9945755738922628,0.00023590663508403278,-0.03030919242041198,0.43359803167431177,-1.0019792653401567,-0.005938078890549784,0.20525954278788863,0.6035002055344898,-1.2570601752705004,0.023326524279824738,2
59,Relax,60.0,0.02107430116286902,0.011683034506497483,2.2882926447930325,-3.998534460553564e-05,-0.8348556583205315,0.03078861941073616,0.146711014994778,-0.0017708455532621605,0.3649236216076352,0.01574111373487938,4.909427226361546,9.688909767905248e-05,-0.46585865829206646,0.5579213539292082,0.7128256084063824,-0.02306776537554058,0.2858948781616363,0.3162341362446831,0.056083793963999026,-0.0074285883190754205,2
60,Relax,90.0,0.02126603660902753,0.01273191003616031,2.8514500012339323,4.534942881291831e-08,-0.8797133500681983,0.021236895898133004,0.2739950595039892,-0.0012137434523309648,0.40320267845971086,0.05654708630296682,1.3203130740158884,0.002517200186839196,-0.8955610547407795,0.10916344049854587,0.06465434061181784,-0.0010403728471595182,0.043948262491574366,0.2208521308029491,0.0005975990931292549,-0.004504116879641154,2
61,Relax,120.0,0.022949507762728274,0.013294374905445381,2.4285042651757056,4.51480080209987e-05,-0.9110714478104777,0.015380618191614124,0.20962708812089928,-0.0008764376860973223,0.4794204516908621,0.05856709018221318,-0.7292349495325842,0.002654528736321382,-0.945255725306968,0.14058112955129384,0.24938815644432544,0.0008794263437066839,-0.1677307027920518,0.28846058084666565,-0.6289709020331513,-0.00872130117542406,2
62,Relax,150.0,0.023464856671922715,0.014131836147350118,1.7222270873705725,1.0101659131924793e-05,-0.9327779068063803,0.009683148434046185,0.44536982942575815,-0.0005347477502831692,0.5247460273547702,0.023295310903722503,4.870205858252565,0.0004773870130314382,-0.9014165545418801,0.1679919778760462,-0.10955650825846455,0.004285797721166074,-0.16773070279205182,0.28846058084666565,-0.6289709020331511,0.006200693899289939,2
63,Relax,180.0,0.02238842210235883,0.014404836843651488,1.897176009768378,-7.798016383879955e-05,-0.9472227276107914,0.007120426998705445,-0.1720334505166076,-0.0003893051290331149,0.5481389063800219,0.044558452788301964,2.032623998716625,0.0014426035888168403,-0.8663401597029143,0.14274346189868664,-0.23842113716633465,-0.0002166546618441168,-0.1374918175026961,0.2771439615391179,-0.8728715609439696,-0.007965118992583821,2
64,Relax,210.0,0.021586697026538534,0.013123845115882063,2.0822094682985224,-5.656966341031901e-06,-0.9550992495557492,0.005383452261799916,0.24905410457879218,-0.00021816036583988642,0.647139904098178,0.09660146419871875,0.006232007921257406,0.004975374346375403,-0.8473380873331564,0.16000068113192903,-0.1291705506718234,0.002612049254531592,0.08429215717872714,0.4535112881402465,-0.10914779527687722,0.016973964885243022,2
65,Relax,240.0,0.0338470459381516,0.014652941621808245,2.494737856128295,0.00029553313443006024,-0.9637080574622808,0.008716128235444301,0.2607924005144651,-0.0004825592696611211,0.7529870196471946,0.04702631475377014,-1.325432555307163,0.0016483713130854968,-0.8473368829934194,0.1685862704969937,-0.2803432087767905,0.00014639604486922848,0.013734758170230578,0.4990588737471986,0.09310584191149637,-0.017091057255479773,2
0,Relax,0.0,0.06554045272387954,0.12185323036589654,7.4062263736368505,-0.0019727143834567884,-1.4977858409905838,0.004431099562468116,-0.1539239596267725,0.00023380838810537323,-2.928654622333337,0.2570950049550063,-0.11146322921375985,0.01443552315620745,0.3938260719053697,0.2543759121553194,0.8605293762965417,0.012551113437301363,-0.9157215361072685,2.5129325147281603,-0.5284555220799192,-0.020044962818922256,3
1,Relax,30.0,0.022524581313452086,0.02018249017592076,2.3613200227551494,-0.00034465238315823645,-1.4927234997707723,0.00147457479377239,-1.4713003065089438,7.206156376561805e-05,-2.5462753212966716,0.19648254355408212,-0.21419791202492622,0.010846579973808716,0.25266427261345775,0.5284802746297182,-0.8653326080822444,-0.02013531052853988,-0.7496297531192478,2.0978049507174314,-1.1242160306518758,0.07386890210561299,3
2,Relax,60.0,0.035710577453454885,0.018623851717031514,0.5185333179223893,0.0005367843155365642,-1.4902500260919278,0.002596309649191286,1.4663513436489815,0.00011875371699942714,-2.2346223487768553,0.17236747706024375,-0.29540610929978955,0.009347213556604428,-0.4702229356598939,0.5653671329695932,0.8233731716131917,-0.026411146248122786,0.18040840728033558,0.47090961597873904,-0.30345803406632266,0.007863667450864503,3
3,Relax,90.0,0.030080375232601483,0.01865952249315866,1.2251496668867479,-0.000659820830206474,-1.4829362737749767,0.006364359140201026,-0.11368526484867152,0.00035593692104097217,-1.9663836655386135,0.14070082609383647,-0.09084045253430079,0.007471470990246018,-0.7763823410118047,0.14754449505776565,-0.1416853789286562,0.006233292577432606,0.2634542987743458,0.2871712145753812,-0.5231738965507534,-0.003737718168444825,3
4,Relax,120.0,0.011829647027548478,0.010351186584820425,3.3024418834034925,-4.467122530974537e-05,-1.4715104559421435,0.006923742033705347,0.508703069682312,0.0003840711223596046,-1.731947577697973,0.1441338463914297,-0.07046803020998443,0.007746378142928871,-0.592669422542936,0.10976493668663549,0.28005086390950334,0.0037887201593310147,0.23024161886479852,0.21718258460079193,-4.129483209670108,0.0029072718606057697,3
5,Relax,150.0,0.009196959265835787,0.009681135882794904,1.690982336008833,-4.463359658810726e-05,-1.4580789957482154,0.00931629371760333,-0.06766517101811546,0.0005333768099646692,-1.527191359023212,0.136153773357722,0.21697640884503336,0.006842425911860153,-0.5229246183781429,0.12678584425443062,-1.05170493594532,-0.0021805835360299924,0.3963111005783099,0.3198606968717672,2.3882010055953606,0.0036820948274268817,3
6,Relax,180.0,0.008879079101255103,0.01008412385096605,1.624447771769858,5.138895338264064e-05,-1.4456310453519456,0.006039539253062478,-0.49335504236704414,0.00032301856949522756,-1.3527106061604854,0.11760422352692686,-0.5231403957551986,0.005682699084670594,-0.7508608469862953,0.2512594850267612,0.16388051666708386,-0.012763876398210772,0.28005252917475243,0.48132683765917184,-0.0002906337265579456,-0.018217933622798412,3
7,Relax,210.0,0.008655961099745452,0.009924922033355975,1.5710859684423353,-5.862964199024833e-05,-1.4353702656179286,0.006408074747024596,0.2526444986683826,0.0003514574634009245,-1.1245751414789218,0.17442934521484318,0.49918867506294806,0.008962210387119474,-0.6913381367268018,0.3455179897618385,0.6217605722125576,0.016543706777838143,0.06415794543114511,0.41053250298999777,-1.3754927699066495,0.0003599479446464275,3
8,Relax,240.0,0.007241834858545148,0.010306908700503178,2.4195781705128296,1.4882940149781684e-05,-1.4234274992439973,0.007721530011204237,0.41436320817895606,0.0004340281618364819,-0.9316278076126239,0.11009230115464493,-1.9079705487747443,0.004204231605856723,-0.3681518054824628,0.24485918289714023,-0.19037082904893304,0.004730152554959011,0.13059141480460648,0.3558224000927759,-1.9603921176392143,0.004236310425454124,3
9,PhysicalStress,0.0,0.21794380318992734,0.25882281692032894,3.1140450727397915,-0.0011984714552986824,-1.3851763778352033,0.005543440981799012,0.7389738068674145,0.0002491968892164652,-0.5176592604608147,0.11573689166848582,0.2827016318122135,0.005866420185495044,-0.46681917003681944,0.46561129428835796,0.6475884975081819,0.023461867893636523,-0.06870899331577765,0.47530118041107644,-0.6289709020331513,0.0017443631163634658,3
10,PhysicalStress,30.0,0.48417347536554506,0.5275414421379477,2.50288594969059,0.011671077076024274,-1.3732201092446943,0.010188124468005065,0.28546481016893843,0.0005795999886323609,-0.39091390453081826,0.06745513592240737,-1.5877486457446224,0.0025235515361172758,0.7203986235891591,1.2412884682412284,1.2011362711192595,0.03393059937303089,0.030941210744414416,0.43149804104214773,-1.1547005383792517,0.010715373429089844,3
11,PhysicalStress,60.0,0.5951338277333508,0.43152961530763534,3.2484362996302574,-0.014364022147754304,-1.354859534839227,0.012676482100909225,0.25352036995637006,0.000712488569096359,-0.3397914203053193,0.048215323067477056,1.5720582318360599,0.001403554812456466,0.9517318696728374,1.0639729520373502,1.6229781711721447,-0.043610336466141625,-0.06870899331577765,0.4753011804110765,-0.628970902033151,-0.009718594505453575,3
12,PhysicalStress,90.0,0.30570794941589313,0.3896154924539379,6.95998980637415,0.0053500432754167195,-1.329255853655714,0.018318359791335722,0.1570058809028385,0.0010416328895976336,-0.33136328028812057,0.047362593212514556,0.9703586505094222,-0.0005836708456200953,0.37684503341626596,0.1057218336184102,0.13244163943293732,0.0016667695692124858,-0.3178345034662578,0.5810555461864978,-0.3631734744194309,-0.010798438339392863,3
13,PhysicalStress,120.0,0.2903912879016592,0.39420607080240816,7.116160431347864,-0.0024726770037958564,-1.2975362007986448,0.019124308674037954,-0.021410446307346696,0.001096595863154148,-0.35285315550952456,0.03398193380780343,2.8483436133311684,-0.0007861073851969067,0.07747831338589889,0.4945357448109407,-0.5203525767544397,-0.014269070677548314,-1.0652110339176986,0.7893780709328576,0.7076418527160236,-0.031979990466663485,3
14,PhysicalStress,150.0,0.2218296718831429,0.14361259536388915,2.337720329181068,0.0012816686482314023,-1.2627358463442193,0.021716039961543778,0.11700804826809902,0.0012482645054370748,-0.36779847716953634,0.024912633181254612,4.335887920347422,-0.0004088857151679891,0.6081485876507344,1.0105497003940977,0.16438012480987552,0.05211208437321211,-1.6797125160678494,0.40544132476102707,0.2488835521341601,0.005316559849775771,3
15,PhysicalStress,180.0,0.4604084461780877,0.2931407362452865,1.470171165505076,0.009828056383074936,-1.212912873884762,0.03414508193007063,0.07860520916088953,0.0018938617726839207,-0.446193718772245,0.09639741294182289,-0.7420284747482079,-0.00454735011593569,2.1185095243767464,0.8066562034474576,-0.18602369463164983,0.044624979606390246,-1.679712516067849,0.40544132476102707,0.24888355213415736,0.0019931522568902124,3
16,PhysicalStress,210.0,0.6183238999074869,0.2602412524099584,0.8841860928381857,-0.0040429057024648635,-1.1585209027107615,0.031353276679448344,0.25229629878639576,0.0016037294783265486,-0.5717857627044556,0.08188406771299643,1.3070172616557898,-0.0035081125571786317,1.914383459575999,1.0050026112704138,-0.256775628165116,-0.04523262563673084,-1.8125754000375882,0.2989141191859252,-2.6666666666666705,-0.008969915218694047,3
17,PhysicalStress,240.0,0.4120390948923719,0.23014145668111555,1.4514474197211584,-0.0030148070168374043,-1.090944391800463,0.05303923217251338,0.1585302870846238,0.00295638057551202,-0.6473558373718529,0.04455500271529014,-1.3688539804368582,-0.001632806267355831,0.19311187050475453,0.9999222319930102,0.5011703355691335,-0.05464065407197568,-2.310765598680797,0.4881247126126615,0.40824829046386074,-0.023919773916517492,3
18,Relax,0.0,0.11517915485746952,0.2950198878867552,5.299327837807536,-0.006470252209264577,-0.6215951231986828,0.03356979803341398,-0.7391985763849058,0.001872042768509099,-0.7528903938991641,0.10032982572764045,-0.1652602421528651,0.004652726976753476,2.132086797242776,0.9084295083371777,-1.5934198581991976,0.0014970470021148713,-0.6333934829901994,0.491282131351878,0.1835192095981919,0.012487424848887664,3
19,Relax,30.0,0.023535037211890215,0.012621759409074444,4.499759658189079,-1.9968506056548546e-05,-0.5789867866881574,0.019072842284956894,-0.21693929500218628,0.0010903287447933635,-0.650690550644545,0.0489622622336913,-0.6309015551594754,0.0014463904238164297,1.2918762957046181,1.2714704238912315,-0.1043756093556368,-0.07033248325341711,-0.05211887246973781,0.7200879824637051,0.5985650721283192,0.033888932020420544,3
20,Relax,60.0,0.022609088289790403,0.0022263835787890885,4.9531055150642525,-8.337659929699447e-06,-0.5470637707800058,0.019247314719909578,0.07038376200662284,0.0011041325188700531,-0.6240168236897479,0.02608841626971971,4.208386646273729,0.00027177765334215437,-0.3579661515739217,0.7167590723563999,0.8725544313241739,-0.036290578258478375,0.3464819437710304,0.4767142355001142,0.18777020578537615,0.0034336233993663198,3
21,Relax,90.0,0.022040826721243613,0.004032867471285662,1.038088740530207,-2.4213858838045166e-05,-0.5132043942161705,0.020616527014528124,-0.06690460894186429,0.001181252241167433,-0.592546007816346,0.05166756271567957,1.3919173047279296,0.0018197032061562737,-1.014504223528498,0.12547613682729572,-0.1407641830905417,-0.006078296309540301,0.28006672089489454,5.551115123125783e-17,0.0,-3.3397430436306466e-18,3
22,Relax,120.0,0.02175231768818445,0.004899975378955833,1.0024732842277573,1.7049295510686233e-05,-0.48338086651242357,0.015597576818449166,-0.21815667255455737,0.0008787525384242338,-0.4940364552295765,0.09142191215106252,0.03820167374886237,0.004280299648341601,-1.077426650522537,0.11304389458497224,0.4369552273239537,0.003070315258909469,0.28006672089489454,5.551115123125783e-17,0.0,-3.3397430436306466e-18,3
23,Relax,150.0,0.021115672169316195,0.005596758158330692,1.0122061729412857,-7.820732805096215e-05,-0.45804804973349855,0.015231008991592679,-0.20308328106721882,0.0008653194223528545,-0.3982114797593623,0.05135393474676039,-1.3917475881389885,0.0018566172917851378,-0.9838973255110209,0.11761987028388464,-0.7829494463542896,0.003458711556666242,-0.10192572800250833,0.48449770258088104,-0.47991381913374287,-0.023562746222623925,3
24,Relax,180.0,0.018523228337956627,0.007538120838510383,1.7922535272569569,-4.798668595044012e-05,-0.43157637040427055,0.015862438109221774,0.2582572513516993,0.0008995381182734818,-0.36672327099614466,0.027300353789997504,5.662527270868243,0.00038318457969902593,-0.888647222874834,0.10374514055494191,-0.09457977644914466,0.002638077564664473,-0.5337432789300074,0.3855860600083419,1.6367758705650033,-0.006063738452120609,3
25,Relax,210.0,0.016679774438194534,0.0075083190777194475,2.6155871592259965,-3.725266828319932e-05,-0.4014868749131723,0.01930654336001912,-0.11582567942051777,0.001104288664406729,-0.34508850254092666,0.04825340184486688,2.452739964293501,0.001303822606767582,-0.8597273617442889,0.09334582452336068,0.06522187390321646,0.0002635456305906155,-0.6001767483034686,0.31989974713386854,2.388201005595357,-0.002187375971312905,3
26,Relax,240.0,0.014857402192210255,0.007905554904760753,2.4099717887582353,-5.3934847205556635e-06,-0.36552026920941133,0.02404548390707746,0.4271439133609386,0.001294217527097486,-0.2523858124318305,0.09493099300722949,0.2059230279104512,0.004734786682259775,-0.8954520548619631,0.09658365617849127,1.1950461160810264,-6.810547756226259e-05,-0.6666102176769299,0.2171825846007919,4.129483209670108,-0.004734699887272254,3
27,CognitiveStress,0.0,0.07595278833399659,0.20113745034224584,6.328663292795731,-0.003466079731945627,-0.048235902134429104,0.04590320221718973,-3.512668474110335,0.002174716475926314,0.0698619798996089,0.08066881933248377,-0.15067626334752487,0.002485747947004589,1.332701238738865,0.9247398413109247,0.09440819938400677,-0.003106801380821324,-0.25140103409279646,0.4971425628204643,0.13363062095621223,-0.02037859132767474,3
28,CognitiveStress,30.0,0.03218833085403259,0.018629836083470526,1.0890539905823062,0.0002469050270053366,0.0004865102302732867,0.02444176643360724,0.8533533582959846,0.001296443434673038,0.11197051506295456,0.052946744828256787,0.16620448270821417,0.0007548278679480303,0.8717865656748987,0.5350332596318517,2.48215779196922,-0.02247712510329457,-0.018908219948782265,0.7782524798731731,0.5792387983547386,0.037543392623130736,3
29,CognitiveStress,60.0,0.023865347777809985,0.01949579979179514,1.0364168070956692,-0.0005200789753793463,0.0557013781143013,0.04279767207344744,-0.0417837118883297,0.002442653887638818,0.13303249645139023,0.0453707202907099,-0.31366282457618144,0.0008361403305380217,0.4805883545560237,0.2060542100089198,1.2453484104740127,-0.007398159719627885,0.9443162643086559,0.5355509455128583,-1.3358602926639873,0.024141645375336338,3
30,CognitiveStress,90.0,0.018457716513742818,0.013489188076413937,0.3564431492742441,0.00015570888922744185,0.11749691732914153,0.029672506015610455,-0.25292924342766654,0.0016700449581863962,0.14571352637272353,0.02452952737468606,-2.1947440051157145,1.51454139677266e-05,0.4108543474273077,0.12340533399024972,0.4646432717868402,0.0034709403475265475,1.3096638528680424,0.17887759064290606,5.199469468957461,0.001993557847272521,3
31,CognitiveStress,120.0,0.02509006654336281,0.010683108125542568,1.7524766682741644,8.724705226720773e-05,0.1667128033434544,0.028001500069422626,-0.17604275030471797,0.0015664639454168266,0.15067884002762427,0.031127516444348403,0.5048118744504407,0.00015900808262172026,0.4771899874509877,0.1087809286863113,0.84256577947886,0.0014034916895165291,1.508964260988427,0.4214731137131215,1.2609766499825612,0.008195737816564828,3
32,CognitiveStress,150.0,0.9739147295787386,0.27188895591660384,1.5003573820528882,0.008750117629191789,0.21847838029471064,0.034071939739538176,0.670237158600201,0.0018554870244622589,0.1511781838010449,0.03058556748484389,0.5286958323411243,-8.09131235678189e-05,0.43126209524114806,0.13418530581719665,-0.4490774112992392,-0.003419606426003435,1.67504793442208,0.48818430542338215,0.40824829046386535,-0.003987115694545074,3
33,CognitiveStress,180.0,0.9459125573857928,0.5298858546378189,2.1121379253300296,0.0032695702373612833,0.29134526213468537,0.0539259466089247,0.032290532790056656,0.00307657891250062,0.15383244494948484,0.026765460377188705,2.9308753371513037,0.000436145335566184,0.31220047916804666,0.12823977440596723,0.1431667744120087,-0.0030224665990317137,1.508964260988427,0.4214731137131215,1.2609766499825612,-0.0104108020913121,3
34,CognitiveStress,210.0,0.8651021893522108,0.6031456777365728,1.4950979190169682,-0.018941428944496,0.3705462084498813,0.0398857945581057,-0.5549666074232732,0.002218723021601865,0.1614896296712223,0.02604199987257663,5.114317065675269,0.0002876030615938571,0.2917913817246968,0.23741593045758358,1.1900103676704756,0.002280049618378114,1.2930575129132689,0.22219556765588047,1.2792745255779836,-0.0018549169148295273,3
35,CognitiveStress,240.0,0.16364824902212463,0.36244292723875493,4.684951358755522,-0.008689704495880586,0.4283901143928415,0.0290770796735572,0.1812205512417127,0.0016318902507139448,0.1844768657469261,0.04517097633573977,1.6964407587517651,0.0014671169412742093,0.3955428006415118,0.340664326101379,0.46472821666547104,0.006779943153967765,1.1436024807088983,0.4626139489452623,-0.446819844487213,0.0009971135357016811,3
36,CognitiveStress,270.0,0.22778477933133293,0.05147575372300951,-0.9313961735073096,0.0020971789136303505,0.4804649840486313,0.034266064333165286,0.22263697864159745,0.0019212589877638513,0.26364750410368126,0.08867961684050446,0.6687247534430432,0.003656273243451513,0.32750392817678525,0.36856536063211176,0.16940433419902567,-0.007624764726787997,1.1602088206636718,0.44900087979033704,-0.4807167968316566,0.012596488102698594,3
37,Relax,0.0,0.6101084831210497,0.8864982358677533,2.9152033124047256,-0.02738956412736103,0.9576890980383868,0.11318430883076519,-2.5677844847499283,0.005421262730502886,0.4437889912677193,0.0430063534516413,1.4065152040617153,-0.00042224096515193287,0.4635776242177099,0.3743288948243986,0.07988807896981757,0.0187062880037166,0.5955871800355934,0.4634924382276857,0.7882318002900209,0.004180423450687654,3
38,Relax,30.0,0.022695885398483766,0.01627037036414637,2.9500027219982425,-0.0002545284180817687,1.0657363093585708,0.04333849874349904,-0.6502023340149029,0.002309171645990606,0.4269707106917399,0.034527854006976416,3.5596788188964505,-0.0005329903977567258,0.9466127249431305,0.4331444229819692,0.5436531438853582,0.006330945153721242,0.4793367181864029,0.5080706230926875,0.2713594670273814,-0.016112818140863554,3
39,Relax,60.0,0.017373420618350597,0.011839795458166436,1.5089860309964183,-5.284806388434232e-05,1.1120137773629204,0.018893816977909546,-0.15926866609413046,0.000988023776342334,0.39241024298635074,0.06141904647414074,-1.0434826965739534,-0.0020882187664032926,0.409130870543618,0.7987969527637928,0.47769341953980854,-0.03970045115195895,0.2634542987743458,0.28717121457538114,-0.5231738965507533,0.004734537651119319,3
40,Relax,90.0,0.017858063941531246,0.011825461282421778,1.1789913180469807,8.721324451133203e-05,1.135744879314708,0.01442002587774779,-0.22681711094282317,0.0006396155757612881,0.2838286585445103,0.10371587636038078,0.07063208885393564,-0.004971664224987955,-0.5722684228766433,0.3424021495895246,0.31564486749394566,-0.016542721274545265,0.04754552331059632,0.49379216990234154,-0.4007124239003646,-0.011739597301931045,3
41,Relax,120.0,0.017071970675223404,0.011971399203519365,1.41828523622222,-0.00013546268503803182,1.1429588492097271,0.0067846161048014195,1.6338486214860313,-0.0001981162912013546,0.18076017070981443,0.050755110962425826,2.543373585993109,-0.0015623118775680413,-1.0791406799996601,0.23676751571671206,-0.16184023852829613,-0.010877391344858253,-0.2680094014361618,0.4957535057250109,0.20100756305184245,-0.0034056613224239043,3
42,Relax,150.0,0.014736842022534776,0.010890888351372276,1.6462414649250547,-5.502726457203098e-07,1.1404073526366774,0.00487300041229785,-1.239201297266336,4.923063123380915e-05,0.1566440351745974,0.007901257732547623,6.547725916641286,-9.709054089332195e-05,-1.0893438790918255,0.2520405065534486,0.12110890653962246,0.010083759693080006,-0.5005265442432767,0.41053250298999777,1.3754927699066497,-0.016917553398382155,3
43,Relax,180.0,0.014558169123643612,0.011754985271615045,1.2380678940259002,3.5739948278251113e-06,1.1291887490771833,0.013202525981249599,-0.08711487904489591,-0.0006236144937337684,0.15225651207471838,0.02846448564607771,2.266898249997646,-0.00031692903099707207,-0.9855803135094247,0.16074428030291724,0.14791124159212413,-0.0035357360640298407,-0.7164353197070259,2.220446049250313e-16,0.0,7.589941251602946e-18,3
44,Relax,210.0,0.015889286287106563,0.011461077792378174,0.8484746567674785,4.360998280643056e-05,1.1111217662997128,0.0104630765285117,-0.5246550069694437,-0.0004944123311727347,0.13486002066101208,0.04341028452345022,0.22347747770622234,-0.0011270130145066325,-0.9821792471453693,0.21267410975857784,1.546737622864676,0.007579445075360506,-0.4507014422131806,0.4406697828666764,1.0552897060221729,0.01949256561777584,3
45,Relax,240.0,0.01562493040770985,0.011350551167106763,0.9692203685254824,-6.976571138529062e-05,1.0859102519996264,0.022433607914419746,-0.36026988190425807,-0.0012460464685277758,0.08790284090330092,0.06847509036521582,-0.05951508435499982,-0.002002574363818491,-0.9039398748474958,0.20224950936651157,0.8636634975712532,0.0008986800027785521,-0.0022755239423162747,0.4490406216687887,-0.9616447378919019,0.01309656752444314,3
46,EmotionalStress,0.0,2.093487336209544,0.6333779829877672,1.545158652367052,0.00836590492279484,1.0762764450331135,0.05195518148538589,-4.518376008376174,0.0017527916028294674,0.14450681099915913,0.038353358780749344,1.67361029122717,0.0007924064156613741,-0.8971363924898763,0.24027321770740584,1.4179921066291403,0.004336185238587657,-0.517134911586642,0.3986008162407683,1.5000000000000004,-0.012072100297372537,3
47,EmotionalStress,30.0,1.3572368283616512,1.01991047397709,1.692413773068254,-0.04123904346367085,1.0964498198014776,0.01648361473104406,-0.18323760447279566,-0.00019961077932974738,0.21606453056065925,0.09911954935185503,1.057698440761962,0.004545863073400191,0.31558130108945853,1.4743674032738041,0.6885582879740657,0.0766731574396462,-0.018906192560190545,0.7566912389813044,0.5616704779803483,0.037156205904390394,3
48,EmotionalStress,60.0,0.22618808840972668,0.2850950264564161,3.000609732470779,-0.01009831509942289,1.065274152020318,0.033042478202847475,0.0236483479755956,-0.0018674093517140865,0.3471105437318252,0.10176981669405999,-0.9197711690865846,0.004928180298110123,1.3020754459082544,0.8490089423291668,0.7640466867171303,0.002500500854976505,0.8114695994476506,0.4970818764724638,-0.13363062095621198,0.006201422867245276,3
49,EmotionalStress,90.0,0.02581309395005104,0.013192137392555843,0.6740360183056056,-0.0001300229562459415,1.0123978422682118,0.028716452592142155,0.185305478446028,-0.0016128049675051875,0.47635371789146996,0.09171612979281883,1.2035409623517124,0.004099106650014361,0.6897741803880578,0.4287094849162391,0.2434164920788583,-0.01898675819085761,0.4793245538548526,0.6758103485272285,-0.2693758120455417,-0.025913483860183415,3
50,EmotionalStress,120.0,0.021622842874060796,0.011561728915996538,1.2072974263091734,-6.79471148835654e-06,0.9672211707430927,0.02492020637862044,-0.03351260389106399,-0.0013914902504791574,0.6035394071328997,0.09738866152730581,-0.8944848365068283,0.004554120784419645,0.07066538362171236,0.2662579021534097,0.17841190429488224,-0.014410951651618216,0.13059141480460648,0.3558224000927759,-1.9603921176392143,0.011712152352726107,3
51,EmotionalStress,150.0,0.02165334798423786,0.012253337648313654,1.3034042643702555,6.503241705768957e-05,0.92903738280143,0.022543306095910664,0.02265788788239654,-0.0012504349591327141,0.6771881238554814,0.025892632885928003,3.7864837399523403,0.00040842340389833187,-0.2933175484371734,0.1769201999697534,-0.030535054584212764,-0.00822286622523721,0.28006672089489454,5.551115123125783e-17,0.0,-3.3397430436306466e-18,3
52,EmotionalStress,180.0,0.026555891444449194,0.012886094036151973,0.8314782180588266,0.0002453706602418585,0.896884923284031,0.019602164551754696,-0.07581526775036196,-0.0010633663519168922,0.6961776637682429,0.04075183690535901,2.437538762645493,0.0011114463796077297,-0.312024763068986,0.16008814193472815,-0.21324709152604487,0.004704032217682556,0.28006672089489454,5.551115123125783e-17,0.0,-3.3397430436306466e-18,3
53,EmotionalStress,210.0,0.030922742460246185,0.012592196597771062,0.16389573495425963,-0.00024209863509705787,0.8733583645160101,0.012901608408854454,0.6365715822100014,-0.0005827684983853185,0.7745719512629936,0.09140931136831394,0.7670944911501456,0.00448800168332299,-0.24228535742223178,0.1286356843822707,-0.3453166702713808,-0.003311513814831299,0.28006672089489454,5.551115123125783e-17,0.0,-3.3397430436306466e-18,3
54,EmotionalStress,240.0,0.024459546075002603,0.012419415904510149,0.8208980908039526,0.0001261561930537982,0.8596180940977584,0.009544188349254634,-1.4629348891884966,-0.0003188491665048841,0.8854926864699858,0.07309748348310387,-0.6768117247952004,0.0031636703582417747,-0.25929878701956477,0.12240558397585238,-0.3225237261670572,3.321686098820055e-05,0.28006672089489454,5.551115123125783e-17,0.0,-3.3397430436306466e-18,3
55,EmotionalStress,270.0,0.028069427188571743,0.011721762037246612,1.16898938812874,-9.656909497546864e-06,0.8543953291672917,0.01123229257116865,-0.5815551535856682,-0.0002181293181310438,0.9349400381255251,0.015867525866282654,-4.2667325482205465,0.0003044514005951578,-0.29842589613080384,0.11942611548445344,-0.759047579387885,-0.003564092908779182,0.28006672089489454,5.551115123125783e-17,0.0,-3.3397430436306466e-18,3
56,EmotionalStress,300.0,0.027125879109904147,0.010998080777526675,0.8901375606884073,5.421085727892215e-05,0.8602744780652942,0.010960610706815421,-0.9098302046737431,0.00021968706257854793,0.9534725347076356,0.03836700517095325,3.2556284893374725,0.0009793862725071417,-0.39366655136042394,0.19614925163996563,0.8472397548210828,-0.0007342359533181575,0.18041651683470256,0.29895061218057617,-2.6666666666666674,-0.008971010312726384,3
57,Relax,0.0,0.042894887887813475,0.12479268307096142,10.713142349350031,-0.001929880770301781,1.0764154443034242,0.013063135880072909,0.49569700977666453,-0.0004696152298231491,1.4194947451878297,0.04974929620163969,-1.0543845656558934,0.0015223867448548975,0.6880722975765207,0.36719942456057697,0.21840327299344892,0.0018857763009843254,0.9609449055379387,0.7160344169108093,0.5543185271714689,0.01896431118413814,3
58,Relax,30.0,0.022485363305552848,0.002104487060244528,3.961595336030569,-5.608013932625609e-06,1.0568209306993661,0.014470513435925866,-0.3979309496029421,-0.0006949652618216304,1.4473800992967147,0.03885999993666307,0.4092358897534509,0.0006736766808562267,0.6829774461779857,0.5381304777676629,1.641314809084831,-0.0067767188931944855,0.9775431359383454,0.6115317620369287,0.2856446643390491,-0.022314869673201468,3
59,Relax,60.0,0.03898974288444181,0.03263159433893034,3.0528262006213005,0.001106363753242606,1.0315219059232146,0.019442456942856755,0.10962963822829515,-0.0010183572931147852,1.4588034768544849,0.027115886752265693,2.9029672789349044,0.0001733698719723435,-0.00418102008916289,0.9098652112411255,0.9853937736251944,-0.04596514933432779,0.3796905689033942,0.5665933315615592,0.010670485110147716,-0.026080316704118853,3
60,Relax,90.0,0.0448603843293462,0.02900841177488133,2.155579124866395,-0.0009906152926457204,1.0002578495542394,0.02401086607481634,-0.28016307042769767,-0.001280681757800139,1.464231867188389,0.021671487739656468,7.554561447920112,0.0002212283025717445,-0.8818369923696664,0.2567365919844261,1.369390056226628,-0.012266534736432534,-0.18496756471933515,0.4971425628204643,-0.13363062095621156,-0.009746282808887917,3
61,Relax,120.0,0.01579042052439871,0.008544752928788674,1.5965223916539983,-0.00016424301873526056,0.9578337406722883,0.03101233628729201,0.2103458077730323,-0.001746283148923919,1.4664078744292115,0.025243565591953596,5.4177201946834455,8.840122221444184e-06,-1.019604473445071,0.11036241513433732,0.8175563835057931,0.0011032034361570335,-0.4008763401830846,0.4635490238018802,0.7882318002900208,0.0016336099026261054,3
62,Relax,150.0,0.011093366731350356,0.008280444379155963,1.4797118678584003,-1.1540042376823524e-05,0.9115719771531297,0.025696477440659712,-0.029528821594624347,-0.001442936427729376,1.470798039820874,0.025568474357576663,2.3376960072123727,0.0003628543784076981,-0.7746683115346812,0.2575764699620449,0.09872044394970281,0.011078773767741641,-0.4340930748698153,0.44904062166878866,0.9616447378919029,-0.011379892711514022,3
63,Relax,180.0,0.010627791907424817,0.008134023570412225,1.493032061570691,-3.40896210235823e-06,0.8674044509070648,0.027569104275443755,0.09599342953679622,-0.0015706565132749654,1.4914229892576631,0.04432376311248057,1.6368043955005736,0.0008609132083039775,-0.7457592474402124,0.22684192174523252,0.16476679723686344,-0.011037121628568453,-0.6001767483034686,0.31989974713386854,2.3882010055953566,-0.01027236057414039,3
64,Relax,210.0,0.011324648676324057,0.00724748077247742,1.5325253760507662,3.778780275390996e-06,0.8298186776540034,0.01880295559882227,0.1709965683204321,-0.001033490784786065,1.5203011198858678,0.05289976793953363,0.7147009434151341,0.0008073472801054044,-0.9039520215130818,0.09284254795329623,-0.09798648846353702,0.0025040221167421774,-0.6998269523636605,0.12757129019853056,7.550956836887781,0.0014121034751513725,3
65,Relax,240.0,0.011361006503946381,0.007642273232599941,1.4895028253055498,-1.3580313707604783e-05,0.7991023586990174,0.020721005783867562,-0.19539158672484236,-0.0011539501404680315,1.5450783145990028,0.05562512622374548,0.3041734482794149,0.0007482700698156475,-0.8869412911747679,0.09591309873153979,0.44909166167547643,9.918258140086708e-05,-0.4839202042885031,0.4590566319537624,1.7599746450653364,0.012847234216820113,3
0,Relax,0.0,1.8524187037999427,0.8096903685224626,2.1812866016884356,-0.03163557577154802,-0.32388059036716704,0.056692149604971334,-0.34927736469847,0.0015419280159716107,-3.1168874898985863,0.23345062930828342,-0.1722949259770668,0.013351670828100274,-0.2455479798647997,0.4617130786657089,0.8956762974173773,-0.010565601367613389,0.6229626155007184,0.6675036481794498,0.320490766420535,-0.027490267418852684,4
1,Relax,30.0,0.02218741881950405,0.00980730938783786,0.7377054679701344,-9.573024441681636e-05,-0.35712427164529253,0.08153914471132237,-0.370170838118712,-0.003657918861364378,-2.7580944969295613,0.17958461104776502,-0.15204362604213492,0.010219350931088817,-0.5795324142180668,0.2699735188894045,2.5521024817097087,-0.010313959427093353,-0.11303245956004572,0.5914180523425575,0.0046235142302362055,-0.013292495000128645,4
2,Relax,60.0,0.021219218737455327,0.00883673771753028,1.3667929989844427,7.346076114582664e-05,-0.4983450212966361,0.09324527321118227,0.31567090798535236,-0.005341207455564901,-2.4618231497571257,0.16690257970895456,0.11230831113394668,0.009457338454789821,-0.7387068548534582,0.06180956861318217,-0.023844343524505807,-0.0014399350039876239,-0.6562822763046984,0.5257359801973082,3.3744403290252597e-16,-0.011043523229484997,4
3,Relax,90.0,0.023810554289304856,0.00658298379887412,0.9539039865531457,1.6842986953894972e-05,-0.6360502713933263,0.06755781954662751,0.2857399003468755,-0.0038631781400896045,-2.1889620258477525,0.15433299526819083,-0.33203765449687656,0.008686435345946484,-0.7400117751865892,0.07015804694371854,0.5090215528612327,0.0018600203167169224,-1.024297462442814,0.3754505874888897,1.9603921176392134,-0.013409992492946065,4
4,Relax,120.0,0.023046570542155885,0.006415942171387519,0.9322239535146057,-3.8066841127310256e-05,-0.7349344472806983,0.04645164227899232,0.033145779346742496,-0.0026701681125225795,-1.9616672824057095,0.11121553149051457,-0.02807692880073138,0.006237594396293388,-0.6069380903053276,0.12964611887915115,-0.13571279460780583,0.005757521465787032,-1.1820182565020063,2.220446049250313e-16,0.0,1.1315988200519751e-17,4
5,Relax,150.0,0.023529405072470484,0.005849933047314731,1.6223024715107437,2.611582535332248e-05,-0.8032720067479647,0.03492393832675751,0.48551214298432926,-0.001979816763276964,-1.7775008533841434,0.10544193882290702,0.012829823812205886,0.005868328090459632,-0.49604570199578524,0.07561483961891644,-0.33224499921260064,0.00035242246992340295,-1.1820182565020063,2.220446049250313e-16,0.0,1.1315988200519751e-17,4
6,Relax,180.0,0.02366524406760538,0.0053331239168795674,2.104155084032529,-1.9958831603865527e-05,-0.8504480611993799,0.02194556463865524,0.1841995074184251,-0.0012580657055187656,-1.607519934565042,0.09569570549934268,-0.2493970453726001,0.0052689141265758474,-0.389068074685636,0.15256592568892283,0.09978165183092388,0.00764704673737007,-0.7964785376906472,0.5066984598036856,0.5533715710928601,0.023723123974449267,4
7,Relax,210.0,0.01988346903855478,0.009825636980664071,0.6730875554812006,-9.145108547264294e-05,-0.8805105961971285,0.014119787779746902,0.6645126828206439,-0.0007763636216549346,-1.4578034429386173,0.07825071360328306,-0.33367456427423914,0.004185407119934662,-0.39819194610576364,0.19206826014335548,-0.31016289352014337,-0.006613582236503004,-0.5686596129384802,0.5183826672822259,-0.33806170189140694,-0.009904112102633367,4
8,Relax,240.0,0.03824526655565051,0.016462583188806508,1.1549470082732576,0.0001593023703071831,-0.8979138389793827,0.007074997230783055,0.011478642997979589,-0.00038692394313043725,-1.3290497640891799,0.06747495574512913,-0.09270474069549153,0.0035909614750345297,-0.6356287194478948,0.1874864739983687,0.8062900444181408,-0.009546325405567662,-0.9541993317498395,0.4331786570791792,1.3754927699066477,-0.017850774320675486,4
9,PhysicalStress,0.0,0.5491120154917581,0.8771367541307946,3.1577668627852384,-0.01784117979724278,-0.7176873249557171,0.08157908923137652,-1.7892740505657625,0.002706463651143483,-0.9653001345392149,0.0735401892838328,-0.2480552819376567,0.003928820764309297,0.41978520816887593,0.7417965965501327,1.0189825986233545,-0.02418910502993076,0.00962322496381071,0.9299233328040651,0.17062034680852406,-0.03196051456211833,4
10,PhysicalStress,30.0,0.21331114615262473,0.24658932239629963,3.311740518407204,0.004243733182976206,-0.6369104991046967,0.07724705548613062,2.226426326279456,0.0032774453992122417,-0.8141996136895623,0.09831049784884693,0.12249330729104155,0.005357127692150937,0.20192811255248244,0.36834334119262396,0.22709029319855434,0.012195047158822525,-0.4635124168990186,0.4891197217233618,-0.7882318002900212,0.013994305891331518,4
11,PhysicalStress,60.0,0.3007108983165504,0.23388143436742695,2.803408364945298,-0.001367033801718094,-0.425893376042427,0.19422483240776253,0.06122009212115154,0.01087649550521721,-0.6657386574261346,0.07529442188420919,-0.5200716811639551,0.004007254473483119,0.5476450844463853,0.3087312243550762,0.36901766628536664,0.005693909973632721,-0.3758897535328006,0.4447227833691852,-1.2609766499825619,-0.012971757444156982,4
12,PhysicalStress,90.0,0.28740186093019865,0.13261199903657744,1.240364507655673,0.00026058110161759684,-0.14835305653751038,0.1371816347446707,-0.2871499399858975,0.0076146244745631505,-0.5563075024314916,0.06495257821934936,0.10851062926554117,0.003467100952079269,0.726369839163654,0.3246618083689958,0.37071529772012474,-0.001911967286961379,-0.5511350802652366,0.5151139563621466,-0.40824829046386324,-0.01303018878399553,4
13,PhysicalStress,120.0,0.2991112579572125,0.14218459450388676,1.3350856245087355,0.00018551145656585486,0.01905160207285951,0.08905934600616416,-0.43521110700776056,0.004579792356587777,-0.48203887888224606,0.04416250340027104,-1.0377061410845438,0.0018574913428396175,0.792906681604285,0.27395179880941084,0.28251498907776484,0.00016113566769900377,-0.8841012010568651,0.47381099438361607,0.9616447378919005,-0.021356654710988184,4
14,PhysicalStress,150.0,0.30130636009114814,0.14552195686073158,1.3994897937007122,-0.000572118637602789,0.062325669606721305,0.05036004146304006,0.15186462261931272,-0.0007679264913218754,-0.423279275805814,0.044068681691228365,0.8070854460774364,0.002064090264820996,0.9977204466181397,0.3269008615749377,0.38871182028091794,0.015003896147883874,-1.1820182565020063,2.220446049250313e-16,0.0,1.1315988200519751e-17,4
15,PhysicalStress,180.0,0.4750873112744944,0.3022707648102732,1.4572057672713754,0.009270357160479872,0.1689919156481768,0.16156187660505078,0.46502581309758484,0.007227144558366949,-0.36263244391611915,0.0396577681715463,-0.6646842958501712,0.0018365030586957759,1.6447765281677003,0.525622086840921,-0.3128378780448473,0.02922794156244159,-1.1820182565020063,2.220446049250313e-16,0.0,1.1315988200519751e-17,4
16,PhysicalStress,210.0,0.6988791054694031,0.35425625266751365,0.9671982597898284,0.0038164985609195072,0.3309683879195377,0.10930122505587964,-1.977831642337137,0.003471425399940121,-0.33565493598166896,0.011273751669813132,4.572178180701471,2.6326837789755405e-05,2.3701266551593694,0.44741703565641944,0.7157791499522722,0.022269597022157743,-1.1820182565020063,2.220446049250313e-16,0.0,1.1315988200519751e-17,4
17,PhysicalStress,240.0,0.7378004698079589,0.3729899404548357,0.8834738207551531,-0.00021753945672436709,0.383617150020293,0.056624068625790475,0.05461372081593167,-2.623165113212975e-05,-0.3524125706124358,0.02876404825588737,-1.7719342232174577,-0.0011832847641275199,2.9950531201504034,0.46666968521532975,-0.854227187746781,0.02329054130259648,-1.1820182565020063,2.220446049250313e-16,0.0,1.1315988200519751e-17,4
18,Relax,0.0,0.06757706774178723,0.13688075339637917,4.804113461384779,-0.0033626336878054925,0.15540482818160503,0.08463122085364623,-0.7074001213479808,-0.0032273440412612974,-0.4776942487525367,0.025355172355103026,-1.169443444467176,0.0010056334972321772,-0.10073940835139392,0.8312782323588317,1.3514600497431994,-0.03960787789086622,0.36011066959091315,0.650023644577655,0.9730026977426536,-0.028512753454622963,4
19,Relax,30.0,0.01224958153472211,0.013149208062176293,1.432557912761702,-4.5018893186203684e-05,0.02345658196965405,0.09193520387771446,0.0714822830387595,-0.005289696583082914,-0.4579307402957595,0.015316839477066371,4.561811038635221,0.0002623887048968089,-0.6786828686209385,0.056579997371327635,0.06869913251277754,-0.0004960075064527066,-0.1305462961073901,2.7755575615628914e-17,0.0,1.0774607959960315e-18,4
20,Relax,60.0,0.010619176261991067,0.013425756178908626,1.5529457940644626,-4.9784384307628855e-05,-0.12852281494036993,0.08243775880550838,-0.09565827865495795,-0.004749008818637489,-0.4116904307722414,0.052113578688133995,0.41625923671760656,0.0026165566575448306,-0.6499851922038452,0.10202885366309226,1.4283856635248793,0.0032754318235753035,-0.445987884225775,0.4818449849631939,-0.8728715609439697,-0.017120382572693674,4
21,Relax,90.0,0.010426571136680074,0.013274181910409381,1.5949104175353022,3.354623448713033e-05,-0.26199068045596896,0.0733273865255331,0.32308724132276617,-0.004197896156311913,-0.3431087288184146,0.04517238194774984,0.14883240151045649,0.002112234637603743,-0.7152171143113449,0.14560052663273637,0.8416646475414999,-0.0038149056817746285,-0.7263804069976726,0.5210418149701376,0.26906911759852403,-0.005317251925307589,4
22,Relax,120.0,0.011259393791851502,0.012812492048117066,1.6044651517383781,-1.3270090722043564e-05,-0.367878691005196,0.05000919786816656,0.1416568854054325,-0.0028798511192821364,-0.2671430976333033,0.05674676437246048,-0.13419562105410307,0.002978213017072265,-0.6995580703137725,0.15668438096839907,0.7517314884535711,0.00585945728609636,-0.7088558743244291,0.5231006955312564,0.2010075630518422,-0.00014607834959635594,4
23,Relax,150.0,0.012254118615492198,0.010941731452095597,1.8018985266799037,2.0808147611163213e-05,-0.44445991223268394,0.039209929310743616,0.1970324542876478,-0.002253093582820355,-0.1723993020120919,0.05608990216031386,0.4492380872654808,0.002953900869397783,-0.6682540768676797,0.1308359593272623,1.1315915202861047,-0.005020426286582293,-0.656282276304698,0.5257359801973083,-1.6299183476046528e-15,0.0035058803903127117,4
24,Relax,180.0,0.013023169307095279,0.009969258663563048,2.1531739786488995,4.218080267104e-08,-0.5052367423827498,0.031432121359074285,0.10419630200059093,-0.001807095909413062,-0.07532620710044956,0.07164625334312728,0.0739462316754375,0.003833711417594236,-0.7308796819461808,0.06230909189570152,0.19840448287502568,0.0014836715763190578,-0.8841012010568651,0.47381099438361607,0.9616447378919005,-0.021356654710988184,4
25,Relax,210.0,0.012284456903744823,0.00973008061852943,2.244004888092461,-3.316306751173015e-05,-0.5560618564395843,0.0277272110088534,-0.05776045005565897,-0.0015924048860510658,0.010256937224306413,0.05207632177463025,-0.8737725813296423,0.00251351976167032,-0.6369395125097977,0.10384856903278322,0.3148063234521098,0.004136963582073071,-0.8665766683836215,0.4818449849631939,0.8728715609439681,0.01238744404577154,4
26,Relax,240.0,0.01256706419866153,0.010282072184179676,2.156260649908696,3.349814753173598e-05,-0.6010305937041743,0.031149625682083692,0.4321167945293136,-0.0014537802531482478,0.0959708941755518,0.05732101299491443,0.19851352534683797,0.0030441152689906063,-0.5782333666137077,0.09524882834548185,-0.4042077755681974,0.0008196221122939145,-0.8665766683836215,0.4818449849631939,0.8728715609439686,-0.019165479467042744,4
27,CognitiveStress,0.0,0.16453080552679503,0.14429355268446312,2.969626572825715,-0.003690663101331183,-0.10672307812645852,0.508364808384247,0.7255694359402746,0.027906401206408173,0.29277225262471324,0.022072469439589355,2.464194950868707,0.000316661868395886,0.9363950636897527,0.5016635440370664,-1.5791372911914792,0.014219806084368892,0.8682878895121002,0.6488517070377429,-1.245720429666643,0.005638585064394063,4
28,CognitiveStress,30.0,0.1332387241052483,0.09366208276577359,2.279992776492874,-0.0007258012064212858,0.8233352635086725,0.6059990867987487,-0.4924080708953183,0.033432518928359335,0.3137612136679684,0.03216621460963059,1.4189871479771563,0.0008741058181378061,0.9050945938809233,0.3006732820850956,-0.06490189550461299,-0.015993559458453606,0.9033380244711774,0.5254117529296873,-0.03346316385208515,-0.007507968891227569,4
29,CognitiveStress,60.0,0.07866975684149571,0.09754648283986674,3.0156594672766293,-0.0026710996646757833,1.4730888716411357,0.150990471979603,-0.18212247550787045,0.008382656328114564,0.34354666320558735,0.03416293898858841,0.3333834543226008,0.0007915496188437193,0.46806138776595263,0.27582362035662783,-0.34086015915277323,-0.01299539353606851,1.026002265895753,0.4968759333485854,0.30319333935414466,0.01647663211926982,4
30,CognitiveStress,90.0,0.05570265865045016,0.0423150665786848,2.4730799507668184,0.0005747687353105092,1.6790696564959862,0.10815189333554556,-0.5793959984196508,0.005303389952161711,0.35507183402194636,0.026778913463351227,-0.31668827656085013,-0.00023607322164741654,0.3767381062703585,0.23257126389868765,-0.06578260158288146,0.0022599761539999715,1.5867573622870315,0.6357033340511632,0.38347436075085606,0.024130912957063926,4
31,CognitiveStress,120.0,0.06965205572655973,0.05765873257431874,2.1023721073698405,0.00011193949128826468,1.7724979733802404,0.0523541112630196,0.7956209248953056,5.0479845617856414e-05,0.3619668180231869,0.03288814573435931,0.12382514065371017,0.000674197592096453,0.6454953166991436,0.24349771260105593,-0.05478881212482967,0.010629165864883378,1.9547500865607588,0.4068425055986144,-0.1581879749904199,0.004177400352260273,4
32,CognitiveStress,150.0,0.32873910392446193,0.4358042222234628,4.828314817708729,0.007535639945208256,1.8097715742590428,0.11566307519691549,-0.31967840163154115,0.0005318142257891364,0.38485039962059664,0.029217421479674512,-0.8815270892040301,0.0007731824497333104,0.5163387419087839,0.4411516122826583,-0.540828337524843,-0.018944199845959745,1.954745808110399,0.1346002737762727,-7.550956836887793,-0.0017236193174413564,4
33,CognitiveStress,180.0,1.0752030959642047,0.5299070343266367,2.3943509239683416,0.009635349504708594,1.7400896892062596,0.2837729348299496,-1.9387665715428426,-0.006179801492260639,0.3971740431450986,0.017654169221589994,0.8106790809993769,-7.329804325122232e-05,0.19148992443318852,0.30985490812031696,0.9395630685488627,-0.004169176617147586,1.8320815666858232,0.357409920367982,-2.1572774865200284,-0.001402266563342124,4
34,CognitiveStress,210.0,1.6225803555685852,0.6605081248760318,2.4392042739478126,0.007891862681815003,1.2807408378001564,0.720083335624781,-0.8460763612338028,-0.010886023012492441,0.3899323031423487,0.024132677011828963,-0.26320147829117746,-0.0005575110331694458,0.42370936553430416,0.3828383168143036,0.86752616255942,0.014739559714239535,1.6918938622005937,0.46495001599872904,-1.0552897060221749,0.0037978052757182113,4
35,CognitiveStress,240.0,1.2329398091836516,0.9582997731163924,1.8430458064790407,-0.006143867403293131,1.5835339296946642,0.9643734220255281,-0.4691904514736063,0.046387484064604495,0.3425116053802218,0.04830667783180251,-0.090047489448503,-0.0024330156844153965,0.7720361780944688,0.35058541828168005,-0.4068782718645965,0.0067731416174574436,1.5692296207760177,0.5111927872632969,-0.4799138191337436,-0.0016651915439687822,4
36,CognitiveStress,270.0,1.2079439190325858,0.938302547802336,1.586921500247921,0.0028556361857986884,1.3247369838935348,1.1721124832977776,-0.2499215876259201,-0.045793483559232205,0.2913828530103091,0.02558387977988843,1.781894517293469,-0.0008748167318978877,1.0512104348189688,0.4591574052081834,0.5937462712817051,0.015841252954644374,1.5867573622870308,0.6357033340511633,0.38347436075085894,0.010692660580275043,4
37,Relax,0.0,0.021745155245799015,0.015197146772935455,4.794068481158492,-9.188014188673475e-05,2.911533516173015,0.26068875337948666,-0.6654460926189182,-0.013348031230911585,0.1567809197350674,0.0026685882454603508,-9.233807780464513,1.521415226552236e-05,-0.18684183396870974,0.5187148541718969,1.103201423661766,-0.01974201045757315,0.763150319985948,0.8104483262910002,0.2636481411683019,-0.03496902242334393,4
38,Relax,30.0,0.020567008709293177,0.008481026796817252,1.7275072328492649,-4.880797596829483e-05,2.3336495977022818,0.42044624562768135,-0.06455038025762333,-0.02425857092575006,0.1963404297299294,0.050451629574854474,0.7350049271268628,0.002501091988431372,-0.5573534667378566,0.1836276083744814,1.210542641954966,-0.005562046244498473,0.4302045218335278,0.5245343600220413,-0.13363062095621214,0.01226983242924348,4
39,Relax,60.0,0.15583229417049846,0.24815818726333683,5.152537612283596,0.00669725410228111,1.6045600532027418,0.4242962439718586,-0.026898030990864224,-0.024384534732891646,0.27427266554898055,0.05779835500208083,-0.023308136633036946,0.0029590094823411495,-0.6525985565073706,0.14714593263566772,1.2946397200314481,0.0018268164728315313,0.3075402804089521,0.518351027715131,0.33806170189140616,-0.022056484485901987,4
40,Relax,90.0,0.26651550374143296,0.2078617195182343,6.801447790588041,-0.004074221256156087,0.9849610765876001,0.31230793082432345,0.4209797823117409,-0.017638376381226162,0.36430097949275847,0.06162937372548208,-0.1304787988931735,0.003256720282243572,-0.4321187002214167,0.4373467628547972,1.3690970011245278,0.006435912202007518,0.254969891226991,0.5066675333840198,0.5533715710928597,0.02185198727874792,4
41,Relax,120.0,0.01718714210565074,0.011491848487297267,1.203763233105324,8.455753812204318e-05,0.5495873621938149,0.20648133214790537,0.22956692758680977,-0.011873170806793508,0.46796650751311947,0.05653762576629491,-0.06419017177493204,0.0029576493857980586,-0.411237625799811,0.4110526956480562,1.6068223006315556,-0.013721611357675582,0.254969891226991,0.5066675333840198,0.5533715710928595,-0.01671034321316017,4
42,Relax,150.0,0.027819813783860548,0.005449342816977853,2.9617836024321496,-4.7195598849332195e-05,0.25063208170288404,0.14026368922258878,0.2538087077089235,-0.008059587667567425,0.5716522174569701,0.06437482647867063,0.7153930389206048,0.003317037773476083,-0.5416979463775472,0.09617253461976788,0.13859784193878114,0.0023554149315534096,-0.1305462961073901,2.7755575615628914e-17,0.0,1.0774607959960315e-18,4
43,Relax,180.0,0.014532121704458386,0.00834490668542847,2.7182335153800468,-0.00012874311826812631,0.04324255712301893,0.10128214317749776,0.22225303791993745,-0.005824929601851455,0.6808785208359291,0.08731336956516261,0.46584413376797484,0.004506950966810942,-0.5847520955505912,0.11911236919410333,0.45263190881107335,-0.005693845355666787,-0.1305462961073901,2.7755575615628914e-17,0.0,1.0774607959960315e-18,4
44,Relax,210.0,0.013634953672010237,0.008550113246174417,2.216213846282485,8.636840087980653e-05,-0.10821058241472965,0.0740322191225059,0.20974806692366818,-0.004258045295515267,0.8018083156471637,0.08829186555781325,-0.49689809282061376,0.004652580417536627,-0.7152206379486081,0.063607337408082,0.3655444277568109,-0.0019840300258108087,-0.1305462961073901,2.7755575615628914e-17,0.0,1.0774607959960315e-18,4
45,EmotionalStress,0.0,1.73248797518351,0.7423503378545796,1.4695178769558814,-0.02389944559360982,-0.44934485872374924,0.05502140630534465,-3.739274697421958,-0.0010726032186653977,1.0595497432380794,0.036396916788006425,-1.243347030503247,-0.001335820090412722,0.4758815133987039,0.9276246222742804,0.09044688855731435,-0.0237827676789824,0.9909553397744458,0.5384010951050907,0.10370981044235146,0.010809138092428783,4
46,EmotionalStress,30.0,0.36564424962854514,0.2811260018828185,8.106848195984439,-0.00540375862287347,-0.46640207057577554,0.019812944283623294,0.4911611155021865,-0.0005934446566961736,0.9993551195413609,0.05005183802044184,0.7874768841869759,-0.002366060667858428,-0.3251398983655129,0.5334830625435083,1.5286230438871866,-0.023035035990962117,0.41267143225956493,0.9304117297517724,-0.19486151438030838,-0.04291569712366689,4
47,EmotionalStress,60.0,0.05520008233966349,0.09858816479436187,5.474123957964783,-0.0018113625020354674,-0.49847663382721785,0.03489031388018827,0.38670259415197633,-0.0019519802517078495,0.9593322879561176,0.010976485810666618,5.844365975402398,-1.1297613940797952e-05,-0.6238938328157506,0.1623017408912973,1.2886876112205452,-0.002483556274226235,-0.23569670098462153,0.4583179041379749,-0.5072691531254215,0.0026297152170238394,4
48,EmotionalStress,90.0,0.02635710216909112,0.016929961369357534,4.009230577138803,-0.0003063275820831432,-0.5512245560271329,0.026610133216012626,0.11391192258940806,-0.0015300212009896669,0.9518173434424432,0.01829777481375018,0.35883419502135,-0.0003872019595004084,-0.6904259770733637,0.11023316685789078,-0.0697851659084051,-0.0028078816776926363,-0.23569349214685176,0.3154415881183849,-2.666666666666667,-0.005258820585469045,4
49,EmotionalStress,120.0,0.022225806458955086,0.010218178567413996,0.8514043373783675,-3.983687605572529e-06,-0.5925749956616713,0.020640236178647076,0.22911302672650202,-0.0011766226108388725,0.9383273922228075,0.02470680857701907,-1.410159582974996,-0.000510146575106211,-0.7426169176698338,0.10288352617073103,0.5863104276512122,-0.0019337317927575664,-0.23569349214685179,0.3154415881183849,-2.666666666666667,0.005258820585469048,4
50,EmotionalStress,150.0,0.02101890639251132,0.011868856981999994,1.2066855083568855,-1.5626894877606735e-05,-0.6265280017063446,0.018130097710599875,-0.17150779589960005,-0.0010358377992319772,0.9261866448477378,0.02957039250091634,0.006555271388352547,-0.0005882222477438598,-0.7569745649715381,0.06653123341597622,0.531639613584629,0.000395600978003642,-0.1305462961073901,2.7755575615628914e-17,0.0,1.0774607959960315e-18,4
51,EmotionalStress,180.0,0.01913531426272231,0.018178949097810454,3.285806434179161,2.333346108958663e-05,-0.6570459067050893,0.017651251253517807,0.04171189745820946,-0.0010115326277074308,0.9157640412850233,0.03005544531920039,0.4891436031533709,-0.00032344172042424716,-0.6343355445723077,0.18322918214869532,1.2384599239779224,0.006681765939276668,-0.1305462961073901,2.7755575615628914e-17,0.0,1.0774607959960315e-18,4
52,EmotionalStress,210.0,0.016245794266244826,0.016680876531483632,4.292095511799786,-0.00017087486853336443,-0.6876430767260672,0.018206828152879787,0.09121287137344995,-0.0010427935252555565,0.9056540778319598,0.03000756683905601,0.48909216979698256,-0.0003655201779854251,-0.66303557008091,0.2008275038206774,1.1251869264815095,-0.006303184941874052,-0.16559536145387732,0.18874499322686045,-5.199469468957453,-0.003389017710635607,4
53,EmotionalStress,240.0,0.019334484250757077,0.012793558989072059,2.2529802989082985,0.0002822082829476441,-0.7180454106363434,0.01646794131407647,0.05310947026144111,-0.0009426635840615767,0.9011861567099204,0.0287759013836615,0.4416287544115879,-5.9542020666033534e-05,-0.7269590482180156,0.14463331904251273,0.6084443564977198,0.00544006906415101,-0.3408406881863134,0.4205887841578466,-1.4999999999999993,-0.008939994995297379,4
54,EmotionalStress,270.0,0.04805625899637242,0.042084863676893916,9.680261267693902,9.708494228291703e-05,-0.7483220450245743,0.018131981453553773,-0.17840431761296893,-0.0010376564870220586,0.8986835776176674,0.027945183713778812,-0.03235847096722714,-0.0002738100523560218,-0.5273438227131056,0.2712261344417225,1.5064391771949255,0.007951579462061138,-0.3057916228398262,0.39186046331288815,-1.7888543819998317,0.008472544276589033,4
55,Relax,0.0,0.4768090710783472,0.7820084267101785,3.9466851760064285,-0.01988629527168362,-0.7467389022576432,0.012724048015884585,-1.4313181404908293,-0.0001836904639755838,0.836226969981775,0.00990987029051655,8.228913856793074,-9.307727643993829e-05,0.17451304009918644,1.0489446008182632,0.7487650484551472,-0.0373824116469114,0.37762664536343754,0.8254790032435717,-0.2549339501835143,-0.028834767769607212,4
56,Relax,30.0,0.35820146219585686,0.06768855701114534,10.66356081111687,-0.0004923303274758906,-0.7698640260922408,0.021450150228325946,0.07878495092767641,-0.001200124800025536,0.8374998489907743,0.01662396667762118,7.831380487968368,0.00018971922251958604,-0.6082441851842132,0.25299130936177033,2.4178047128821496,-0.007473617991183571,-0.5160945718194688,0.7426598228730144,0.65665587195977,-0.026176498443549107,4
57,Relax,60.0,0.02833041660950471,0.044711000343139046,12.605771831626877,-0.0005226782362650316,-0.8023226617215264,0.014377284690863554,-0.2625450134073258,-0.000812126299560715,0.8377777026359735,0.01680968740457213,7.553275188176702,-5.5602763611380807e-05,-0.7087019090117246,0.10986342085056232,0.8991997971030912,-0.001185152238699511,-0.533610547591993,0.5112239898993991,-0.47991381913374287,0.024862535101300896,4
58,Relax,90.0,0.023360410889002047,0.007783803628878448,0.402626290905303,6.477115122545049e-05,-0.8257394921712461,0.013745075879530024,0.1531075376871637,-0.000781213468332316,0.835486496881993,0.003817344105477325,6.205040484475871,-4.152475688454358e-07,-0.6160619617254555,0.15816204705076187,0.41817671471280005,0.007465068838479469,-0.11302283304673642,0.13460027377627268,7.550956836887784,0.0017236193174413484,4
59,Relax,120.0,0.02460914989500139,0.006967179770236996,0.8958888751621644,1.6679666112825784e-05,-0.848960647391231,0.014051830312042107,-0.030293955509947425,-0.0008022495715816081,0.8375208246874948,0.011048257419125306,5.750142086599308,8.35777730836787e-05,-0.5051707479616673,0.09380875051214123,0.3998992152025976,-1.5803987969500428e-05,0.3951575957122205,0.5257038918196106,0.0,0.02453966485848697,4
60,Relax,150.0,0.04283040552975877,0.015480612865164433,0.48756912830417726,0.000261558008724198,-0.875912219711087,0.016921922125640178,-0.07065576581081806,-0.0009622183860213602,0.8411206013464816,0.015285482521668559,2.9628847788157833,8.779072178456943e-05,-0.36689147629693436,0.33723513202820615,2.147019150352594,0.009115251122390502,0.6229626155007184,0.4737820752555407,-0.961644737891902,-0.013526029558904133,4
61,Relax,180.0,0.024432615961468205,0.02030199668874831,2.236441939513473,-0.0006163590024418871,-0.9014368638664068,0.012784636078723691,0.4544759917679762,-0.0007163690937547701,0.8545846836355737,0.028762437406208822,1.888700426218619,0.0007675147668527683,-0.5521455308628764,0.4761605723911948,1.0498366554483753,-0.017989032738593955,0.5703922263187574,0.4956383824024078,-0.7071067811865481,0.00794617719227197,4
62,Relax,210.0,0.015324136410260885,0.006790782110782069,3.1141536871884816,-3.5738938089305037e-05,-0.9211125476217246,0.01034085715658582,0.021364000835088666,-0.0005848920900633228,0.8865420861659534,0.03671747365037488,0.2606138254153973,0.0013150381411340454,-0.8665561602191778,0.18844710609305884,0.559791397855122,6.079571533605639e-05,0.07972028604419523,0.8323410794228571,-0.3709449117860632,-0.03809565724097835,4
63,Relax,240.0,0.01311654426388673,0.006905004131638652,2.388715515832501,-8.344250799752083e-05,-0.9372703492112525,0.008183924741914947,0.4201913223857268,-0.00045552272842497906,0.921114316386982,0.029419450700394385,-0.42828590713089004,0.0010374783442324204,-0.8091525855647101,0.11957024419412006,-0.89785753658878,0.003671438132456116,-0.3934142862060442,0.45530071453438153,-1.1547005383792517,0.010546856840857372,4
0,Relax,0.0,0.05826941573836507,0.05443287732824814,3.490041735795575,-0.0015345100740891764,-1.5795222884899824,0.011707772924105048,-0.9231653439327978,0.0004571257404222846,-3.9028242325453806,0.33104454256660704,-0.15552685107825223,0.018858515953767214,-0.22314029255896417,0.8119268940809219,1.625374970778102,-0.03728956620708475,0.8372512408483942,0.3857300426302145,-0.13363062095621078,-0.01602646323623247,5
1,Relax,30.0,0.1103928817473845,0.023816597812300878,-0.8366513069882209,0.0003615543947145552,-1.5681798588844804,0.006511191079612575,-0.7697487025253011,0.00025957579692224137,-3.3660685714827414,0.30418208523646695,-0.113276700784418,0.017301425467066815,-0.8010061113142416,0.1321380440937312,-0.18060764453905617,-0.0019139527245700914,0.3862404823383303,0.32876642668398315,-0.29551003012076194,-0.009902779817773264,5
2,Relax,60.0,0.030904574554644147,0.03545179661797218,4.003468329130469,-0.0005573539059526586,-1.565989732745947,0.004390145871990676,-0.48323431937824923,-0.00020504243688772148,-2.890183606161003,0.25571180624503226,-0.04127906442708713,0.014457996997155656,-0.8350883146722248,0.12822909388456885,0.3193024501054076,0.00019402024329378975,-0.051847759992975834,0.37587308007038883,0.47991381913374304,-0.018279966964623678,5
3,Relax,90.0,0.027019838948608044,0.01177463784623665,2.1805637572788066,0.00021780717291790608,-1.5696288488164427,0.003139275925981227,1.0007963076073412,-4.651804623540922e-05,-2.4702926624211443,0.24551190354582944,-0.05306411304531287,0.013901111957139832,-0.8831112872822696,0.11692355434220683,0.3026113804532393,-0.0024642341832392645,-0.3481973145230686,5.551115123125783e-17,0.0,5.226640009495048e-18,5
4,Relax,120.0,0.029529751739289505,0.016364542431645777,0.012474054038690742,-0.0003214446627985197,-1.5667174009432727,0.003740268287483069,-0.2142358043778717,0.00020100490793086131,-2.0558788904854084,0.2535744216898239,0.10067165272364703,0.014206947407430054,-0.9001543392647378,0.11061870938382315,0.09544979942130903,0.0033858568920579497,-0.3481973145230686,5.551115123125783e-17,0.0,5.226640009495048e-18,5
5,Relax,150.0,0.0233988011768156,0.00820177156551167,1.1278047520455343,-9.662558591793336e-06,-1.5628387625492246,0.0011681520027568434,-2.110137719495285,4.116925291915265e-05,-1.676852885716986,0.21391296157379733,-0.4517381790652172,0.011741161357755887,-0.898608398708806,0.12154543763075816,-0.5072638467896566,-0.002965256796106891,-0.3481973145230686,5.551115123125783e-17,0.0,5.226640009495048e-18,5
6,Relax,180.0,0.022749007668259002,0.009396394994552413,1.412865241473613,5.0457774146448645e-06,-1.5620048482659048,0.0008173317142540436,2.4805638834866817,1.2434319247757209e-05,-1.3743905091098358,0.1535678818989703,-0.3776641466064594,0.008283228802197054,-0.9079074456861186,0.11534826749748295,-0.30774273168599775,0.0009194919521444026,-0.3481973145230686,5.551115123125783e-17,0.0,5.226640009495048e-18,5
7,Relax,210.0,0.02591151700141951,0.008298828554626998,2.6905084112521647,-1.832871742154356e-05,-1.5624317012833482,0.0015580360625869958,-1.4463210634264236,-5.350855973142026e-05,-1.13721472322255,0.11665721079746737,-0.12596641341649828,0.006149945093703631,-0.886214870214994,0.09164874386692899,-0.07923905318409863,0.0014721664478109333,-0.3481973145230686,5.551115123125783e-17,0.0,5.226640009495048e-18,5
8,Relax,240.0,0.02445649134303845,0.01402593130543207,1.4387412437014178,0.00016051356873257317,-1.5670900070877913,0.004405790030552905,-0.11420451622501025,-0.00023776084529594929,-0.9292096937384536,0.11931922823197677,0.07931853607905709,0.00638279550571567,-0.8164980219315067,0.1284517072578744,-0.05955874696504229,0.006087385404293187,-0.5801230528509672,0.35427241716537217,-0.8728715609439703,-0.012029120446755883,5
9,PhysicalStress,0.0,0.10165009239855614,0.15295487102570077,4.955201137743881,-0.004181394986881765,-1.5428558687123404,0.05590723478767719,-0.9912051656386542,0.0029811409261596682,-0.40449783466115846,0.10320786538388495,-0.4622501552602269,0.005231908938102988,1.2687118469500516,0.5892127831026963,0.28112066689143644,-0.007544042631346783,0.30894606024756704,0.5789861272981159,0.2518878162226215,-0.02597118930632662,5
10,PhysicalStress,30.0,0.6248594638195544,0.485210327109201,1.9059571843344216,0.01533857379509043,-1.4784232672636195,0.02407288733542462,0.10703097456283904,0.0010889212178525772,-0.23471561077824546,0.10266545473239767,0.3560925589080172,0.0052700785095230835,0.9340891780217621,0.2290989339062738,-0.35741004355295064,-0.004232942134184516,-0.013177739880693106,0.7649131839671036,0.49513586338041743,0.013748898434690628,5
11,PhysicalStress,60.0,0.6089609470753723,0.5073281604826948,2.8804452827410123,-0.01851274655083126,-1.4337729735019138,0.04698810986589937,1.3140794960040676,0.0020274457120278092,-0.1226049583842045,0.0541027712836164,-2.2913596614326943,0.0019450057299081347,0.859731907665843,0.26455812583770616,-0.0740963304807004,0.005730482577548922,0.7986284119090103,1.1596419177322301,-0.17522815461670793,0.037571298851961664,5
12,PhysicalStress,90.0,0.22054366668102052,0.1204818697797843,0.767960907683849,-0.001461540072940721,-1.3583843427950666,0.06165489819835162,-0.5287619462559271,0.003290141968793862,-0.09557785092956662,0.019430523581520087,7.012602631895102,0.00015525612082393933,1.013102472877926,0.27720369733646977,-0.3454676377117629,0.012675013083302667,1.2753866743525992,0.672563062634319,0.7171088709111776,-0.025006438615247446,5
13,PhysicalStress,120.0,0.21281897701448213,0.10684111718443648,0.8054100256301298,0.0008116524477919075,-1.2846588263377432,0.03335836181548133,0.48102359125091587,0.0017013754302261808,-0.08052113732333724,0.03731912647935589,2.237375574158877,0.0008933275157755803,1.2934950033307222,0.21537505602284907,-0.7717023129447733,0.010404864171536458,1.0176615218009872,0.40831066128061805,-0.8513989046929242,-0.0034801228140784336,5
14,PhysicalStress,150.0,0.2218464027429559,0.12597510077039964,1.141610027164884,0.0010476552611465267,-1.2298632989357274,0.049852657794565026,0.6663622804927329,0.002318230020079479,-0.03872858868382261,0.06345349218928753,1.3522740624998932,0.0022087743864651053,1.3864386658204055,0.08154797645900241,-0.5831920694229947,-0.003680226454004443,0.785729491316702,0.7531264587097353,-0.3930978285457308,-0.011814574348060993,5
15,PhysicalStress,180.0,0.3301278746235555,0.20872298225980515,0.9639113537374759,0.005303518723740911,-1.0695303528751086,0.1506135563373568,0.2460688613901022,0.007768334874129364,0.028010499125292337,0.07043320555503264,0.18884711554847455,0.002520206564758295,1.347718640794627,0.09520741802207255,0.9201064956033361,0.0015296015033534206,-0.0260562109647455,1.020732121753915,0.2457758167102689,-0.039290573327520936,5
16,PhysicalStress,210.0,0.439868668599742,0.22736298752566103,0.8463025761759788,0.0011740980201726257,-0.7996277193294302,0.1814085652199351,0.33665194767103285,0.008495975191316377,0.08842177094583992,0.049595067813748436,-0.8710026708553279,0.0015341467567754439,1.555320644684521,0.2627397740580821,1.0182653187195068,0.013900278372432566,-1.404821833076593,0.957014297560036,0.29946643034064324,-0.04665907832853259,5
17,PhysicalStress,240.0,0.4258423171630426,0.21799265760867526,1.0225617713650423,-0.0012030191527218502,-0.5441025493015776,0.1747388708526051,-0.062069117359279,0.007786033362173937,0.1196876302616341,0.032054938345898634,0.4883837513298996,0.0003369297912046357,2.235416170883615,0.5369990692767382,-0.08125429077347833,0.029863701453542175,-2.268167037828052,0.38637525642260634,-0.0667037345965041,-0.01033341664427319,5
18,Relax,0.0,0.05369890421480306,0.09459272911231358,4.125577576079474,-0.0026382759170208198,0.8874051047496415,0.5685302644340045,-4.162654575882327,0.0026456135860935563,0.06487055424813586,0.05619605326790939,0.2679408208937818,0.00014290464771693622,1.2857861037881475,1.1003080650816979,0.8515114977843481,-0.05689653768148116,0.6439577696944594,0.37591481671001253,0.5191595413098468,-0.00878678135199227,5
19,Relax,30.0,1.1653208270804407,0.557476443614013,0.9786446344867852,0.0246343432733072,0.6798792238762139,0.20600993855141236,-0.2062613888506456,-0.011446018396125052,0.08861392192324373,0.05222618404970475,-0.13073223697846098,0.0012631213784040556,0.32064332283833,0.2384950240155282,-0.2935505515411544,-0.008308778354844233,0.10276939889228993,0.3811364365839258,-0.33806170189140644,-0.018795500698056074,5
20,Relax,60.0,0.9511269281439599,0.6482019535849216,1.3640827955540729,-0.02865079651927291,0.3457482337327515,0.18326325194114368,0.2692228580885868,-0.010136424367400833,0.11784004508212757,0.02962724937385988,-2.8141160761454653,0.0007850386354228425,-0.03257483963994859,0.30381366168543983,0.16274483152707697,-0.011170065930318702,-0.15492586591648638,0.3347559686390375,1.1547005383792512,0.0007088588834695433,5
21,Relax,90.0,0.03297815559562745,0.01815667456075036,0.8231573411482913,7.81073280179141e-05,0.1290374626493146,0.10038087841820563,0.5080579498624623,-0.005288015774067625,0.1286451329720662,0.015639682764225542,0.19795988646298998,-0.00010989567343501446,-0.10228518691184678,0.21457601674539553,-0.5946800130787543,0.006611805156064291,-0.1420411026760475,0.3418714014487948,1.055289706022172,-0.004467959023080756,5
22,Relax,120.0,0.033401637500242595,0.015885389910099693,-0.19394784828554795,-0.0002031545225129941,-0.01761071526571064,0.09823117428152753,0.42962916527628675,-0.005511976679411256,0.12863720405520282,0.015634188625300357,0.199632610717086,-0.00013467008407213357,0.1440368420038261,0.22080238162422425,2.053526853734526,0.008065590305199889,0.11565416213272878,0.37873314474773545,-0.4082482904638628,0.01340387706924227,5
23,Relax,150.0,0.021728218996915252,0.008768237302641422,0.4957290347670978,-0.0001301701219406489,-0.17081042048830142,0.08055793822439325,-0.05820070691673225,-0.00462412914764276,0.1286438982347324,0.021281740759204543,5.117253799504772,1.9523380404192635e-05,0.6056814761728284,0.4641434517927194,0.25143454566665224,0.017037697273172638,0.656842532934898,0.3543156685897606,0.8728715609439712,0.006960555078470932,5
24,Relax,180.0,0.01784280580348138,0.011426782028262675,0.7842786820309142,3.763573447914946e-05,-0.3069409674922973,0.07513436967951583,0.12010799179623212,-0.004316617314951247,0.12816946717441477,0.021676576521259955,4.8417061249186775,-7.00300613275751e-05,0.42288213169837263,0.602918437635365,0.24117794852533073,-0.03350403095195481,0.6568425329348982,0.3543156685897606,0.8728715609439697,-0.01624129518309885,5
25,Relax,210.0,0.019677878364511455,0.009644205968206388,1.0351305122609193,3.525545266187763e-05,-0.42268017104667666,0.058197600822467395,0.2503628090506706,-0.003331838299212605,0.1272013815761315,0.023206806216496352,3.1547285602572286,-1.7696977558087824e-05,-0.1859363034358062,0.16096994531486866,1.3129797005462382,-0.005615072732575884,0.24450179453711696,0.3269786349332831,-1.2609766499825605,-0.013232032491431473,5
26,Relax,240.0,0.020340923633254508,0.00807587152588098,1.1821729648748036,-6.86767778428436e-07,-0.5029415986570435,0.03533219088584126,0.4737231640604417,-0.0019077309119558499,0.1262692734633859,0.02435063978304749,2.662978741782435,9.965978881325093e-07,-0.277348327595054,0.21540295193932746,-0.16470158721920702,0.002425154415100366,0.025460819449657064,0.38632809147431263,0.06670373459650716,-0.010890650118759348,5
27,CognitiveStress,0.0,0.3514645355130954,0.22898745470018061,1.8650702382425586,-0.002739286066854002,0.37052942565057184,0.2606753079168448,-0.1780362096597864,0.0142505048398395,0.21886978510773128,0.09865448571351121,0.7609412651580761,0.004891646978038817,0.9341138818658011,0.3343895060926874,0.9763895105710844,-0.013421837878621553,1.6748630990181979,0.4015494869760169,-0.12010361463387453,0.007110937441277387,5
28,CognitiveStress,30.0,0.14667453678594639,0.09850335610213745,1.842765280888571,-0.002386335540788734,0.8043165566933882,0.23898688969282858,0.28643429920895047,0.011939383844806797,0.3392002817556018,0.07991284224302744,-0.38733127334728296,0.003450584858548101,0.7156824928704765,0.17460516788801386,-1.876474641465999,-0.002655265297892337,1.5073407273842379,0.5128697083387609,-0.6578429336242154,-0.015339001006260022,5
29,CognitiveStress,60.0,0.09966444195564254,0.04112934573388104,0.8139666235872359,0.0004264210776151623,1.0869835806983705,0.14441500466900298,-1.3954432124807419,0.004708841849471924,0.460138728975578,0.09306155364296755,0.15471121944176952,0.004839089935430248,0.48176569426947574,0.27542298417505645,0.06511902440739045,-0.011623865079396136,1.4686817185456311,0.5055321383547918,-0.5071295169770329,0.010247483865526638,5
30,CognitiveStress,90.0,0.12123954908684352,0.06980623602097265,0.7703610978652428,0.0001495509819339967,1.1519010448561295,0.06108091936292161,-0.03852384889130222,-0.0006511689768036903,0.5634869254894126,0.04939524126138667,-1.0171435984491926,0.0017215323587628892,0.2989689501996552,0.11294483988418595,-0.44530429162692947,0.0031117002558363944,1.133660570864159,0.9707050972911498,-1.6109953828199999,-0.038775574575987494,5
31,CognitiveStress,120.0,0.07527482086526888,0.044154197369642295,1.4511060617111542,-0.0014480801530927748,1.1060301486262782,0.055441078438839705,0.9353616193009533,-0.0015352986433516554,0.5940309813240489,0.02604045149509202,3.456917463429846,0.0002998447682414113,0.5050068107011679,0.19185646367112738,-0.19745429998036393,0.00974734474242327,0.5666712127991791,0.8757319150939045,-1.258082206605178,-0.012954237895488987,5
32,CognitiveStress,150.0,0.2993959312335252,0.4594778976275961,5.29918751110107,0.011762444385615994,1.074109234327815,0.06635356798542051,2.3821874613840324,-0.0005367134882601442,0.6525384528568421,0.0835290081200544,1.5167243774576484,0.0035729335725563755,0.5654311130189323,0.16490731655594953,-0.5712305337151072,-0.007275075243831469,0.502239531401502,0.8194097588362356,-1.0397248966458366,-0.0038667259098675247,5
33,CognitiveStress,180.0,0.6597331897344197,0.6553911010395156,3.639195707863693,-0.0012515451396921972,1.1877752664776842,0.1958231312389443,1.0729592118735976,0.007639610279187751,0.7537205912687582,0.07950954374369767,-0.388393464005767,0.0032576335113414525,0.6273987554879923,0.23581912944681965,-0.1614786598727556,0.008649515176220484,0.656867701560444,0.7769819913892774,-1.2175766645354642,0.01709866661518888,5
34,CognitiveStress,210.0,0.41462869245646317,0.6207278426481364,4.334594051599537,-0.016639912286905582,1.3394854389613058,0.15904198992055515,-0.22191083440095452,0.0033084917693926006,0.8068049223197927,0.0172506301826332,-2.294766963564279,0.0003386230101559637,0.8349890575570263,0.11613632251937493,-2.426177319332855,0.0025647677483999222,0.34761608035984976,0.9005019505512549,-0.37452423196567336,-0.020880293688681727,5
35,CognitiveStress,240.0,0.07968077684236233,0.04519853910176371,1.5218046570610526,5.5360582393465693e-05,1.3356740448172242,0.06961791430192353,0.7326299368700182,-0.0029832297634463747,0.8182333951017339,0.03047818259859803,6.1673016058827725,0.00022811928235752922,0.6165459667408408,0.2656400331397877,-0.20564641211204948,-0.01387988553541166,0.8888406310612414,1.2641090129835115,-0.5096682502653178,0.0627709105145495,5
36,CognitiveStress,270.0,0.08968061094424738,0.03818830138596654,0.21834286549262888,-7.917314667755856e-05,1.321769241125453,0.054597789761933774,0.9260156272096829,0.0013056126204324232,0.853825298118948,0.06575882896489861,1.7688944470501144,0.0020081739388176055,0.3764142010604841,0.11421144464405592,0.35416072597591064,-0.0004777078429912138,1.9583624971679778,0.17240742914665697,-1.2785733262605816,-0.0009667437608987558,5
37,Relax,0.0,0.17128324663996766,0.08760821276722132,0.5564106839434491,-0.0017142223671101386,1.889035096928171,0.18069385219422213,0.27193064509413223,-0.01024166935371592,0.976389811402513,0.145831479394867,0.03364377020203371,-0.007498426381879679,0.41359608674423803,0.6337165443404393,1.6423234087479814,-0.02692417197276284,0.4120414696011403,0.7126784645238029,0.16068920107193352,-0.03752884646480502,5
38,Relax,30.0,0.07505176085040634,0.06053293468671424,0.929968958865688,0.0005883024924472447,1.5886555826645903,0.1719511279117783,-0.21760785401356314,-0.009792336406807932,0.8264744711287307,0.058154091516824484,3.1959098521289175,-0.0016235622700926722,-0.16425803019017832,0.2506974252984153,-0.33695376354417267,-0.011214668758484096,-0.7605223225298837,0.638566045656982,-0.15995991677318358,-0.02968669628855551,5
39,Relax,60.0,0.545232491816159,0.44155324879783636,1.5282854889339195,0.01405464539281475,1.2839404394867382,0.17740036819944927,0.22288861277037028,-0.01011733941944767,0.7229632572426326,0.09460184958158124,-0.3381179203248408,-0.004878514254186572,-0.4229839892182062,0.18396543220044506,0.5129708053815866,-0.004646178872635543,-1.2114890359452422,0.285537381547496,-1.3371703950348153,0.0045760751934110855,5
40,Relax,90.0,0.7537897458412658,0.30204040607737126,0.8024547462402244,-0.013344956021840111,1.0385997963075784,0.1079951514798566,0.09810682688981215,-0.006158825573769514,0.6119108208159578,0.05140344394223288,1.8943874854795526,-0.0020376930908452984,-0.42608107113934146,0.2302732379988703,1.5052175987445355,0.0024357106562028566,-1.082628819228081,0.16849014262956138,4.129483209670111,0.0007088588834695467,5
41,Relax,120.0,0.047268233238146426,0.02540987291649973,1.090928560297151,0.0004406539267621381,1.0904206520717257,0.2215465560345504,0.8820412843901915,0.008436023576332824,0.5309914250895126,0.0737695881961971,-1.0129269293746894,-0.0035240375183301286,-0.4539743114643257,0.243882945187898,1.367177471109381,-0.007167475283189475,-1.082628819228081,0.16849014262956138,4.129483209670113,-0.0031576441172734126,5
42,Relax,150.0,0.04535643010532682,0.02476170841260035,1.0799949660994315,-0.0005538624747718556,1.1885574446285152,0.17787499685062674,0.34422321555562263,-0.0007951606547369384,0.42688541188600804,0.07640468714598211,0.7751375931412948,-0.0035547114009252157,-0.5174917950962713,0.12904303431830155,0.13615476246804398,0.002123356467474598,-1.1212831089493975,0.0,0.0,-3.6269337856946566e-19,5
43,Relax,180.0,0.041300728113122895,0.016648565649874533,0.3724539741561072,0.0001980183963978258,1.0441162886833277,0.12045908937903695,0.07999658828412391,-0.00692592430898743,0.36725590262495017,0.026954816007828553,3.140371014843662,-0.0005936918898792708,-0.45705839136228205,0.0905000013837517,-0.13098251095803448,0.0006949648223462791,-1.069744055987642,0.19284147822168496,3.474396144861515,0.004467959023080763,5
44,Relax,210.0,0.03611713931758301,0.02046829342913672,1.6978707775607769,-0.00022363289252969016,0.8537725420992092,0.10319368939749728,0.1807207380710351,-0.005928924635857393,0.3603786001504933,0.02189302334076657,7.7159591158568395,4.3630322659575044e-05,-0.5779043955931745,0.17786196853277939,-0.3568943692818257,-0.007978511070331425,-0.8893573706214989,0.35427241716537217,0.8728715609439703,0.0035228138451213775,5
45,Relax,240.0,0.10496434004285371,0.10519297171730972,1.963127971368191,0.003678607836503299,0.6995623814540214,0.07631099672580571,0.31124771656802175,-0.0043625601433175416,0.35991451099304567,0.021395446748346304,8.238250461383002,-7.588627164379082e-05,-0.7126989702900359,0.11547774887610825,0.6864581001296632,-0.000542313339101888,-0.747624974976672,0.38632809147431263,0.06670373459650812,0.0006658977390168445,5
46,EmotionalStress,0.0,1.7121519898154662,1.1813142378686214,1.5202535762867728,-0.04965057400087562,0.574609506337431,0.05114954609503352,-2.78718499571734,0.0016712221356849446,0.39961838221521523,0.049096647870018786,1.1977586097259179,0.0008615632784470904,0.1130478199600251,0.4922295895765299,0.584558602886708,0.007730244319885613,0.01258234836560476,0.4779691206270039,0.9731108330558483,0.009967216289531728,5
47,EmotionalStress,30.0,1.6306734027190126,0.4204836801831098,1.3846320102214538,0.014782376858396777,0.5789072920801227,0.04551071974122211,-0.15535786874940308,-0.0015113722654988696,0.4854163299709125,0.0927725938002842,0.03311489970866772,0.004711434292832678,-0.14877262058450252,0.6036857979569163,0.648673590490669,-0.02972224348755716,-0.11626528403878339,0.5698649256744203,0.45953685808438377,-0.024831940107624278,5
48,EmotionalStress,60.0,1.7043188894974068,0.3215281931062583,0.6157678225654714,-0.0140013408936208,0.4893188911532316,0.08489525513572828,0.4234975390546228,-0.004716128353936409,0.5752720105438394,0.035706749711948864,0.04949605609988481,0.000984892846427304,-0.732833903384368,0.2887534840096332,-0.2441465269810392,-0.008122843281840434,-0.5930078160914062,0.35962110534662073,-0.7882318002900198,-0.0062078853734150894,5
49,EmotionalStress,90.0,0.09038296365559091,0.2312523181113135,11.536097062099156,-0.0037780899815162716,0.35717318256230474,0.07021794310438727,-0.03884253524193253,-0.004039530931397206,0.5865009366562127,0.008472041897182014,5.360450673604721,2.67133823927511e-06,-1.034930711129149,0.2970426164441336,1.0042355131923772,-0.013435324723003367,-0.6703163955340391,0.3811364365839258,-0.3380617018914059,-0.0025991492393883137,5
50,EmotionalStress,120.0,0.038699245220711394,0.02000816099470155,0.6164354674435177,-0.00045617644576298634,0.24721793223060545,0.05925498848412828,0.22728963690007872,-0.0033961412648600606,0.5874509209770399,0.01829902879718662,8.249969727042481,1.886635530403762e-05,-1.2161841150476738,0.12365296313439729,-0.01850809411057774,0.0016244819521290667,-0.5156992366487733,0.31849091449942785,-1.3754927699066486,0.003071721828368022,5
51,EmotionalStress,150.0,0.0431741811846172,0.03010427480810021,1.450777946204045,0.0010096202113441402,0.150711248124528,0.053051458670065915,0.1615927040219691,-0.0030407538420541796,0.5869757988310037,0.017675711252334095,9.057375777181303,-0.00013216993791724543,-1.1046462592103188,0.16143133377204896,-0.8214192565046396,0.006681140368414334,-0.16781062915692518,0.3561419415826965,0.7372126606801325,0.015766740014140756,5
52,EmotionalStress,180.0,0.04935160306248942,0.029279635139178577,0.7727229694938724,-0.0010320555738565624,0.06963136974109152,0.03921931768197612,0.03581093055097024,-0.002256732793641283,0.5879255188004622,0.02352522930786517,8.515994566983762,0.00021250076712736154,-0.9574750586497776,0.16265922091713828,-0.19521632545343917,-0.00011340480944534571,0.23161703129667804,0.33475596863903756,-1.1547005383792512,0.014499386252786116,5
53,EmotionalStress,210.0,0.8075764363328545,0.7835702883595927,1.3409475664872927,0.02667570827528956,0.003277062941292665,0.03815846128365613,-0.06909122297138817,-0.002194885499432064,0.5879197233542525,0.023526407078609358,8.51542590245254,-7.299744490451307e-05,-1.0690168150940857,0.22986669238188323,0.25893323642022315,-0.010031416008378409,0.11565416213272875,0.37873314474773545,-0.40824829046386285,-0.01855921440356622,5
54,EmotionalStress,240.0,0.8991167217362492,0.7914892319125982,2.3246007521951557,-0.025998681750991078,-0.05620788849199697,0.031719471180918106,0.4319876943527935,-0.0017853819491082962,0.583176168386564,0.009798269021907675,-4.495608857411724,-7.640363259411206e-05,-1.3044938564765143,0.13855630304054203,0.08268611108439992,-0.0047363404432016745,-0.33531255128262977,0.330764696664057,0.09587883049525749,-0.009429971207367561,5
55,EmotionalStress,270.0,0.4329133682591333,0.20617869643271236,0.8710132985516699,-0.008512193471560344,-0.10216788975994501,0.021641477689140508,0.014117053556031158,-0.0012230207921564919,0.573712592465252,0.03382439808797403,0.43535480944264404,-0.00048230136477069377,-1.1604171374324723,0.3124969127524181,0.8115762916128666,0.013876790194078118,-0.41262113072526285,0.2136696259054967,-3.0151134457776356,0.003973905861874717,5
56,EmotionalStress,300.0,0.022081991908496475,0.016148368693167103,1.5476789007487068,0.00033671248078354256,-0.13653755685862098,0.019324073991439827,-0.1685340272442614,-0.001078619970757999,0.5223621475431642,0.07030916954022727,-0.2623431578567233,-0.0030182107348988825,-0.9326893018644713,0.25717576593068714,-0.007510971741132183,0.001244784580942603,-0.3481973145230686,5.551115123125783e-17,0.0,5.226640009495048e-18,5
57,Relax,0.0,0.06766177022788586,0.04899088669654423,1.3505472495970012,-0.00012056449538591247,0.14345055747512092,0.02526643364195268,-0.7155833068611387,0.000500245485319555,0.3557189689198309,0.026406414459773882,1.968036580884695,-0.00041790331532091555,-0.342426054008428,0.5536964798471237,0.930633079185427,-0.013401802696586598,-0.2193449630013905,0.37787313200936673,2.9342390174983795,-0.00902219436720591,5
58,Relax,30.0,0.05679345327814037,0.03644392652600085,0.6194651080907194,-0.00014086882806976575,0.11658840082016429,0.038834634849103926,-0.1861676372238095,-0.002186399733690093,0.33037630011611546,0.04616743124570341,-0.29079719662970727,-0.0014513927159938045,-0.6026940529854343,0.2710667906729512,-0.053916030791878615,-0.005488790176027928,-0.3481973145230686,5.551115123125783e-17,0.0,5.226640009495048e-18,5
59,Relax,60.0,0.049714133049881884,0.02743792603996598,0.6229158650695706,-0.0003675895581477504,0.05114483437117482,0.037136520306351964,0.19284334600174746,-0.0021238909886861944,0.2472793225619059,0.08282953843215755,0.10105179284287617,-0.0035426659675919722,-0.6166413232490854,0.23324377433256988,0.05000719836111703,0.004974402104713118,-0.3481973145230686,5.551115123125783e-17,0.0,5.226640009495048e-18,5
60,Relax,90.0,0.021567581126883666,0.022353734907295697,1.4242629090448788,0.00014361916798964357,-0.0016087167462803197,0.024323082923630005,0.42189654883437266,-0.0013602347152125412,0.1591224702139638,0.05218601948362658,2.868926983518761,-0.0015382729326432827,-0.5887558841380084,0.25228111915128776,0.2899659568012621,-0.0020349138084473075,-0.3481973145230686,5.551115123125783e-17,0.0,5.226640009495048e-18,5
61,Relax,120.0,0.11333250146609111,0.054483616988027284,-0.007308398258349805,0.0008896611991076325,-0.03888430094518687,0.018385951058933564,-0.07256508854804308,-0.0010268588285566203,0.1310218619567564,0.009670033345716419,4.473295651601667,-0.00012191757579621807,-0.7452248314735445,0.2682426747259336,1.2593213478718264,-0.011490717714722595,-0.3481973145230686,5.551115123125783e-17,0.0,5.226640009495048e-18,5
62,Relax,150.0,0.0669278869564701,0.04578156751930337,1.5600944402187815,-0.0012348146668737915,-0.05985925355488435,0.010408236926250184,0.8178087114604707,-0.00033057580484481216,0.13054470931304032,0.018397971652932367,7.902126571774717,4.065107317844259e-05,-1.0225410832422908,0.1439755745098101,0.12883741446622096,-0.006751643920385339,-0.3481973145230686,5.551115123125783e-17,0.0,5.226640009495048e-18,5
63,Relax,180.0,0.07217088142301256,0.022467740575296265,-0.3031876554815891,0.0005425388649672886,-0.05777380293378362,0.01369888536573314,0.932034203638878,0.0003023103866398513,0.13054470931295684,0.01839797165293883,7.902126571779926,-0.00010178869875608358,-1.0008537085804377,0.2563765761504821,1.381991912586495,0.009711509880430255,-0.2837734983208745,0.2136696259054967,3.0151134457776374,0.005907157362246194,5
64,Relax,210.0,0.47460657660630867,0.6608258778571181,3.0307617951562937,0.015327190677293361,-0.07486014143755756,0.04009608907286987,-3.337247934338259,-0.0015137435887361736,0.1305546612392083,0.018395986724798002,7.9032208376602355,0.00010139666365983369,-0.9869077385191043,0.24921259664498427,1.3833786288408187,-0.005142391567842713,-0.3739668410039462,0.42265165936985,-0.020852561337609866,-0.010826208402080293,5
65,Relax,240.0,0.5166508431611168,0.6389023719329278,3.0501276285028167,-0.00808743557504823,-0.10680470059000768,0.03282099976454215,-3.7380577264827775,-0.0007093873484095328,0.13054470931287757,0.018397649587839862,7.902658029356577,-4.204448867647379e-05,-0.9884562794796719,0.16616786417814247,0.4566287206988308,0.00579573618784641,-0.6058925793318449,0.4388392229098369,0.14174281160699748,-0.011083975268796498,5
0,Relax,0.0,0.22310705525824343,0.6809909477526589,6.086669890314663,-0.011284802154571137,-1.6977254617517905,0.012607246447804435,0.478556633842774,0.0006569830071091225,-3.451291245509187,0.2892264480874684,-0.2693562252420982,0.016452175247703312,-0.2631611203719088,0.2584818970350565,0.366199173541827,-0.0030025384577341404,-1.1706582148643636,0.3667209178885645,-1.2429390481498965,-0.01346768245638073,6
1,Relax,30.0,0.3315532307510079,0.17249487676484856,1.026877499202795,0.0077919923961542415,-1.6741437505569052,0.018426476257241167,0.2626943315369379,0.0010054238239358823,-3.0228515758140264,0.20773107402347227,0.029290002180557276,0.011868325692264847,-0.3487783347540523,0.23003921692992688,0.40542427807473896,-0.005408712010920176,-1.3290575258464365,0.43552609956251886,-0.8728715609439676,0.00021125776402166778,6
2,Relax,60.0,0.30821774193398394,0.1990145921912191,1.2600308599374848,-0.0076498018220598945,-1.6425852560628964,0.020083879495681113,-0.4764537227563091,0.00107996982697983,-2.691359942047126,0.18416026832847926,-0.13035460743786845,0.010456945744381574,-0.15614201112250914,0.35581589189801754,0.38916313659149104,0.013666940493423721,-1.186498145962571,0.3393592027526921,-1.9603921176392127,0.01212091421074267,6
3,Relax,90.0,0.018908823743657693,0.011638151567199084,2.499758311380358,2.2121669741506226e-05,-1.603773274265509,0.025036270694054553,0.5991288960693971,0.0013326898401088238,-2.4046785157393766,0.15746793883308166,-0.10774778919884924,0.0089048966350318,0.07165899255718289,0.2608670916118125,-0.0057317493814493985,-0.003703450564258902,-1.0439387660787052,2.220446049250313e-16,0.0,1.0901123965852665e-17,6
4,Relax,120.0,0.1041549013459778,0.11389076123966814,2.668828265802999,0.0035539492277146686,-1.5689571711750612,0.018823570936812074,-1.134322934839824,0.0009267281253545792,-2.1496373260844033,0.14303742347463141,-0.08262412935502099,0.008074963848874751,-0.08581678027469057,0.2509178535850699,0.14208618938747392,-0.006478915922938962,-0.9805790416858761,0.23707038079839002,3.4743961448615135,0.0021653920812220073,6
5,Relax,150.0,0.15470059684088452,0.07609546113670153,0.9142636409589633,-0.00299733132652436,-1.53407850951188,0.0256433440111035,0.6480066996044561,0.0013458835141465842,-1.900739726499894,0.15431165745674438,0.32508573471879876,0.008539722169392487,-0.06135924153288873,0.22890340981141655,-0.20962533988235665,0.011596974275283315,-0.8855394550966327,0.3541916269450435,1.7888543819998324,0.004383598603449427,6
6,Relax,180.0,0.02741263725979738,0.014822119480027759,1.818534157020851,0.00012898094101913339,-1.4809137337184486,0.03544828640278221,-0.40047753650941825,0.0019504155117881514,-1.6694586207441056,0.13511117209534826,-0.600835505342262,0.007335366614559299,0.20007036176072138,0.17391129859499152,-0.5918856775651758,0.008505375305200511,-0.853859592900218,0.38015834635697443,1.4999999999999996,0.00047532996904874205,6
7,Relax,210.0,0.029083915593475968,0.020542686859448725,2.2112646858707503,8.575109422908268e-05,-1.4262209819051537,0.027827716611094296,0.38711027807843884,0.0015074970639662023,-1.4760536843606071,0.1008970326735481,-0.3363469431231985,0.005570215157293074,0.46303604548856225,0.16872737082234965,0.24654244923769386,0.008653282484538272,-0.8063397996055964,0.41153348175727905,1.1547005383792524,0.002878387034795101,6
8,Relax,240.0,0.03297879096383768,0.02345855379514299,2.855747747389628,9.54841355070687e-05,-1.391209205206441,0.019116799062383838,-1.4251191033341164,0.0009113633356623723,-1.3098626546926693,0.08504118589144256,-0.1106258227427915,0.004532683087004461,0.42634767275161944,0.31425083204688253,-0.9225096658322525,-0.01225731212695522,-0.5529009020342802,0.4749338607207981,-0.06670373459650566,0.014550378496991742,6
9,PhysicalStress,0.0,0.3669554894963319,0.7680506266547148,3.99374536734811,-0.02221209319853617,-1.2525229708036474,0.02524904724998502,-0.3678537105491806,0.0013042587098395983,-0.884345074629658,0.10157810188461382,-0.30701500009536115,0.005538715176727811,1.0562080951781627,0.6624040334196671,-0.044989802145353225,0.01023910206299453,0.0014966864029744527,0.7701530226203326,-0.3720897726815463,0.01848505435189513,6
10,PhysicalStress,30.0,1.2516430976501731,0.9629887602798121,2.306115398534619,0.030940554355817447,-1.2178871124283215,0.03491334271135773,-0.8408008665558587,0.001128637198847382,-0.7021045711623495,0.11339303037324354,0.09056833143347001,0.006296404066478506,1.1540767897978421,0.2814325323682192,1.4657171988521538,0.0005531081870822463,-0.1727425556773055,0.7215432008421978,0.14018086215550812,-0.02173314247372812,6
11,PhysicalStress,60.0,1.318946259524548,0.8899984430381338,1.689214882423773,-0.03290976303892816,-1.1758154547668023,0.04127800360182036,-1.8283465236115295,0.001683028840062265,-0.5392002275907786,0.07840227872673412,-0.5353596587715544,0.004002601625403301,1.2748462964826972,0.11227711714180269,0.30978151090711525,0.004056900007152291,-0.2836220733647564,0.8641114335403499,0.40446220433308727,0.010034743791028783,6
12,PhysicalStress,90.0,0.46271473635301513,0.2518186728798342,0.9122068333496969,-0.001778654602736521,-1.140551791725501,0.014832011634624519,-1.3252474672646435,0.0006639659931563539,-0.46032982208767115,0.03135025052009589,1.368064152604099,0.0010777066403952185,1.178531575707325,0.18458012864637954,-0.2899247685367007,-0.010145647268435554,-0.2994620044629636,0.7968918050293647,0.4249200368268638,-0.02706740101527501,6
13,PhysicalStress,120.0,0.7165582769802029,0.9440482170370199,3.977383141219147,0.013239558081885469,-1.1135670508753024,0.023648247056403192,0.767736351956031,0.001195286343070787,-0.4096574999664877,0.04947456392095642,0.2036650442328668,0.0023452152583845684,1.13573742088593,0.16134461348561835,-0.028649112243121586,0.005889822809683038,-0.8380196618020108,0.39153797760463516,1.3754927699066495,-0.009744264365498995,6
14,PhysicalStress,150.0,0.758703462542933,0.934109033101887,3.9196866897144504,-0.008468724119680797,-1.0677885280326505,0.035194873174505516,-0.024304728722500262,0.001967090192760925,-0.3592514472164989,0.034771103628888037,-0.2303663560774297,0.0011375243199804627,1.3038859246201577,0.11166557255852122,-0.48603524259480135,0.00255055842276253,-1.2815377325518147,0.5095930109389376,-0.12163106194438754,-0.01972619371552237,6
15,PhysicalStress,180.0,0.7832879215308265,0.7642855561492002,3.8517991399449647,0.01660481343419533,-1.0105202606236612,0.03554313362016807,-0.26493438678297454,0.002011157899310173,-0.3334295192587731,0.024100541618947896,-1.8063559245930005,0.0008076206507615508,1.6356049719414338,0.44127234444354496,1.1115987904358018,0.01969154500242202,-1.8834551142836906,0.6513660096123822,0.7786655618735534,-0.03071159744464861,6
16,PhysicalStress,210.0,0.9573330850435754,0.7781284587799823,3.2175727902707854,-0.0012066090890853727,-0.9645575665541842,0.0209657920826099,-0.40911514093074036,0.0011160695589482305,-0.28428539887892806,0.05373849476010606,1.0060799515437793,0.0025106365268445915,2.4153034339296457,0.6227794489130505,-0.3998522427639334,0.03476039002214717,-2.2636134606406655,0.42826440194142,-0.9616447378919003,-0.008212645576341989,6
17,PhysicalStress,240.0,0.8368749334083142,0.43639664151858887,0.9828331245576174,-0.001897291668522888,-0.9208372210351122,0.0297014309515988,0.09807804492540267,0.001616627375091285,-0.20985040222657989,0.052945529235829264,-1.0938371212037807,0.0024309200604986873,3.4457518862283165,0.575050999885935,-0.14405223390785266,0.031967062996247624,-2.152733942953214,0.6052429174357122,0.15774419584910487,0.00897845497092052,6
18,Relax,0.0,0.951074104497375,0.5137847912493044,1.2962218127057377,0.01828987125807067,-0.6226899860444046,0.04740371317219307,-0.24060945000991427,0.002646725679423077,0.0591655989138516,0.08263533400007539,0.6117024917092191,0.003920228866721479,0.5226500057815544,1.003321369586971,1.6634691591418482,-0.039851692588291784,0.0014966864029744749,0.5935220280184377,-0.07390530175619404,-0.014629600158499857,6
19,Relax,30.0,0.784626947712532,0.5226658268550395,1.2526360815728768,-0.024238644192877076,-0.5583538648455736,0.028175100119326908,-0.42873018425855786,0.001493155975567706,0.15676595707116084,0.06764310713794333,-1.1059170533516482,0.002770222243707656,-0.012440034800805725,0.4108034560342957,0.9179337106834946,-0.007463019439607143,-0.141062693480891,0.47281597342052095,-0.10354935066307008,-0.004515634705962955,6
20,Relax,60.0,0.07509765099100489,0.04556146989089748,0.5225803337973635,-0.0017737319857747263,-0.5273709155057988,0.010546065702947907,1.1364924387535362,0.0004835911779561329,0.19685952201421292,0.028688507633963353,-1.020366211616025,5.015583869350861e-05,0.166439009314484,0.32393483662208955,0.04680654117047088,0.017406226830674224,-0.09354290018626914,1.3877787807814457e-17,0.0,6.508513405231204e-19,6
21,Relax,90.0,0.078299258563058,0.03318557786029881,-0.1296430367523943,0.0008974034967976192,-0.5003269594541007,0.022946635598941133,-0.12406012999581593,0.0012673998362354281,0.19643250267372636,0.027024760718757795,-0.3389856289246467,-1.7519105147839538e-05,0.24594355953137662,0.28413789467834577,-0.18744343104433075,-0.0117172078026855,0.1123762040904254,0.3915379776046352,1.375492769906649,0.015976368404137936,6
22,Relax,120.0,0.06614131926502412,0.041762297842577234,2.4300853188621514,-0.0004971862011284841,-0.45066736713395533,0.03235242575489777,0.18966397898043516,0.0017557018250882231,0.19242463355598705,0.031899512526111645,-0.6420477404296845,-8.655278104046382e-05,-0.10874787349537947,0.23392208242476895,1.027180954401757,-0.010977421787583517,0.4766946193491926,0.46559698501741187,-0.40824829046386324,0.009348156057958391,6
23,Relax,150.0,0.0806966616592982,0.031160270598531648,0.509145103959672,0.000508216015735248,-0.39610108939698707,0.033258772127510695,0.06913321111743098,0.001821128029561277,0.19430515387173639,0.03083809340793684,-0.7467630764254095,0.00030747289563384263,-0.21729205184973266,0.12498740032869693,0.41172422320550417,0.0008460427420116349,0.2707755150724981,0.46208095398291066,0.47991381913374226,-0.022472544647803933,6
24,Relax,180.0,0.03920229470124483,0.03289599749220969,1.9668407980830913,-0.0007346078402874078,-0.3520653653266148,0.02607552334276894,-0.7113537229669853,0.0013737792621196822,0.2022638719530557,0.020783551728368682,0.4403043953007045,0.0003551893345247896,-0.2020041975638869,0.11464569206633404,0.3573600312364834,0.0004076815398955727,0.12821613518863267,0.4019723879499613,1.260976649982561,0.0147880434815161,6
25,Relax,210.0,0.04333986565733873,0.015867904386312,3.364945226786955,0.0003244744313922029,-0.306726300775897,0.03001914996004134,0.058755826131349505,0.0016275521032200002,0.2051001947998589,0.016639394435048773,2.140119379781724,0.0001217630556387161,0.12058508137006448,0.37000204025722466,0.11989771546088418,0.019378298078758485,0.12821613518863267,0.4019723879499613,1.2609766499825616,-0.007394021740758049,6
26,Relax,240.0,0.029278541437765277,0.02004993902062121,4.2432255382850395,-0.0004828398409932234,-0.2521495813557832,0.034901327583493666,0.2466728816426398,0.0018634029681307979,0.20555259759987904,0.006909173063190355,-6.476566498991743,7.767198393733869e-05,0.24594218311521673,0.2826558113919974,-0.011227805017293745,-0.011793865654278621,-0.15690262457909826,0.23707038079839,-3.4743961448615193,-0.0025350931682599017,6
27,CognitiveStress,0.0,1.2758382501821737,1.3687097915585706,2.004564128240592,-0.04915761228479218,-0.2357472329500327,0.11184664301797342,2.9390585587103324,-0.0015325998910234468,0.23151554188400006,0.035537187917270646,1.9226430594058774,0.0007497515596846609,-0.0017232585813409676,0.17677354116196697,-0.007729614868316132,0.0036263406637908873,0.7934932413133382,0.23707038079839,-3.474396144861522,-0.003591381988368202,6
28,CognitiveStress,30.0,0.033453884203226786,0.021259670231524273,2.7084283635868402,0.0002667922048819818,-0.2131323738770499,0.040361305259421554,-0.14524994884865464,0.002293125340244359,0.25608996734305445,0.03898760358932434,0.2864958200965642,0.0009534809861794345,0.10528896858726047,0.22661101239021542,-0.2724154853772638,-0.00042004978068603603,0.7459734480187163,0.30509861976039626,-2.38820100559536,0.002508685947757192,6
29,CognitiveStress,60.0,0.6732389977376637,0.2644707511594217,3.863912323778287,0.006145022078515332,-0.01598704490848332,0.1960241854398984,0.5240060472489314,0.009228242225772086,0.3106352315054163,0.05245661337165069,-0.3652818914590578,0.0022553091418898406,-0.10721867514194681,0.3375843157512539,0.32471917408970935,-0.011841966408165363,0.8093331724115453,0.20713397678919818,-4.129483209670112,0.004515634705962944,6
30,CognitiveStress,90.0,0.48264955582546837,0.30651677464728105,2.7329693668540487,-0.007511381986460848,0.1046080474803626,0.11775770665845628,-0.15127280916296568,-0.0011297189693889236,0.3540963401439832,0.019714554757151937,0.5766946123180184,0.00032208840691777286,-0.3136164075382229,0.15659311371180828,0.5856170711319686,0.0021384206447194517,0.8568529657061672,1.1102230246251565e-16,0.0,-4.0805739270771965e-18,6
31,CognitiveStress,120.0,0.23809312581442177,0.19827968437747254,1.264314370083223,-0.009340360572627247,0.07857589466351324,0.032088641197734344,0.3638957423036274,0.0007712991993669308,0.3596371055393976,0.012172980152541061,8.250338157998517,0.0001015999460580935,-0.27845448032239345,0.10640070605836492,0.001245733603901487,0.00021922305234831863,0.7934932413133379,0.23707038079839005,-3.4743961448615153,-0.005915217392606448,6
32,CognitiveStress,150.0,0.47242797008689497,0.6096299054730799,4.4563426056097235,0.01333050775745636,0.0736863551661846,0.037528300241877845,0.09972665383011908,-0.0017221940388082923,0.36342689464883215,0.017675482251843285,3.7037667545237936,0.00021352781584058262,-0.20354440724659703,0.15497461730799916,0.060997232087158224,0.00411139140122485,0.6350939303312653,0.4019723879499613,-1.2609766499825608,-0.009295341616952977,6
33,CognitiveStress,180.0,0.8518720091027085,0.5534170295159037,3.947529832975781,-0.000814212797852224,0.04336956876362844,0.040431575302162966,2.5063240940123244,-0.001013020492279682,0.3990006610340755,0.047011975436056085,0.7766439764522037,0.0020588070302530615,-0.013965103905759172,0.22313617979808176,0.6785729955333633,0.0077615277342174185,0.27077551507249803,0.651366009612382,-0.6621806682308877,-0.020571224771609005,6
34,CognitiveStress,210.0,0.837191491013839,0.22691204708223334,1.257249542664643,0.0015009314893051928,0.05231004346827774,0.03826031842616549,2.3322997443033455,0.000989545762715956,0.46609288298560364,0.05005017496387839,-0.3411490385673472,0.0020832744881880473,-0.0766484722348942,0.27314225971461875,0.33470499198755316,-0.009996344933179252,-0.4420213843468292,0.8315586676789849,-0.1123556381485645,-0.032586510100340846,6
35,CognitiveStress,240.0,0.8358031769155635,0.35511019155978185,-0.04197123871624232,-0.009427029205703933,0.08245263110372496,0.020232470652193073,-0.695315846824852,0.0009924447444244673,0.5044379144572643,0.021546269734785965,0.4802217026629262,0.00032957675555367913,-0.29986050443812895,0.17227676435886324,0.252806516182641,-0.0030734871844503237,-0.7271401441145601,0.6645223956082132,0.02166960430103642,0.003749825311384441,6
36,CognitiveStress,270.0,1.2134963749326237,0.38768941307037785,0.33448978267978213,-0.006790263651429933,0.11697960314996586,0.02718087099872916,0.3597371344813433,0.0015068345904767774,0.5112640874935671,0.01602940376426465,7.875100623915079,0.0001366914530352148,-0.19284139518872934,0.18871972718135274,-0.38346570096924915,0.008482254267314644,0.1915758595814617,0.8898602051279909,-0.2631491736055722,0.038396098610936444,6
37,Relax,0.0,2.0352975211081454,1.5122805534797807,1.5184180364566826,-0.03419133798375718,0.4864290916617632,0.08254106061956688,0.40723548103280793,0.00161799556677588,0.6614006673236192,0.013486914617312974,5.575251177108402,-5.9351179468942306e-05,-0.3288946269109509,0.27164925512640303,-0.013350759883124803,-0.007893686632192521,-1.3765773191410584,1.8017878107863996,-0.40112713221646856,0.07470602680215901,6
38,Relax,30.0,0.9053747729440195,1.3384301619632915,3.7042961309567373,-0.026838855091933112,0.5044188660443253,0.008596006835407944,1.2640289207255353,0.000345184401924282,0.6618727180504536,0.009238063740215678,6.877592919374781,7.935689299983878e-05,-0.3900543025512923,0.28128640278640654,0.6588135210073114,-0.0025719240424285673,-0.07770296908806187,0.562038612774697,-0.003984569507626967,-0.012015285328731829,6
39,Relax,60.0,0.05362129998209799,0.028593433264625892,3.5879011077374963,1.3168525846900274e-05,0.5195201693376875,0.013330209646107372,-0.414000537745458,0.0006973163311608617,0.6625043507092965,0.00917361817791653,7.689935297723093,-3.237933968882297e-05,-0.37783035063695003,0.18179638577523402,1.3341729436494256,-0.005472460080938676,-0.42618145324862183,0.5438888938689864,0.19608320050255343,-0.012490615297780566,6
40,Relax,90.0,0.10683046003340611,0.08041275070854276,2.9745909564739548,0.0014052026580239985,0.5440103031664525,0.0175571809168408,0.7002115967489627,0.0009158979010206445,0.6615043201264039,0.0034207881485056667,7.923555021639029,-2.9645267638639066e-05,-0.5200168927668182,0.1958931243529502,-0.6116428351498097,-0.0023752919605036604,-0.3311418666593781,0.4115334817572791,-1.1547005383792526,0.013652532999899695,6
41,Relax,120.0,0.2678239735932285,0.10800392851629527,0.02576183306876671,-5.5706007947410814e-05,0.580254608132043,0.029904890757388048,0.5470660913966935,0.001634126116639918,0.6625043507094421,0.011758544195378834,9.057375777180617,2.6324666563018105e-06,-0.5398937185291212,0.18445357083095285,-0.5523819304564187,0.005808846399802816,0.0965362729922181,0.3801583463569745,1.4999999999999996,0.015210559009559418,6
42,Relax,150.0,0.13201679233479655,0.07982718205730167,0.44071569397421523,-0.0010485196973005423,0.6406820822391953,0.045674448820557864,0.15434230439634292,0.0025769876430205545,0.659665216544231,0.01593358198912519,2.8463705336097447,-0.0003326926145713166,-0.477208973783826,0.0960057126810395,1.0221626899574654,-0.0001680474482464859,0.2232557217778762,0.44802090772280145,0.7071067811865479,-0.002112577640216586,6
43,Relax,180.0,0.054865024417408134,0.033785045184216767,1.8305057153851558,-0.0007455643517769166,0.6940725492327094,0.025063461263387807,-1.2551051911756854,0.0011610668367707888,0.6503901946029257,0.02436946788282875,1.2252924661453852,-0.00032242781984858146,-0.38394714405067987,0.19464870596883743,0.5267937697730487,0.00837764281473649,-0.046023106891647333,0.47281597342052095,0.10354935066307043,-0.01227935753375891,6
44,Relax,210.0,0.0721415787801376,0.018391947888999057,-0.21018298436782554,2.1121316669150757e-05,0.7102430936170625,0.00180269275107434,1.0956798507722247,4.051008538079835e-05,0.6383064440052629,0.03177238474055539,0.5270931422698569,-0.0004874082939522607,-0.2769225291366416,0.2388621580895461,-0.016600925767225824,-0.000654734281354589,0.06485641079580357,0.5532650079112754,-0.037547431758286565,0.022710209632328303,6
45,EmotionalStress,0.0,2.088251028310336,1.2963728496594582,1.4815476771994316,-0.021394294467707027,0.7616288570603784,0.03364989862600934,4.669224822837635,0.0007209534485100223,0.6341097528228522,0.03608799668734766,-0.3641409202399722,0.001353049168661017,-0.9251746242891659,0.25514949049724467,0.5637254126038399,0.00048193458326080337,0.9518925522954108,0.2851187597677309,2.666666666666665,0.001109103261113701,6
46,EmotionalStress,30.0,1.1396454844886894,1.0167513047979964,2.721347775743605,-0.017915791700970414,0.7725488994143908,0.029734034310982527,5.868719330885507,-0.0004613840345434326,0.6586739309798936,0.016750801629705162,2.3582799070696137,0.00028672209728633686,-0.821204276833513,0.3258304306010344,0.1209724593661788,0.007878755251334716,0.8093331724115453,0.4041511160377586,-0.29584461546885743,-0.006152882377130817,6
47,EmotionalStress,60.0,0.7624756176193581,1.0554120074154758,3.505047748206895,-0.007628336563504274,0.7715700553669307,0.01139895480174233,-2.507251158312896,0.0002903116212109975,0.6679534899317711,0.016906592960611967,2.462351639935996,0.0004728318090734953,-0.7783908521858824,0.2618763019323718,-0.116525002699361,-0.011640437512539736,0.7459734480187163,0.30509861976039626,-2.3882010055953606,0.00979707880650441,6
48,EmotionalStress,90.0,0.5555463740416137,0.977216879338979,4.04590012122584,-0.024606273416344658,0.7779905458136028,0.005891142258748867,-2.992233053081511,0.00018002313295510138,0.6922033798620136,0.03423137562315023,0.7996536819464836,0.0011332316614569285,-0.8578926495704561,0.194665580328529,-0.6028652537880013,-0.0007623884588470723,0.4925345504473998,0.4620809539829106,-0.4799138191337424,-0.015184151789056714,6
49,EmotionalStress,120.0,0.020238878296923227,0.009963787182776102,2.029345375697254,-2.0293417231773172e-05,0.8021552045778928,0.026330044686365673,0.5773738308291665,0.0013785678733299162,0.7229636478449445,0.03920825442560289,0.2615526532798563,0.0008632481712568023,-0.8854072086029634,0.1091618797941018,0.0012800906911134325,-0.001781040441812313,0.4450147571527781,0.47095500931747525,-0.2690691175985252,0.016742177798716437,6
50,EmotionalStress,150.0,0.01985539552896082,0.012143265378011974,1.3286102394389152,9.203028121314766e-06,0.8366739808675726,0.019394048988910673,-1.2462263397802211,0.0009264508938515708,0.7528333918295096,0.04231615037751177,0.8297199813491453,0.0010510829479893971,-0.9541936061842312,0.06456007388939217,0.1919685585158391,-0.002145550166822588,0.7934932413133382,0.23707038079839,-3.4743961448615215,0.0002112577640216517,6
51,EmotionalStress,180.0,0.021893768714600633,0.013159970170661926,0.8831821974901336,0.00013669299946289878,0.865500645138644,0.019873418149127464,0.6727521370282326,0.0010431529540703636,0.7735095234968826,0.03561053253998674,0.9252129073731225,0.00038343045945727234,-0.9205622537379943,0.11028008522377074,0.6748633695177737,0.003562643076387846,0.84101303460796,0.12166881940152649,-7.5509568368877895,0.0015580260096597284,6
52,EmotionalStress,210.0,0.03228934231643934,0.020314559080254025,2.0218287259035277,0.0005416191887626712,0.9012168923331466,0.023647165797905274,-0.09547349071064128,0.0012858625449746447,0.7781696466384889,0.032078024158214646,-0.6967383889026,5.043888301605411e-05,-0.841075596931178,0.10892129672747075,-0.3555623263619078,0.0036342297197904474,0.8568529657061672,1.1102230246251565e-16,0.0,-4.0805739270771965e-18,6
53,EmotionalStress,240.0,0.07619684178244131,0.020055603548138998,0.4736076607690189,5.010631548140278e-06,0.9377972980673638,0.01953291508671803,-0.319982726140717,0.0010535633798125098,0.7728565248346742,0.037546795706963974,0.15878388629093254,-0.00032661173611982767,-0.7264104959146154,0.3035135156385774,1.9441890760658465,0.0023275445849252046,0.8568529657061672,1.1102230246251565e-16,0.0,-4.0805739270771965e-18,6
54,EmotionalStress,270.0,0.020992441816933806,0.015309871670343079,0.8000397480748138,-0.00010040236876122336,0.9629117119969358,0.010816302128130555,0.346685267852803,0.0005386626176753199,0.7626315155116924,0.037715447624859406,0.47692960962239694,-0.0003576557800858913,-0.8288420101037175,0.3510519790280548,1.7791128972234385,-0.01090391909945734,0.8568529657061672,1.1102230246251565e-16,0.0,-4.0805739270771965e-18,6
55,Relax,0.0,0.16790474385823986,0.5068887593422338,6.72264785162661,-0.007082273495676224,1.219235631470715,0.0431829344093352,0.565011390375295,0.0023561280926254133,0.6647600813811348,0.017584808940454524,6.295855462807842,1.0366713064447018e-05,-0.18367033431661337,0.4000170937708317,0.6082739980329538,-0.0028795903424181967,0.682613723625887,0.3677457571048497,-1.636775870565002,-0.010642109862591061,6
56,Relax,30.0,1.4386556016981278,0.378877710840509,0.601475794987073,0.016651768383515193,1.2921184052998111,0.055566577976882275,0.4737662385693967,0.0029563505856364546,0.6660260164296902,0.018710758599229525,5.266340790107843,5.674648218289444e-05,-0.5001290556752376,0.1913164386687255,0.24242060275500416,-0.010003988460094485,0.49253455044739985,0.523197503970332,-1.06987322078683,-0.0019805415377030506,6
57,Relax,60.0,0.6455755475375224,0.7338662030402036,2.2833906084400097,-0.02631211252502677,1.4639747014584081,0.14503683240488177,0.2439331906703632,0.008099147999482791,0.6650495483044934,0.011872109951852625,2.9351864715875915,-7.678514097912578e-05,-0.8456452985813989,0.1936011688524059,-0.011310031307551306,-0.010299853301385529,0.6350939303312654,0.4709550093174752,-2.0441947893571206,0.018062538823851802,6
58,Relax,90.0,0.06469695181294477,0.03713156117949849,1.2149090130930962,-0.0009846836007807302,1.6440725356915535,0.07223967709056332,-1.2880808254977172,0.003601084274510834,0.6607307354064226,0.018868638699466495,0.7670841919941945,-0.00036141506026165306,-1.0872132166904622,0.10062450622104033,-0.18451389435989451,-0.0030410796399820976,0.8568529657061672,1.1102230246251565e-16,0.0,-4.0805739270771965e-18,6
59,Relax,120.0,0.03782207550274578,0.020088777863881514,3.2404846777482663,-0.0002642055756890026,1.688544768112748,0.012497733665283664,0.3508453273794718,-0.0001774039551008009,0.6151208028233529,0.058969049445665195,-0.5368319415009442,-0.0029182464003096125,-1.0688600836169533,0.10526386161441743,-0.6308129194611721,0.005223443106804971,0.8726928968043743,0.12166881940152649,7.550956836887786,0.000607366071562258,6
60,Relax,150.0,0.02552715697850442,0.01219566155976771,0.8882288953944885,8.127893921791315e-05,1.6659870042735094,0.02305233373574927,-0.14858430373583154,-0.0009439820141457959,0.5426720073996026,0.04884802573916129,1.1915018447087038,-0.002119695041559269,-0.8915129906874154,0.1271292349410028,0.7162759298092223,0.006710452144133582,0.8726928968043743,0.12166881940152648,7.550956836887789,-0.0009770671586001758,6
61,Relax,180.0,0.0395916393276925,0.028744731369478565,4.818233873001288,0.0003437902537760546,1.6473546603319786,0.015344953406216905,0.3074736987696192,-1.211445007518482e-05,0.5094010109108386,0.01602208248111583,2.1712082682113714,-0.00026837950570375265,-0.5567080183360801,0.29114784357519913,0.6427207939470206,0.0146405550993956,0.8568529657061672,1.1102230246251565e-16,0.0,-4.0805739270771965e-18,6
62,Relax,210.0,0.059425296238386625,0.07038665305601975,8.498053973941467,0.0006007833220998981,1.6510401736663283,0.018028577575259566,0.2999360788742757,0.00024178860105731535,0.4825228186309273,0.03897538450227481,-1.4412932956684388,-0.0016198160168231363,-0.437451193010741,0.1976645695487109,1.410022115533351,-0.005576183498417421,0.8568529657061672,1.1102230246251565e-16,0.0,-4.0805739270771965e-18,6
63,Relax,240.0,0.06302455959192504,0.061428449924612105,14.16859834065054,-0.0010834303257759147,1.6680568533384545,0.02039962549099065,-0.6450829442944016,0.0008758693515150478,0.4136280493315426,0.05589812122130024,0.4263976932060253,-0.0028093498501521015,-0.6178594354794634,0.16398648735416269,0.08887458776997126,-0.0059236025634263586,0.8885328279025817,0.17060127899500235,5.199469468957451,0.0005809588510595515,6
0,Relax,0.0,0.11436619490275375,0.02886471606755773,2.475501115508378,-0.00027409785053231656,-1.282682759674682,0.026037050737395106,0.24778611690584157,-0.001496417894143859,-3.485923140177859,0.3049815123779554,-0.13564332783792596,0.017514672916755708,-0.10885306046016696,0.5066293005538521,0.32947216038688104,-0.026435225648764975,-0.935779651620517,0.5606114411497457,-0.14760119508940087,0.009567807492440789,7
1,Relax,30.0,0.030422658757369943,0.008230431425965298,0.5413214082954283,-1.610954270119864e-05,-1.3209011822777132,0.018331722340570955,0.2138357524397828,-0.001054593282675349,-2.9886999439347877,0.2664721777563824,-0.105836539967639,0.015271277561241269,-0.5701889173710348,0.11102873270132703,-0.015178319270054162,0.0008192114089410709,-0.7198891239384205,0.29834494838056236,3.0151134457776334,-0.005908646006303551,7
2,Relax,60.0,0.028291189980859627,0.010220321067523968,0.5322271078318324,-2.1831998079200066e-05,-1.3478019711542386,0.013044724284063282,0.23012943173803838,-0.0007497893712983082,-2.57992786048437,0.2052438651078682,-0.21451099066445314,0.011697510181216527,-0.5371290188301909,0.12517778984682432,-0.3659333572709489,0.0037854080700610265,-0.8098435104726273,2.220446049250313e-16,0.0,8.991065531968501e-18,7
3,Relax,90.0,0.03364671401536191,0.02944115144889992,4.00114219748168,0.0005872516365744879,-1.3669358612338036,0.009306459741415751,0.3102981240493562,-0.0005325147068371247,-2.2566261078647005,0.1727395049028016,-0.03838168715593817,0.009843136684658263,-0.4589874404609234,0.10552280737508804,-0.12246861465845393,0.003419643954754005,-0.7918526331657859,0.13819055072587036,7.5509568368877815,0.0005098831579043731,7
4,Relax,120.0,0.09692697746196584,0.01778940739916028,1.132976223491067,-0.0002946112338578277,-1.3808865306468452,0.006725610774987501,0.14869794912639916,-0.00038494739438747197,-1.9794415132279033,0.1508241269143384,-0.17447360048353547,0.00855563292285891,-0.44245749119050143,0.08818818550620527,0.5215294758863536,-0.0010872714112551173,-0.5399803508700071,0.4674167035228075,1.1547005383792521,0.005548728483076953,7
5,Relax,150.0,0.012636644701911635,0.009920064658377364,2.6356918895694688,-5.672263979615526e-05,-1.3898747325709087,0.0037591244860065384,0.7233528543848791,-0.00019316287023046327,-1.733190434260437,0.13442929267478074,-0.020119374726977828,0.007641786073757041,-0.36882408080407614,0.12866500622181584,-0.1134414478298308,0.004957857425976676,-0.10819929550581434,0.514866093926355,-0.6289709020331513,0.0043490034056549,7
6,Relax,180.0,0.012482042958389939,0.013814447774313761,1.3688646494605419,9.274336311469095e-05,-1.393968100653772,0.0014359893594258365,0.6433724346373767,-6.177026941350938e-05,-1.4968901143860929,0.14369288716605944,0.18092798694091494,0.008044087918720499,-0.2846716117910188,0.17013979663147205,-1.4686309392093013,-6.764130899513158e-05,0.1796739594932473,0.8656573446162702,0.7331468758562569,0.018807287964036943,7
7,Relax,210.0,0.011329524296123248,0.01430795592919673,1.452793717226164,-0.00018438774543497167,-1.3955699934874133,0.0007574944210030604,0.7237825374018,-3.8267436961631054e-05,-1.271288958512796,0.13024637934877742,-0.5095596743145621,0.007209306004261512,-0.2831688891300715,0.17160013741327215,-1.3597709072295792,-0.00012526168332431997,0.32360509611003535,0.8459927300757394,0.535615211547356,0.014366403431162798,7
8,Relax,240.0,0.010673194581679177,0.01133831823008704,1.880808422558848,0.00010432194231125385,-1.3969868152645601,0.0012268244193823956,0.18147479633132513,-5.615861243252886e-05,-1.0934107753255455,0.08763199224777385,-0.18948695243576258,0.004841553631971671,-0.1990164201170141,0.10566181503487604,0.1938610907961066,0.003427159655753459,0.32358587802043554,0.23527919891072213,4.129483209670113,-0.005129216040078573,7
9,PhysicalStress,0.0,0.13981530071436815,0.3703047463279987,6.531588616952178,-0.007783917196717665,-1.2760030234496302,0.036635709506797114,-1.1775969435986744,0.001504794216335824,-0.6962924414129115,0.07569974043722165,-0.2989588033820146,0.004039733750276054,1.0828060096711627,0.4100505844286618,1.1279432098042002,-0.007893991283098796,0.7194318512742596,1.0483237184951733,0.07158950606455161,-0.050001039358887486,7
10,PhysicalStress,30.0,1.421792739733495,0.7000724185164056,0.8579462670192669,0.032323574247317535,-1.246649666006636,0.02003406926138333,1.3929749439440957,0.0008036507450123319,-0.5751606369803836,0.061684553402216874,0.12828733384833965,0.00322683312979217,0.7927805361083043,0.3453778468630797,-0.35988170529745217,-0.0025854011438140203,0.017757436452360796,0.8894427355109068,0.45518168149438853,0.007259222369259761,7
11,PhysicalStress,60.0,1.2052363496680225,0.9535757900292939,1.7414859391947388,-0.03314576665025042,-1.2257568437353674,0.02728805462763076,2.2114256908987464,0.0006140336473562905,-0.46870233865862876,0.06289415778510467,-0.12247925626977377,0.0033095543230633757,0.9505664155077868,0.4336051490384623,-0.6192693875449496,0.019808882600908316,0.5395162146024173,0.9374645067336232,-0.5057464454241061,0.036802701847659575,7
12,PhysicalStress,90.0,0.28300898009544534,0.15480946675037185,0.9544747098050149,-0.00012532802253725702,-1.2015226321180283,0.03215696308809834,0.873393285850887,0.0004762057620947326,-0.40566156637773576,0.027742310646301692,-1.7072048870227094,0.000901760357722277,1.290181736881911,0.20697788633643652,0.9234170044876883,0.0030188065681161524,0.5934874738022555,0.887994604519438,-0.42393446377444977,-0.010498008646577264,7
13,PhysicalStress,120.0,0.2722948037158857,0.15143886283006489,1.1491339849171944,0.0005543996738300866,-1.2094271407552923,0.029823897698861908,0.9620773386015338,-0.0016343485908516498,-0.3941350305597869,0.004454551933347064,5.192058813577841,3.449666019017125e-05,1.4780220695003423,0.2648204959772475,-0.10987647167583071,0.008808401571366326,0.03574968647988787,0.9470785642385344,0.4351539745413599,0.013587202315288307,7
14,PhysicalStress,150.0,0.28692295781878474,0.1588067272846168,1.175739834289729,0.00013374757015036857,-1.247240786760492,0.01729457416715349,0.17488674125765072,-0.0009950830244638115,-0.39112574950788476,0.01663419688975613,6.640859135516371,8.648583567876749e-05,1.5997426050370867,0.13814427338573215,0.503303736682271,-0.0038705860147215665,0.17967258677256165,0.7954997458883216,-0.1173312741963918,0.022885019029728518,7
15,PhysicalStress,180.0,0.37731820361581647,0.2183739294399357,1.0774065926876457,0.004920875328364378,-1.1889462509743742,0.09807940415868455,0.6990532756222617,0.0047049165252180305,-0.389877241739696,0.017300196043364132,5.778896184843344,-7.782438417238933e-05,1.674878738084459,0.366648932199324,0.6366281074307728,0.006671437253853384,0.07173006837288486,0.9950699632832934,-0.39547671380101157,-0.030863268603704263,7
16,PhysicalStress,210.0,0.509980223819306,0.2643542040795319,0.9944357035524425,0.002000878525530983,-0.9379879675106785,0.23658264822444472,0.5388332743944374,0.012821251260973264,-0.3898805979004144,0.016346251057687444,5.468526558132866,5.336312917238247e-05,2.5870313932795637,0.9485739655823262,0.048735174012355,0.04904245425513865,-0.8638051606276662,1.0690805661853142,0.9237203904508734,-0.04448074095485221,7
17,PhysicalStress,240.0,0.5783449558526298,0.30444112420526664,0.8442723989949719,0.0018040611179341386,-0.564465963235344,0.25502448380211,-0.4860310328184754,0.013855155353409232,-0.3837293427608499,0.022022794531015147,2.6644529287899292,0.0003775951028917956,3.611888248045725,0.6630669022399422,-0.7510184908311432,0.011664367951160876,-1.655414743894171,0.4447059568870871,1.375492769906646,-0.015326487864066577,7
18,Relax,0.0,0.025906512319655774,0.009145642312202764,2.91397264132749,-6.567870402991335e-05,0.5902834001903251,0.0949136169671924,0.04547781520626745,0.004264293008235464,-0.272081338099237,0.014961498323873015,5.1757930065112765,0.00020756530082653216,0.7296661843485114,0.7948877332211358,1.9153363510303485,-0.03923696968451073,0.3955576235719152,0.44473244694820857,0.7964257327737699,0.012387841109923546,7
19,Relax,30.0,0.024891826502056357,0.006493691269393842,2.761099806428739,-5.218206309208829e-05,0.7136046719320367,0.07299455330606729,-0.22959977018066488,0.0032529646200677533,-0.23807201169867026,0.0419278289371353,0.6810259568988616,0.0019174448210100437,-0.06527410329269083,0.2731278532075685,0.2190351540730512,-0.014678164051944085,0.467523878240652,0.41771479732898237,1.636775870565002,-0.007168904289934376,7
20,Relax,60.0,0.02131455137105232,0.010533210266334362,0.938469562769504,-6.8791237194875e-05,0.8145745356579349,0.08861640921043859,1.3265010702019486,0.0039366119455440385,-0.1802474564282884,0.03891281096173137,-0.582220123995016,0.0017625733775363298,-0.38835947539639304,0.20854845509296716,-0.11717563863407914,-0.003622567881739399,0.30559362799290846,0.19378246329880713,5.19946946895745,-0.0034794681909305018,7
21,Relax,90.0,0.023902062305009308,0.010541569624184358,1.1877302136800427,0.00011038838373058951,0.9613688379480742,0.12189267870947769,-0.1924853177321308,0.005491450207258489,-0.14452163877211693,0.022195843038427688,2.0564921477569253,0.0006804304047686946,-0.24710354526733258,0.3613540287341514,0.6330835173277007,0.013237654693714386,0.5934696284333415,0.4947050860422844,0.8728715609439699,0.02195664410138897,7
22,Relax,120.0,0.022609617912151558,0.015413416935120041,0.8311070987761208,-9.244580503853551e-05,1.0458079715612483,0.058277531893725185,0.6302586961515997,-0.0004930494017390131,-0.09081782886826281,0.04999245330607019,-0.11810224310694523,0.002678374576439826,-0.27565527582533417,0.37883814126260024,0.5703398249647229,-0.015534953965882444,0.5754856147299287,0.6853440296216776,-0.3204028592656026,-0.019106361044578107,7
23,Relax,150.0,0.016464715752708834,0.01549704733196506,1.167624846672046,5.055505610746176e-05,1.043543347310828,0.049928241115713944,0.7197945121069971,0.0011336933454653083,-0.037758277005240544,0.020797308450452863,2.2750912475460985,0.0005229919209239672,-0.4169112059543945,0.23996086017430335,-0.022201079841116585,0.00517330752129451,0.2516251142344415,0.4618600366173337,-0.0956615234049616,-0.006869055406705047,7
24,Relax,180.0,0.017421264389367825,0.017693043842345785,0.8788956155293247,3.115795388153407e-05,1.0625781575494795,0.028032173634364502,0.8217920672071941,0.0008611648643835372,-0.004035526617003776,0.04653055992798241,1.4633292163250102,0.0017929839188251116,0.08499816280205441,0.44097933534674577,0.1479239568540399,0.020645630645514793,0.2696091279378543,0.0,0.0,-2.025058634833546e-18,7
25,Relax,210.0,0.019379462689736136,0.01589745359401319,0.8971374627091416,-2.9037912762668274e-05,1.0483354649692205,0.034732545487200214,-0.2533630611752571,-0.0014417335666351287,0.07584012796056788,0.06844295153477753,-0.28913986086366794,0.0034941332673869966,0.35398551911164833,0.2591662959770119,0.07840642384238675,-0.004654724152331818,0.4315489872303979,0.6484518489576241,-0.07255192126095272,0.01838739791796026,7
26,Relax,240.0,0.01613049874575902,0.01555558176838297,1.2173191538825798,-0.00022551395091840407,0.9569089900026925,0.07844035891315924,-0.2825741728449915,-0.004452124233081231,0.1381392830756819,0.024121279460906298,-1.5049383540834702,0.0006994023092436386,0.047430096278368104,0.2678052474620797,0.44932416330423147,-0.014324926104969497,0.485525737312979,0.6770259428040764,-0.1782670136511684,0.0024588711483494656,7
27,CognitiveStress,0.0,0.05228186474525085,0.02745107367784801,1.5834511526549748,7.376608562482553e-05,0.9978535783517553,0.1027520021404534,1.1782738693730228,-0.0027889103843571836,0.23836760350759037,0.026448251602524005,-0.4266660465622185,-0.0004066346603073482,-0.13439934569627365,0.2974442028836828,1.471925832499136,-0.011120732245533331,0.4855216191509219,0.584666755215182,0.10082764009772416,-0.01979675449344047,7
28,CognitiveStress,30.0,0.12873049815158943,0.09622408407929295,2.4275485250211033,0.003239172687215777,1.0048069588550457,0.1032614300775543,0.7014900061528041,0.0038620252642596275,0.22132965886273975,0.031901201392917605,-0.12275391585495565,-0.0007642161076582653,-0.27866072114722906,0.11053952716683715,0.009230449509899485,0.0002029239269854041,0.12568210948312344,0.3669433378169509,-2.1572774865200235,-0.0023994501548440872,7
29,CognitiveStress,60.0,0.14341741493018176,0.08654943497958324,2.022191912190427,-0.0031296135585834315,1.0780381185724786,0.09881414410934315,-0.15630685793263915,0.0017045837961995654,0.2205280766604604,0.032087591890212076,0.41847963194922727,0.0006790725755263984,-0.2305735959969106,0.2073267195940389,0.11257671237092515,0.0035649475074102143,0.4675362327268235,0.7757357081454661,0.25114681114896337,0.020726852664919214,7
30,CognitiveStress,90.0,0.16397265884102416,0.26947877065679776,3.428674871273619,0.009170078960410978,1.1575408146399357,0.16272228309622744,1.6412248292758949,0.0041794707379378656,0.22275230365065662,0.031485178135200784,0.4567440657914439,-0.0005226409309446673,-0.1734701348809074,0.21468958522048248,-0.13560284382459192,0.0026330005834772573,0.647453242119351,0.7328255148088333,0.07440741836624576,0.00296891679000269,7
31,CognitiveStress,120.0,0.39328572225361735,0.2761108392152437,3.658016285051578,-0.0008579116497778868,1.3237999362096822,0.19099317408994362,-0.36701411696445857,0.008077898832090882,0.22390525299117262,0.03163199614349384,0.1329981442523221,0.0007479871514484275,-0.21254092406554115,0.1539172442468708,0.6281215552412731,-0.004546999104672899,0.485521619150922,0.5846667552151821,0.10082764009772374,0.006479137891032364,7
32,CognitiveStress,150.0,0.3884311387878095,0.4289725654692762,2.229465604910854,0.008138115392139407,1.483794588216125,0.14079879701660947,-3.0640377799050276,0.0027324104164757083,0.24602161771548628,0.027265419558296537,-0.49113729063308903,0.0007585524773425751,-0.1073503377992195,0.3017854732835638,0.7082168475370242,0.005769553133918285,0.7913898696188819,0.7757447181296505,0.05843527377556212,0.024805787483454377,7
33,CognitiveStress,180.0,0.4574071781209238,0.4219030927222714,1.9598375077695136,-0.006733489781716291,1.5525313882083849,0.13365771985128302,-4.804624084317213,0.002312027126102589,0.2610944706020714,0.015239745575948751,-2.643594383445141,0.0003432052913162053,0.04292192829552574,0.2898774993860729,0.014283248823731514,-0.003950753492049125,1.1332371292591537,0.5846789208377692,-0.10071121989218233,0.009418560447863569,7
34,CognitiveStress,210.0,0.3358809547959069,0.22436742583039773,2.1547230698200903,-0.00016541348065691655,1.5739124033028475,0.04653543004067174,0.027382114431840864,0.00016564195634136418,0.2673132411419658,0.010028478504500195,7.241631118810076,6.880989250832393e-05,-0.057760489987953564,0.20702697652929275,1.0677537412734457,-0.003186657223770757,1.0612681291490456,0.4773883398045512,-1.0552897060221746,-0.0056391381025425276,7
35,CognitiveStress,240.0,0.16406527918345665,0.10955230262064929,3.7558513136315974,-0.00024763025711622446,1.5261364771972117,0.05449465490418844,0.41674844420286855,-0.0026982765700696407,0.267569231102006,0.009653133480280515,8.250363224372974,-7.55162897861737e-05,0.0038511391108919666,0.2195158417275974,0.5488566898226144,0.007312777072473935,0.6834308785709768,0.5606542163245626,0.8339831072292748,-0.013227978208623694,7
36,CognitiveStress,270.0,0.21276396653956636,0.1127108884173312,3.4362959345254245,-4.1268936204887315e-05,1.511180059470057,0.04700727068290242,0.7800408595988894,0.0016248657384451454,0.2675692692344169,0.011008137038242894,8.834826988549988,0.0001093380447808429,0.11204717069910851,0.18362139535895552,0.038802803843270325,-0.0013803837502340329,0.3415781280479626,0.33370652526171624,4.985384956475241,-0.002819569051271265,7
37,Relax,0.0,0.8544088774820788,1.3916530914854668,2.435133658704795,-0.046831975196229225,1.2474649105626596,0.05329763678836165,1.1104154119588507,-0.0025128321102109463,0.3032755380259091,0.03411155081410318,0.6499764212386939,0.0012855887849798854,-0.18699463882943446,0.3984454329278349,0.6381773947238908,-0.018203027820690512,0.6834638238674338,1.540467924967612,-0.6244789179202568,-0.07033716208938975,7
38,Relax,30.0,0.05782865881437606,0.03652479523986233,1.671538698337513,-0.00013620110095064806,1.156825936947033,0.06542137457341672,-0.19978225628509477,-0.0037459675637196194,0.34486898679788686,0.035745661810810146,-0.4334423935968683,0.0016526178992256181,-0.5987406479290364,0.2184898804650374,0.38130292538347416,-0.010010913731279833,-1.0977057837062036,1.2127828706726078,0.11427613199724296,-0.029633776961193656,7
39,Relax,60.0,0.03313930153437849,0.01752115458819236,0.9741662584733485,-0.0004884779133515928,1.0371658121444378,0.07343761283836718,0.0036638761698169417,-0.004229118138205725,0.37864873901313056,0.021771217683181007,-0.6390119783993882,0.0007320431118250066,-0.6287951011479855,0.17742312424373094,0.009721333046129892,0.004674766021663712,-1.4215443206707197,0.7725830283534979,-0.8563821077381092,0.026754784627913506,7
40,Relax,90.0,0.026140519861313702,0.011752733706227,1.6056453120135983,1.9930360597270336e-06,0.907470311938665,0.07630351154979509,-0.01733541006657421,-0.004396441010148255,0.4086773773345417,0.03423353159222528,1.3215390379919398,0.0013751648721287268,-0.43494387788576405,0.16001703288127073,-0.6903768104838327,0.007823844740437173,-0.9897522835410411,0.4022882463295563,-1.7888543819998317,0.014996563467775528,7
41,Relax,120.0,0.024690142773392994,0.014103307396753988,0.9664756860236656,7.231710841512758e-06,0.7770470149680158,0.07452127426092679,0.016671991879772963,-0.004295107703342746,0.465414535400656,0.0475519707936072,-0.37603371462791524,0.0023856215469086413,-0.3868567527354457,0.12696894955098556,-0.6427763525278938,-0.0033144241407615646,-0.6659164920178965,0.3669433378169509,2.157277486520023,0.012477140805189238,7
42,Relax,150.0,0.02964738778898888,0.008653586806672818,0.45083155489032195,0.00012640890807636622,0.6520542022953354,0.07093352263839808,0.061975085060087115,-0.004087194511385073,0.5082483673268777,0.0186586919294111,1.42510717420143,0.0005276590266910891,-0.6318005464698803,0.2303434155732575,0.24733268234944197,-0.011949964589140345,-0.45002596433580033,0.508858853726508,0.7071067811865482,0.0023994501548440877,7
43,Relax,180.0,0.03202489108593885,0.009813670708419485,11.65740758239306,3.116100327119746e-05,0.5310536271199061,0.06941549256174824,0.009382941766242834,-0.004001987793583413,0.5457952841415672,0.043808155881007144,0.75142132861594,0.0021862459411782866,-0.8181381564273643,0.08996277351370605,2.4651568457424413,-0.00044593159263457845,-0.593952982790531,0.4317810553641927,1.4999999999999993,-0.017276041114877398,7
44,Relax,210.0,0.034195390188531835,0.012656051766852331,6.97387705127746,0.00014345329292702406,0.4154701756665216,0.06366013055631202,0.1633626130375296,-0.0036630219593006244,0.6027934134743091,0.03944338951345898,-0.6573539324207479,0.001699326582387202,-0.8421817190025237,0.06879778796908796,-0.11271449280588754,-0.0011674388885826801,-0.647925614711055,0.38544168796051,1.9603921176392123,0.01160734012405826,7
45,Relax,240.0,0.4628072934614517,0.9058759047475647,3.7898846019429837,-0.003399238985673882,0.31224277360723146,0.053528236021273226,0.15759371468714387,-0.003059565430636401,0.6456405243248916,0.03300586701393669,1.4656771840745513,0.0012270238873539302,-0.8511980549682081,0.1678481344461862,0.7758312696591233,0.0022697417018367172,-0.18015731385043693,0.6622627135837538,0.546409540187404,0.025044608843717873,7
46,EmotionalStress,0.0,2.0260118272320757,0.9204651707137006,2.1528983472396135,-0.01887793115902162,0.27177888632889796,0.07567294097778253,-0.8299518524352618,0.002415569328890742,0.7463967852317712,0.011630785395888155,4.238850542538375,-0.00018815387955570262,0.6875899498419826,0.7082974506631003,-0.5372884166851186,0.03148577672040164,0.6114797238297829,0.8701338015367573,-0.6345175238960152,-0.022406183998875475,7
47,EmotionalStress,30.0,0.2739553605104634,0.22958946860360194,1.3267544000012699,-0.008269877596546746,0.2594603017895168,0.0741144854302215,-0.2470464021408804,-0.004230556557443672,0.7451579776402202,0.01286934117784436,2.921425476751965,1.449514124791833e-05,0.48171694529218173,0.8529576137295933,-0.07491581676678895,-0.04758691349491003,-0.00024442261996620955,0.7002774495653703,0.29770536991698066,-0.019826305939199585,7
48,EmotionalStress,60.0,0.08338161545144394,0.06035858946057878,1.9808942673082681,-0.0020010937725864967,0.13442694843326422,0.07342330116316473,0.30602698925508953,-0.00420575407127738,0.7449540680939449,0.013388814430257287,2.4073511138074193,-3.9119624333010484e-05,-0.5671834720491399,0.3612133942555208,0.6843337161839851,-0.015249357327902996,0.08970447303149776,0.5276059190561008,-0.3646572754215041,0.011457477472038227,7
49,EmotionalStress,90.0,0.046394058431286675,0.03107721730986371,1.2242987158727494,-0.00026270994769993385,0.021663577047343764,0.058871422102460304,0.04557055550001873,-0.0033940332919672874,0.7464464941266602,0.014193938265810504,5.059857102322659,0.00023948995440628017,-0.7414993007190444,0.2109974595266924,1.537270594692264,0.003589999844075082,0.2516237415137557,0.41769735504172545,-0.15813812419563109,-0.011427623943816476,7
50,EmotionalStress,120.0,0.08468729418705331,0.03611550586185096,0.5325918878533136,0.0009910439150378674,-0.09639762341044271,0.07603798537180753,-0.17061817761585063,-0.00436492078098926,0.7536072791000396,0.019155738494408735,3.460077090422472,0.00039509184181708715,-0.6393141597746176,0.18630731066624534,1.2545738744746022,-0.00060376131362323,0.14367435951065047,0.398655361902838,-1.3368431441937334,-0.00044996784764192227,7
51,EmotionalStress,150.0,0.11321558460902734,0.06125780379764895,0.5260341638130205,0.0013880136398061113,-0.22736650431442956,0.07584291219551186,0.00961553478814776,-0.004157882223706525,0.7870140664719876,0.03919667521849109,0.5527049017974766,0.0018922155530368425,-0.673876780976409,0.12059290836723752,-0.08049418908857045,-0.0028609768471275143,0.035727722948916574,0.44470595688708703,-1.3754927699066497,-0.003929099628557186,7
52,EmotionalStress,180.0,0.13490695758866478,0.0770114725658541,4.686789123506655,0.0004416774767213945,-0.3014037888261119,0.034488313191016966,0.7704340048577429,-0.0011291841023336505,0.8414255284761476,0.036571375011191926,-0.3203214696311764,0.0016238998048489182,-0.7009257888734631,0.12204476600904293,-0.020130701481593745,0.00010521981399243313,-0.16217192742633835,0.5288216331213428,-0.4082482904638636,-0.007258336718403356,7
53,EmotionalStress,210.0,0.19334171212715917,0.11778847581741188,2.056184357977459,0.0007136054355489389,-0.34116632320962287,0.03838298985611653,0.12815617246729546,-0.0019397887587895646,0.8691185158236403,0.016472688387594178,2.1906831134062137,0.00021059041069074102,-0.8406789963415762,0.2460934902388695,-0.3409008866897108,-0.010158722517602527,-0.01823529992680757,0.7069478979683699,0.33976100898740086,0.012298031078376258,7
54,EmotionalStress,240.0,0.4841973041836326,0.24779112036512363,2.751113138337994,0.007583873708585743,-0.3751674948261632,0.023508344029045114,2.6749299574323553,-0.0006627296564782167,0.9024345547058484,0.04693398857247692,1.2486162034332018,0.002146749487087568,-0.7940945938522054,0.29123369973859603,-0.03857524811069845,0.007971653526759881,0.21565159594487301,0.6947148225731811,0.04606277869700945,-0.0008698762017466452,7
55,EmotionalStress,270.0,0.5544823118939511,0.29091131035079215,1.213557832616263,-0.005899438233523249,-0.39247089329714313,0.017281994402034633,0.6595906167929785,-0.0008190272784905885,0.9607787111766289,0.043854397592305826,-0.8425110023215658,0.0018919978026910446,-0.6017460932509313,0.14109597545185876,1.1093768623054105,-0.0021394695511794187,0.03573321383165939,0.5942560147351806,-0.05688731248679591,-0.022165433430157335,7
56,Relax,0.0,0.1361486459753121,0.33259163253282104,4.608398101464665,-0.007908117470592772,-0.5728142743078403,0.031063698124551408,0.1731429269598472,-0.0017872443955572563,1.0526014218061155,0.04621626945842213,0.0958384112292644,-0.002221564130277959,-0.017186978142372362,0.34297319798886694,0.8523236589469352,-0.00039332168563836853,-0.28806688695365684,2.0903569194552776,0.21118141588004039,-0.09151189548675444,7
57,Relax,30.0,0.0400903269642224,0.01875757381281026,3.4141945856717113,-0.0001165525577648946,-0.620988476920988,0.02498052763625218,0.06607811921480881,-0.0014391330175870267,1.00231443446269,0.02513468325680545,1.5736177652336787,-0.0010601920339229326,-0.3763376941088134,0.3636340447098877,-0.03697045702495083,-0.01844353025267321,-1.4755183253119288,0.9263317357413957,0.12677561958808753,0.04730000563515734,7
58,Relax,60.0,0.03766299046260863,0.018632352257540473,1.0395108982035823,-4.511249017788229e-05,-0.6609915682878333,0.02178499351908859,0.16968102376217448,-0.0012530338378615885,0.9827103257278655,0.020025393348846794,1.0438443554189756,-0.00038992099710781253,-0.6333032691308277,0.2368922049354131,1.4269555803794585,0.006410892952538816,-0.9717614062341996,0.6177450076950175,0.004001697969439194,-0.003929099628557181,7
59,Relax,90.0,0.02991276098861602,0.02164382915688445,0.8176067776540574,-0.00018034931001202232,-0.6970800084086165,0.020084569776194727,-0.036884508467977056,-0.001157267956794434,0.9441166337209785,0.043847815582313626,0.15407883745722634,-0.0020659323821174604,-0.7159530154829378,0.27469836006708587,1.297102174208022,-0.004930299855645323,-1.0976975473820896,0.5527622029034814,-0.28244373907704035,0.0015596426006486655,7
60,Relax,120.0,0.025409433990952125,0.018480010528146303,0.4211459893933518,-0.00010861241028787091,-0.7299903000435551,0.017894546796016216,0.2353514497085235,-0.001025806846706351,0.8925386481318178,0.029333220608832845,0.9352651012508326,-0.0011708412037100338,-0.7505156366847291,0.16501920220703914,-0.16093901549815107,0.008630529981045807,-0.6299347374042139,0.6585742424370682,-0.10600983195829804,0.019675491269721488,7
61,Relax,150.0,0.03602312959397412,0.02358531119228465,2.0392078161922482,-0.00011719847312919381,-0.7585413834492182,0.015313441481373771,-0.15107477768421715,-0.0008795017965689954,0.8712623250988568,0.012234764082767344,4.243112340736005,-0.00021647210044868645,-0.7354884100752547,0.24295358953688165,-0.7862640082949818,-0.008901095217026336,-0.4140442097221176,0.5201821921226919,0.5533715710928603,0.0013796838390353564,7
62,Relax,180.0,0.023683726179535555,0.019558155570491245,3.3133450112283103,-0.0003267846137391675,-0.7873113789516076,0.0177767907762208,0.07829711578227619,-0.0010228307232235132,0.8678596486284931,0.003654335156036691,6.4725858614083265,3.4455988191051525e-06,-1.0315247742819027,0.27346249542639084,1.0071206659229703,-0.012886921980406271,-0.6839073693247377,0.3465287696369568,2.3882010055953566,-0.003569182105330574,7
63,Relax,210.0,0.020679362056315143,0.013779305410579543,1.7082902384932224,-6.401985196603255e-05,-0.8165966882540515,0.015580871885990749,0.014906626060633352,-0.0008965688905527435,0.8683608111226122,0.010031808308369874,7.236676991852274,3.239670453847117e-06,-1.11567724329496,0.20386137442615937,1.5404712235809952,0.0051457499509631735,-0.8098435104726273,2.220446049250313e-16,0.0,8.991065531968501e-18,7
64,Relax,240.0,0.015839617279847184,0.014884345013787425,1.9176932515402312,-0.00011783394410720361,-0.8420769969465395,0.013833646496603456,0.15172659047661596,-0.0007944922666051387,0.8676096329035622,0.01041189353400081,6.220832155534466,-9.179415479892778e-05,-0.9789294811487419,0.23935782411473155,0.28901728865656906,0.0071424211831528596,-0.2161363230227482,0.7221224536492552,0.8193214565501145,0.031763105893337376,7
0,Relax,0.0,0.12653500266768772,0.13511124251778533,2.336262342747906,-0.004132982549307871,-0.9421695183982227,0.04209910169408935,0.2097752073577212,-0.0024055763982417672,-2.8363501276847165,0.21790649745061408,-0.17377505236568,0.01246507792241545,-0.3130755447479451,0.5407276747545874,0.018574808827997984,0.0037656813933565243,-0.45802730264941116,0.1814958200503728,-7.550956836887783,0.002324138671468492,8
1,Relax,30.0,0.025562719390956837,0.013355190035567063,0.9283838535084422,0.00024194374827743312,-0.995831946602456,0.01987051761522014,0.8322176626213985,-0.0010669439616888489,-2.51290070223827,0.15931875677006752,-0.18296988773436407,0.009089336113551692,-0.4867059185038495,0.4913007079682855,0.7026216645418969,-0.006568591547892364,-0.43439855948948153,5.551115123125783e-17,0.0,5.9497991643628614e-18,8
2,Relax,60.0,0.021701092757933676,0.014890029427697675,1.0293145736290974,-0.00037544421332384855,-1.0164412915187548,0.005360489395106044,0.12071255060552678,-0.00027841504558166166,-2.259620802991084,0.13670752920716506,-0.08071394412981686,0.007782108882298133,-0.7522415884063075,0.25749022184656783,0.3652620388307799,-0.004266916097875177,-0.43439855948948153,5.551115123125783e-17,0.0,5.9497991643628614e-18,8
3,Relax,90.0,0.014030898440291779,0.011726672978023444,1.2105205611518317,2.313732003051926e-05,-1.0252548201241385,0.0055040943521355926,0.4735924979145335,-0.0002956554683527065,-2.0428997111617084,0.1151617106321101,-0.1428175491988585,0.006526550473819169,-0.9095230193033477,0.19934177836095088,0.6346215279863181,-0.0025269825004313757,-0.43439855948948153,5.551115123125783e-17,0.0,5.9497991643628614e-18,8
4,Relax,120.0,0.019744334378688593,0.00986837499245551,1.1031970642929754,0.00017995331866332324,-1.031061044353842,0.002085197492742421,0.7115718297161646,-8.602637707400088e-05,-1.8577358164450746,0.10139599202719425,0.17200666947114246,0.005696169332641444,-0.7828860379241929,0.27839709612102626,0.3758023032605837,0.012837867263644933,-0.5525422752891296,0.3918383766458157,-3.015113445777637,-0.0033483353741495096,8
5,Relax,150.0,0.0251565305874365,0.005189373110507567,4.673065476003474,3.278990031338289e-05,-1.0355697261165937,0.004407070658277634,-0.7651510083548722,-0.0002184165689399422,-1.6900935593422148,0.10234113533151423,0.18099050152444882,0.005646876642655383,-0.4336027118603517,0.21325094927158045,-0.7075127121976631,0.009177339137442257,-0.5525422752891296,0.3918383766458157,-3.015113445777637,0.00846931888755466,8
6,Relax,180.0,0.024650312113403426,0.006849505796103171,1.5801230313724974,-8.528730381989154e-06,-1.0396889452475122,0.00388907169055905,-0.21712667124857893,-4.670447274015826e-05,-1.5293483594401573,0.09721727169007775,-0.4323717804138504,0.005365138910445266,-0.23750937311776976,0.15604036174037658,1.1237490442949778,0.00388562238675472,-0.43439855948948153,5.551115123125783e-17,0.0,5.9497991643628614e-18,8
7,Relax,210.0,0.02504051419134777,0.009523865103072637,1.2261931788835085,2.2729779086381904e-05,-1.0403262422967796,0.0028594558131354274,-0.6058379494997579,3.476535405280698e-05,-1.3940635312754877,0.06641234550407735,-0.25669871937486266,0.0035995638041413564,-0.21707740240525464,0.23499467447287933,-0.9150473787257346,-0.0032518710418198574,-0.43439855948948153,5.551115123125783e-17,0.0,5.9497991643628614e-18,8
8,Relax,240.0,0.02883746682447274,0.011602657044619795,0.9840676448932594,1.1081558492668295e-05,-1.04235039009875,0.0030115152400134173,-0.7599943342404455,-0.0001361616034144945,-1.2930362279028045,0.050572295276332495,-0.06096411588838242,0.0026666213990543296,-0.4458546006620145,0.35479961403466725,-0.7395550729546567,-0.01184748946314799,-0.4107680134344535,0.18150966835039195,7.550956836887784,0.0005909277979862597,8
9,PhysicalStress,0.0,0.2935995399730373,0.4804111180357866,3.834009178167619,-0.0074429035521794955,-0.87714585006288,0.03882708934178553,-6.638662916224788,-4.138912393726925e-05,-1.0291647977756402,0.06583617044685595,-0.20178970230938253,0.0036162465689516914,1.727466366171403,0.6889588575337214,-0.7316760695162142,0.034423558497158335,1.4087245372644575,1.4937297106392018,-0.10773326590789035,-0.058696745010872874,8
10,PhysicalStress,30.0,0.6555438996682454,0.6161533814020985,1.4338351299674363,0.018334661642405298,-0.8898672372417015,0.018196855823839998,-3.6124068286362294,-0.0005367803546506374,-0.9106118279681598,0.07393000867817762,-0.01708871877266267,0.004082921086869374,2.046108047958069,0.34887967586435653,0.8505813590000018,-0.004947518626085093,0.20361536662568494,0.9484404126844851,1.1849840199446098,-0.011226654327876246,8
11,PhysicalStress,60.0,0.8010456387974547,0.5631248980756983,1.1216334453851287,-0.008489758880120676,-0.9000475224522778,0.01577755923890477,-3.8115243992669754,-0.0001075771878631149,-0.7990372171477003,0.05484698360540813,-0.6157127452514205,0.002888426887979137,1.2066201287550522,0.7117816529243094,0.04829650365445106,-0.03629912575574633,-0.17446255288417317,0.548615583990187,1.636775870565003,-0.004766817570422437,8
12,PhysicalStress,90.0,0.4608406360176202,0.3239176393337404,2.613010807906129,-0.0027877768245981546,-0.9058603000229033,0.007427351564288635,-0.08214551045642605,-0.0003759919745319515,-0.7207982310056515,0.04200985197458314,1.1137203306448453,0.0020527634472935203,0.8062814217661377,0.4504823568641592,0.9932375153299016,0.017529306151558777,-0.43439855948948153,5.551115123125783e-17,0.0,5.9497991643628614e-18,8
13,PhysicalStress,120.0,0.3814072729038622,0.15400412281168407,0.8970281370463843,0.00019384412929380633,-0.9187788265987299,0.0087143444798035,0.15432041818199094,-0.0004787320816730185,-0.6691927332901384,0.035566960546775876,-0.7212485246476913,0.0015556643691995748,1.8970109068329466,0.9910236194675418,0.4273083054359898,0.05073124740351726,-0.43439855948948153,5.551115123125783e-17,0.0,5.9497991643628614e-18,8
14,PhysicalStress,150.0,0.3709918670512869,0.152452871111957,1.1048701113128436,-0.000766796604357128,-0.9320619991473225,0.006160905277364714,-0.0037655855161997744,-0.00033049285538921925,-0.6318710346590205,0.02729003974556923,1.137174098234256,0.0011854781735358185,2.5486009980281397,0.6031184650529229,0.8264935428512986,-0.008448096588105183,-0.8833446795281444,0.6594917248037766,-0.7882318002900199,-0.030686508899558502,8
15,PhysicalStress,180.0,0.5465767459272917,0.31752367137217574,1.1697772229794197,0.010572601785656357,-0.8507722803761809,0.10652525147672497,0.5429973398483933,0.0054189179888441815,-0.5870736789447057,0.037091073497615194,-0.3888394708134319,0.0018044373060872383,2.0910494067553302,0.46757178596254856,1.0214907749721067,-0.01993909989669914,-1.5922069743260328,0.548573727304142,1.6367758705650037,-0.021232385490195155,8
16,PhysicalStress,210.0,0.7676012295352325,0.33998637848632896,0.48923588312156185,0.0027721519966613646,-0.409473714706825,0.3859545565397888,0.2877276664615319,0.021457706014683515,-0.5581228315548593,0.015163482165297447,-0.2418945311823919,7.312559051078554e-05,1.6457623278673787,0.37109120804995654,-0.5178318023757843,-0.012329149838699045,-1.5449494880061736,0.5840650601835804,1.3754927699066493,0.024068622513004186,8
17,PhysicalStress,240.0,0.9681729794065446,0.7198362864740548,3.2956306077078517,0.014324498238579036,0.3265850172498434,0.4622880166212579,0.3162285196647734,0.026031069639862455,-0.5795793962883572,0.03418717828219193,-0.7900752976865364,-0.0014660283582000329,1.5946999338405292,0.42616955288435,-0.5293185434661141,0.002730884293723419,-1.3795482858866663,0.6683217807720592,0.7071067811865485,-0.004727061704681655,8
18,Relax,0.0,0.026580831358047226,0.03235232428862463,6.641373471658078,-0.0005583917700778265,2.1916451240180663,0.19998323608752888,0.059567263738861245,-0.008124057595687767,-0.6529398853399397,0.008592930500710867,-1.4363986601885623,0.00023377982475696857,0.23842215528806648,0.8527540011384569,1.4858475687997903,-0.024721771853422086,-0.5525386694989327,0.5362318440968772,-0.8682752458858768,0.011463052498011382,8
19,Relax,30.0,0.020810320121720557,0.009212179411850253,1.247487381285849,3.7505558276936278e-06,1.8350519406441217,0.25944469755414806,0.08763513596432332,-0.014944758941235283,-0.6147928281886575,0.044201025700631294,0.7221584162043796,0.002180283434268205,-0.0454948543677734,0.16818100507325157,-0.4417283640899705,-0.004266934804676261,-0.3398763752693694,0.35366962880118996,3.4743961448615166,0.006697181710510867,8
20,Relax,60.0,0.0209486053422047,0.010063383611846586,1.0555491159947228,2.007443785185166e-05,1.3632161840703485,0.2811613529500192,-0.22683451794715148,-0.016156777010282054,-0.5527010622004198,0.045835122536463664,0.006723673719296109,0.002195254471913811,-0.1292397052884458,0.20807255498751553,0.015996086239745466,-0.0010077704487899805,-0.2217236449942293,0.506267560138105,1.9603921176392143,-0.0010636700363752531,8
21,Relax,90.0,0.022262665338361683,0.010490545105578702,0.72918514178312,2.4770338813363472e-05,0.874605686949024,0.28358277458532555,0.22175716822731173,-0.016310725396440493,-0.48475353346615585,0.05023019158820615,-0.022217390492568094,0.0025520967220727126,-0.3825304994910167,0.3887679441639534,-0.7689604269697288,-0.016046097676923055,-0.2689847371042854,0.45515646127965187,2.3882010055953593,-0.008863916969793793,8
22,Relax,120.0,0.024326590568119626,0.008440472058224634,0.4733815987268355,3.961362185043948e-05,0.4541918694126709,0.2040804111683793,0.1935411106388369,-0.011748819567675902,-0.38526344582905275,0.0680129615129211,0.27156380697068977,0.0035090666304850374,-0.7399939074657101,0.3515339514546241,-0.05323921889320807,-0.006275614982964485,-0.3871374673794255,0.2545087699778162,5.199469468957454,-0.0034667764148526787,8
23,Relax,150.0,0.02442013047529122,0.006709397837228373,0.7250082775250494,-8.032916871679898e-05,0.1449069928967968,0.1558000187911841,0.2073302371586072,-0.008964469985286432,-0.2848298631177267,0.059127155673648304,-0.36211515029906194,0.0030800075704519726,-0.639900113686173,0.3451728738129839,-0.042100198778566994,0.011973126677471429,-0.43439855948948153,5.551115123125783e-17,0.0,5.9497991643628614e-18,8
24,Relax,180.0,0.0176385351031518,0.012166842935754154,0.59460789035711,-0.00015129910633526853,-0.09253845525151036,0.11932088784038275,0.16615220333022887,-0.006871412107754333,-0.2157512199401246,0.04257973010643575,-0.7227573364720803,0.002067332835189151,-0.6603306817783335,0.32564382139772785,0.07695315633943227,-0.015378676428415766,-0.43439855948948153,5.551115123125783e-17,0.0,5.9497991643628614e-18,8
25,Relax,210.0,0.014755173155007935,0.014612780383585077,0.8362777484135911,7.982242129554807e-05,-0.26902128633215233,0.08582335655775568,0.23112713153599507,-0.0049312214125788465,-0.1482247638417905,0.04375475138837393,-0.11391571319163676,0.002281898089142941,-0.8176177231567942,0.2642727481005804,-1.030070737934584,0.006241980154644074,-0.43439855948948153,5.551115123125783e-17,0.0,5.9497991643628614e-18,8
26,Relax,240.0,0.021458725010241812,0.011859135656273561,0.622249061731798,0.0001340074040196708,-0.3999370805075718,0.06705035058434258,0.12920979420497314,-0.003860842295684222,-0.09487093337491043,0.02544756432725763,1.3448806435581753,0.0010439031724123649,-0.817616320536439,0.2594940815155091,-0.6499620920908279,0.0011681648994979225,-0.43439855948948153,5.551115123125783e-17,0.0,5.9497991643628614e-18,8
27,CognitiveStress,0.0,0.29740544584548284,0.488771840252725,3.53891585260717,-0.013029376333041716,1.471308268635963,0.14037971751229966,-0.6870819673170593,0.002603355149966238,0.028975346913738678,0.03530916969113382,0.8462247314224206,0.00164828042320226,0.20167209936449865,0.39471152319417635,-0.4692523553202916,0.007770896359339547,1.337865351211145,0.6138927550799052,1.1547005383792521,-0.014535714741896164,8
28,CognitiveStress,30.0,0.040688400503643196,0.06533843479794287,12.0363827925168,-0.0005863175395893564,1.4572334637784807,0.1155345613179794,0.6065215463513459,-0.0032164174510870003,0.0768738430077023,0.03411246287924408,-0.798001143027109,0.0014974257732041016,0.3140149767049879,0.2634609086646203,-0.5706045059383654,0.004539579415193258,0.9361677030168496,0.5155422781474175,-0.41778153735281953,-0.017569739225586023,8
29,CognitiveStress,60.0,0.16614613154609875,0.3377630447818051,6.28834970106742,0.005345943765373159,1.3751403217185798,0.10342121434126851,0.8266902291703772,-0.003758428298270322,0.1084194048518051,0.0223004724241835,2.043439565353323,0.0007243705694832386,0.32218804551406505,0.3441194303513867,-0.2955298796143582,-0.002986370090960724,0.8652814735370608,0.3918682742787049,-3.0151134457776387,0.0009848796633104104,8
30,CognitiveStress,90.0,0.209315851410997,0.33772523291218864,5.7378877447907515,-0.0038696564273584732,1.350833331848314,0.08767986368503489,1.272783227160876,0.000414856639046805,0.15687269349083735,0.04540308976654202,-0.11306321399919232,0.002370056156626386,0.38959797977942384,0.4688208426631239,-0.249794498304471,0.005155877314731597,0.9834342038122009,1.1102230246251565e-16,0.0,-1.1190717099757775e-17,8
31,CognitiveStress,120.0,0.11906966489797931,0.2715000834140673,5.5396637775811595,0.00036610625687785465,1.4748557126879758,0.18415308608844402,1.1234762956029354,0.007054536758568966,0.21312802758740043,0.03007040232020828,1.0986021246191502,0.0012831615953866633,0.5550552847262511,0.39971001777126447,-0.6896090041192943,0.006392081188064272,0.9834342038122009,1.1102230246251565e-16,0.0,-1.1190717099757775e-17,8
32,CognitiveStress,150.0,0.3383790123679997,0.2058194994150368,5.16241911451705,1.59543193751478e-05,1.5983326106522966,0.14521724932252436,0.24094673348145584,0.0020473300270748,0.2621331035485782,0.04022387540505369,-0.5191806744468783,0.002044862159241625,0.5387063418673868,0.3998327145310549,-0.18847276676453179,-0.00541833139536675,0.9834342038122009,1.1102230246251565e-16,0.0,-1.1190717099757775e-17,8
33,CognitiveStress,180.0,0.5657805674954923,0.6979111737762774,3.3162864171065594,0.01067047584656435,1.4977745212227975,0.15571085891825387,-0.6564854313121764,-0.007979929422165214,0.3039337910592815,0.018883506292830185,0.9673622233282867,0.000669987827236141,0.20778892673302213,0.46080195010422925,0.5460940197453231,-0.017200412528580178,0.6998676511518644,0.567133105320673,-1.5,-0.018200576177976602,8
34,CognitiveStress,210.0,0.6669002946717715,0.8574368429635322,2.682261776291303,-0.0020436131434393347,1.1817555195914033,0.24088718183431115,0.07653096101357387,-0.013634034108774316,0.35175003686564066,0.04277382020906875,-0.07729463237698768,0.0022077165728282538,0.25273449339134824,0.45619150638178385,-0.07092579881254434,0.011466081172870972,0.6998676511518643,0.567133105320673,-1.5,0.010163958125363545,8
35,CognitiveStress,240.0,0.27111766156530676,0.6190282344159926,5.389153507964573,-0.004507789721263709,1.0614513137201742,0.16192499189576326,0.4380327566622047,0.002787714338996146,0.4000903264822727,0.022756750128721276,1.679971847923236,0.0007893063301202921,0.5611805278169048,0.39357811310484203,-1.075064491937826,-0.002744767078466085,0.4163010984915279,0.6945933621378801,-0.40824829046386324,-0.033564698925619176,8
36,CognitiveStress,270.0,0.018133050364521498,0.014491646174280953,0.1534400800250587,-0.00010669151005068907,1.2160996002014988,0.13692541281391046,-0.45820783239275287,0.0049895999712669115,0.44488340269188115,0.042598119336435265,0.1976051483582623,0.0021710377710889794,0.6592236906373082,0.3575713476193904,-0.8411788729831209,0.002002298820773881,-0.05630982260903298,0.626989238845928,1.0552897060221722,-0.003703147534047189,8
37,Relax,0.0,0.581078113670794,0.888385070456902,2.7273127405844613,-0.028936147379464393,2.004279172768382,0.5449118418703841,0.7086948753642714,-0.027243823114421375,0.5995849659479335,0.008875408287452374,5.662278653845239,4.673295526095147e-05,0.19961866316465507,0.5636222608791064,0.8322402679004369,-0.025679557729758114,0.03821957319147288,0.845415991884553,-0.2794221312291166,-0.0130792019287624,8
38,Relax,30.0,0.025350130430145956,0.013567342277914571,3.2564678962967353,0.0003181513031526683,1.2080571055457725,0.434590195743691,0.19598491146900854,-0.024852425504272926,0.5998985316803654,0.009432491084395218,4.861592056282651,4.2323324531721965e-05,-0.4050018801998247,0.3117421032997448,-0.7686740462668307,-0.010260460580934494,-0.24535058525906048,0.6052277157837413,0.7467302980248819,-0.011188581631774455,8
39,Relax,60.0,0.02502604250808277,0.017784987283688408,0.8630754342241491,-0.00043930625727341187,0.578862459560424,0.28561826718735694,0.23239355197313438,-0.01642576240863287,0.6226229820820809,0.0342390136483072,1.1608858358039669,0.0015813147389225448,-0.5684197751503594,0.2632662742688361,0.1282257328906065,-0.00172665878373586,0.061842907666107255,0.6762631269833942,0.6289709020331509,0.02233707076388036,8
40,Relax,90.0,0.016383596978386723,0.011245259983900933,0.7491586842338658,-3.385391016601749e-05,0.1705318092310396,0.1875832024613642,0.40457292353267965,-0.010654000567348457,0.6734950822073105,0.039668582393564945,-0.3991579124979742,0.0018100542447064083,-0.6011008294238274,0.2326242305162999,-0.1317911102959793,-0.00023504394037013985,0.06184290766610723,0.6762631269833942,0.6289709020331509,-0.02730086426696489,8
41,Relax,120.0,0.01729199808439798,0.010974159889353309,0.6172414681121305,5.40780757137885e-05,-0.07990476929149651,0.10589463764492389,0.1649804187119951,-0.006046780574333888,0.7196252834110592,0.037772725966003416,1.8565752610991946,0.0013486379150491406,-0.6092654825107737,0.28398828037957996,0.11393786668212516,0.0017672876173056074,-0.03267927655400491,0.6388993494391615,0.9616447378919017,0.014221662338202493,8
42,Relax,150.0,0.022653796534564685,0.007757255190815937,1.281935971110942,0.00010036554900181035,-0.24755067216179502,0.09178575868900213,0.26378731276833034,-0.005266012841267669,0.7912340244613039,0.06381255301765262,-0.28730173090632477,0.003306900944753481,-0.929956392636218,0.4397298247035147,0.2752242388549076,-0.023503694870324367,-0.03267927655400494,0.6388993494391615,0.9616447378919017,-0.025961427924862713,8
43,Relax,180.0,0.022569214238421894,0.007947569584746194,1.3095365006014894,-8.440571215466651e-05,-0.38165309978187784,0.06393486574480223,0.24876788165504235,-0.00366976648968414,0.856232129429651,0.023853097601617596,0.3531650804531762,0.0009524552113210782,-1.1628124108855635,0.2317842927281346,0.0806492055312983,0.005823417819095712,-0.43439855948948153,5.551115123125783e-17,0.0,5.9497991643628614e-18,8
44,Relax,210.0,0.020298782343463825,0.00987121268461338,0.5248402292707989,1.1688743310469101e-05,-0.4758144326390104,0.045011417756452295,0.25334323948911786,-0.0025763350271236505,0.9031549093012307,0.04101188973955024,-0.050531841277253645,0.00218802440967629,-1.1137852189939417,0.21660075632622958,-0.6591114066655024,-0.0008987261670139379,-0.43439855948948153,5.551115123125783e-17,0.0,5.9497991643628614e-18,8
45,Relax,240.0,0.01903043036047858,0.011203065481372475,0.7409908244631745,-8.514860262363699e-05,-0.5403646308855877,0.02926996979148782,0.2737158357484776,-0.0016663379282429642,0.9456601253789382,0.018199185142415617,-1.1708958734094501,0.0005144126885821627,-1.134208773984326,0.20369745645466344,-0.7001030041617954,0.0054555462377415855,-0.43439855948948153,5.551115123125783e-17,0.0,5.9497991643628614e-18,8
46,EmotionalStress,0.0,1.5507002010490702,1.2586794771989291,1.3714918677782357,-0.03800917308256349,-0.04297104697324114,0.4040626727259408,-0.853753488329956,0.020088498164190775,0.9599853623249993,0.0300820044916659,0.4866680882165223,-0.0012601626903038369,0.587702676111197,0.92702669071119,-0.21528328797248372,0.0033197416544450175,1.5977887375507644,1.8370669197759244,0.5835372516556739,0.02497588701633697,8
47,EmotionalStress,30.0,0.11916463322833384,0.07384487623155007,0.9941318421847145,0.0032003068317553777,0.19947935522044002,0.07184532563879821,-0.4119936323473308,-0.003933522769071877,0.9012650635296457,0.04624028795154576,0.1265741796318931,-0.002454033788098913,0.12810746698102934,0.8582848109049332,1.2169187429880146,-0.039092595990793184,1.0779275417107386,1.8095083431449324,1.077769589876805,-0.08052164528757108,8
48,EmotionalStress,60.0,0.12602212624016373,0.06896705201420616,1.0169100748140865,-0.0030132591554882407,0.0603496005991996,0.09095195049409809,0.023588587153388327,-0.005237617659000757,0.855373638159341,0.015558349856148745,2.871084945995412,-0.0003897040790884497,-0.5888447327610993,0.2227313044347027,-0.061844853332266844,-0.007038702812133994,-0.2689847371042854,0.45515646127965187,2.3882010055953593,-0.0041364945859037675,8
49,EmotionalStress,90.0,0.024666879970711417,0.006388308812439551,1.7801194598473493,-1.0024915553123081e-06,-0.09665086862144104,0.09126284367609795,0.06198576992292043,-0.005260490360546173,0.850405749655351,0.0077608139198949815,9.05737577718167,-4.413166449178981e-05,-0.7154873246216746,0.2072879324181483,-0.47453358620165703,0.0016242484012886124,-0.3871374673794255,0.2545087699778162,5.199469468957454,0.0017333882074263467,8
50,EmotionalStress,120.0,0.024125792742957446,0.0071043041055041094,2.817942253703735,0.00010218987577012864,-0.24474984391565335,0.0795445986369159,0.08022497452908789,-0.004584808794458316,0.851451158635857,0.01084559356250049,7.110436606194267,0.0001688808490770953,-0.6072274751348362,0.25840338216225567,-0.7991738712662856,0.004386265488689605,-0.3871374673794255,0.2545087699778162,5.199469468957454,-0.0029940341764636796,8
51,EmotionalStress,150.0,0.024790924172269056,0.00907070660320366,1.4132713578971776,-5.732115633882955e-05,-0.37039776241420924,0.06586698356142826,0.23000562641581976,-0.003782720502376979,0.8694582040624117,0.027925843472319155,1.3595530055026457,0.0011375791658202689,-0.4458517954213043,0.24350183144058563,-0.7814727572002317,0.006664283850406063,0.2272567300513036,0.7073392576023798,0.13363062095621203,0.035298087133045504,8
52,EmotionalStress,180.0,0.027754672907398772,0.010908783376010206,0.6199075287082816,-1.4382833454876553e-05,-0.47114923604962633,0.05060559841541122,0.09731846372217066,-0.0029133561356920706,0.9112833995681218,0.03522105617954261,-0.3469881691527742,0.0017016113379328375,-0.31307975260900983,0.17036233059537448,0.15200580794619917,-0.0004907214823183852,0.7707592893169486,0.506267560138105,-1.9603921176392143,-0.003978913839774107,8
53,EmotionalStress,210.0,0.024180006266947312,0.00807948148712248,0.865665036368375,-8.417340852121873e-05,-0.5498578776086467,0.04032450444945878,0.27968906459602344,-0.0023056916639687896,0.9441486419898787,0.016891756263290446,-0.583457462291367,0.0005063345707205974,-0.3866261509278632,0.18311884537445935,0.3027677608215758,-0.006811387118955108,0.7707592893169486,0.5062675601381051,-1.9603921176392138,0.0034273812283202557,8
54,EmotionalStress,240.0,0.01951270600433897,0.011327870162850152,0.7223498113495468,-5.9401298040188946e-05,-0.6108442533710049,0.029225853968854316,0.1757660191320455,-0.0016668657416436267,0.9618154383841798,0.021711730335978525,1.6821137391751229,0.0007757871927885866,-0.5520876637357564,0.19313064069795502,0.4536353104688977,-0.0028639294012698224,0.22725673005130345,0.7073392576023799,0.1336306209562127,-0.03529808713304551,8
55,EmotionalStress,270.0,0.5896090237571749,0.6792080012144871,2.4218037463255486,0.022426604805786336,-0.668490078319712,0.04424517639144499,-1.3536499890418674,-0.002194701648667434,1.0065295050527283,0.041166293493282644,-0.015828953421666174,0.002147819530530964,-0.30696292524048696,0.3707290324840993,0.17011031287038517,0.019700382408269254,0.10910399977616334,0.6893480278762244,0.47991381913374237,0.031870705904725245,8
56,EmotionalStress,300.0,0.8564430428382198,0.5686569110303391,2.754125374286005,-0.013308349068720244,-0.7073115705525285,0.030848272648810654,-0.6443877966824332,-0.0008404913636552839,1.0449772504434778,0.015722221718608653,-0.34017157736273373,0.0003779960105138532,0.025996705130881082,0.44931676762566813,0.6455604432505476,-0.0026698884304907963,0.6762371050968364,0.584109624891362,-1.3754927699066501,0.004845607943487274,8
57,Relax,0.0,0.03608954877572022,0.03563011912584088,3.6442930870405976,-0.00100615634885201,-0.7119793764586111,0.011210800186935889,0.07578328617978447,-0.0006324668391976006,0.8574389721659335,0.020427373331889116,2.8194168234420034,-0.0006669768526910957,-0.23546295001970174,0.5804325952103655,0.145051894337238,-0.015944154964502494,1.077943767766624,0.5710287041377654,0.5190277062154186,-0.009690665851181819,8
58,Relax,30.0,0.021307787511129717,0.008824264721481102,1.3548954592939646,-2.392915231204789e-05,-0.7329650736942676,0.013675432677018923,-0.2438451944394387,-0.0007672565543382195,0.8506142477198942,0.009162172613637292,8.834826760739032,6.732976973664962e-06,-0.40704549805718254,0.3299733835300013,-1.0366141009295637,0.0037663080711923284,0.39266694664630303,0.7890529344537605,0.2483780738491951,-0.02958546047455755,8
59,Relax,60.0,0.020625933585936906,0.008524573507141024,1.4826880641020463,-3.2963006528860415e-05,-0.7571014861027833,0.014513776730332016,0.23861664772953153,-0.0008197315835965401,0.8571343255504633,0.018008298411511473,2.996183268928999,0.00039956928071694926,-0.6215173713124361,0.302770729184189,0.005251547881087653,-0.012739282422016095,-0.29261528315931334,0.4253498289905048,2.666666666666667,-0.008666941037131714,8
60,Relax,90.0,0.020552542023382088,0.008200074940178785,1.2274238839019964,2.5395310941455726e-05,-0.7768553022058674,0.008435872312852928,0.5835408158247711,-0.000458898115645461,0.8987760486298445,0.043336600180262294,0.2860424391844413,0.0022365262036996548,-0.8278245914807434,0.2815869595459037,0.477352825432962,0.003561817013666639,-0.43439855948948153,5.551115123125783e-17,0.0,5.9497991643628614e-18,8
61,Relax,120.0,0.02058650885018342,0.00831850774789428,1.0486227225715525,-5.18359203188557e-06,-0.7914894500941443,0.009513091173711104,-0.577887269681509,-0.0004974739543883213,0.9435418509318237,0.02161425463957204,-0.8946631159071129,0.0007320398668799268,-0.6828006598667863,0.32892397774905974,0.013287772201408206,0.008686987114444964,-0.31624582921434136,0.39186827427870485,3.0151134457776383,0.001378831528634594,8
62,Relax,150.0,0.020274592841275973,0.008861233088090422,1.0555905249606423,9.159494428119614e-06,-0.805502777204943,0.009730795117984803,0.416757733552741,-0.000513474558198832,0.9825693487828663,0.04114962685793124,0.9263507828626025,0.002028777495536544,-0.6889343186795709,0.2632011014026853,0.3174641688006999,-0.007117362572275181,-0.29261528315931334,0.4253498289905048,2.6666666666666665,-0.008903312156326207,8
63,Relax,180.0,0.0189801787061629,0.009940042204785152,0.9827239957617044,-3.765969617594504e-05,-0.8191040490148732,0.008915856926642911,0.05096035896980568,-0.00048131333540905695,1.0313269115481725,0.032698668871793804,-1.1567652685219332,0.0013793772801683043,-0.8114938826864952,0.19680941061457072,-0.4828228827633436,-0.0018453347297118063,-0.4107680134344535,0.18150966835039195,7.550956836887782,-0.0008272989171807482,8
64,Relax,210.0,0.018082992330704983,0.010297072169558247,0.9393291890103409,3.7440914682631815e-05,-0.8348017124171605,0.009503713881465653,0.13415305039362405,-0.0005157611847494095,1.0690349008369529,0.029808414362437554,1.3042213035948296,0.001327527838692251,-0.8462059312341255,0.15993083909935052,0.27576616973188,0.0006643369646812033,-0.36350692132439744,0.30900948670365286,4.129483209670111,0.002954638989931264,8
65,Relax,240.0,0.018436123636200907,0.010101870017920666,0.839473305221255,-3.4397151220352635e-05,-0.8455950511312756,0.003411848764448555,0.3626231341278398,-0.00016868504099933106,1.1179980812093149,0.03847649308852816,-0.5147069955128643,0.0018914712967409244,-0.8400778829027613,0.15608789570083284,0.2778380537433128,-0.0004226053429292,-0.2689847371042854,0.45515646127965187,2.3882010055953593,0.0022455256323477635,8
0,Relax,0.0,0.9634910951110017,1.2470205353274548,2.3197482948478294,-0.03738673926435707,-0.5597537465992993,0.059928124439893184,-0.5338350368555658,-0.0030547455600914183,-2.9111363789716362,0.24657701799294815,-0.026711921441303684,0.014154966441551235,0.4709303331837341,0.5298100925571579,0.20489400305747812,-0.028843824158751103,-0.2399969032136075,0.9220300351627275,0.8286971092574352,-0.03454022336860777,9
1,Relax,30.0,0.05049864793207903,0.12163157975114389,7.939493088054632,0.0018402692170883888,-0.6895995002127739,0.09286008592556037,-0.159169182358964,-0.005347905689353547,-2.5178266821012363,0.2128646807941091,-0.17956766802030444,0.01215069670067952,-0.051832287690627435,0.18231440875105334,1.1878340103638594,-0.0019890794763423587,-0.7131455996638333,0.3303897296130546,1.0552897060221746,-0.0032799460449631605,9
2,Relax,60.0,0.17947003432365122,0.08677173523826039,8.975986705675385,-0.0009305157142010778,-0.8565981596909701,0.10102480222991304,0.07015675636839387,-0.005827766210544335,-2.198037267421888,0.16200580904654,-0.15005556944271217,0.009242875841208554,0.00823430501243516,0.2551716578584488,0.6586588167251373,0.003068962815085889,-0.6882415367612542,0.3423742600890292,0.8728715609439704,-0.001536177261565026,9
3,Relax,90.0,0.0045764777575727006,0.009731938869905428,4.203090417222942,-9.021319806487965e-05,-1.0179168277910877,0.08551618111806837,0.13886907640686122,-0.004929494341788715,-1.948461127375333,0.13140958276980894,-0.19952905148685246,0.0074448411632722575,-0.08755843258032575,0.2963276698534849,0.7994193575310682,-0.014943086251542864,-0.5388171593457803,0.37356094353868435,-2.2184753409365616e-17,0.007846959525291632,9
4,Relax,120.0,0.010625665444151841,0.011751079157058392,1.6706781928883587,0.00024331598860235224,-1.1483172238640773,0.06639039382731173,0.17652269264641948,-0.0038216651926992183,-1.7532944360323415,0.10143243289150353,-0.04334021996373553,0.0056959412440114425,-0.1784761440336644,0.40064693534010254,0.36975358469039904,0.007580970274115058,-0.4890090335406223,0.37022551119728325,-0.26906911759852586,0.005729526002593889,9
5,Relax,150.0,0.0228450953260832,0.00501744490236297,1.9621093142121362,9.195815008015587e-05,-1.252755545293276,0.05573774609575982,0.05306171138867104,-0.0032149336833025336,-1.5752977426221648,0.11006474231162318,-0.01939329139219594,0.006207826034862299,-0.0404771115519904,0.4176089039905832,-0.3990954156390212,0.0010772374558423185,-0.5263651278944907,0.37335335200082004,-0.06670373459650793,0.009943633895806062,9
6,Relax,180.0,0.01786288423895501,0.010728395253449171,1.0057197998934508,-0.0001441091284554687,-1.3392128883050443,0.0449747530938666,0.2940186103650997,-0.0025775331362447806,-1.4138626859627195,0.08360353768413133,-0.171841041508651,0.004607272158264946,-0.17685437238967344,0.24718357226932605,1.019551002647077,-0.012504743259645543,-0.33958465612514854,0.31599713321160544,-1.2609766499825628,0.013368894006052397,9
7,Relax,210.0,0.015111904973625445,0.01122602670402719,1.1535432349892656,6.66309374045173e-06,-1.4074971435072274,0.03424689836726226,0.03681880056388306,-0.001973716497138185,-1.2685210041746624,0.09538888631516781,0.03382811440674194,0.005231887656743241,-0.36680559009305547,0.08544355631173636,-0.0676373092971805,-0.0008415711636927259,-0.3395846561251486,0.31599713321160544,-1.2609766499825612,-0.013368894006052397,9
8,Relax,240.0,0.017502177528381745,0.01162539102538365,1.9443417644885796,8.475464272276296e-05,-1.4579125650040134,0.024909857737669367,0.46253446143526633,-0.0014032324103048237,-1.1227030877779118,0.08344669785300687,-0.6579476421543652,0.004432015454057236,-0.32134742802406097,0.1316751411543151,0.9265925210143562,0.005740273021033404,-0.5388171593457803,0.37356094353868435,4.4369506818731234e-18,-0.008801880525723933,9
9,PhysicalStress,0.0,0.3727668539243932,0.3838536259763945,2.572423198444504,-0.00863439847478502,-1.3775523846958686,0.02097893872872599,0.13055959489302635,-0.0007480877135312482,-0.8149536097397462,0.06633982629571582,-0.0458054173036683,0.003517971648076106,1.4530927209581175,0.31380125020155875,-2.0384625842082453,0.012070899413061184,0.5941999080999604,0.5864840491819338,-0.23594523507221388,0.01471618008671966,9
10,PhysicalStress,30.0,0.5198073701398427,0.7093584454282262,3.656484172250477,0.007683129338091639,-1.3545684276589829,0.0632396553988558,1.2070291053542908,0.0027178992485170877,-0.7102249972338763,0.07613473661363092,0.048319312302999594,0.004216813119808342,1.3898006200666215,0.22931683174055853,0.6287284181503752,-0.008408076969569864,0.6689025972414387,0.3366143516768987,0.48097415965487045,-0.010813868071104843,9
11,PhysicalStress,60.0,1.34988633215209,0.8089353378509236,1.6196595015217095,0.016766710839955,-1.2069914904354528,0.141803062301364,0.5830667794341828,0.007781241464288835,-0.5936952516442362,0.07449662580057169,-0.10696998444945643,0.0040726471192351925,0.9677085375551427,0.3142948402209483,-0.6441084129081313,-0.014727132249574266,0.41989996648068234,0.30774750805997675,-1.3754927699066497,-0.007077790810454415,9
12,PhysicalStress,90.0,1.2105920516279538,0.6755378605769944,0.7792650774720767,-0.023636530239325177,-0.9789159237217638,0.14396215257927292,-0.33474986669838713,0.007238696657314369,-0.5126546296413491,0.04006259858718611,-1.329086668243462,0.001746931830471775,0.6007913738231055,0.26107470936220434,1.7387769084926943,-0.01140816819284428,-0.47654560260982315,1.110484671886274,-0.8469898591682133,-0.058139980778772485,9
13,PhysicalStress,120.0,0.526257032121292,0.31070003954622877,1.4954077164834794,0.0011927689052049655,-0.8402746168071105,0.04405923707866856,1.115416820986672,0.0012415072976148063,-0.48613412702391173,0.012800220936868448,6.01193933572,0.00019699978641394308,0.4660483704675626,0.08411216054877405,2.148292096725764,0.0007745567781484496,-1.895917595343685,0.9595059332748457,0.9355684823573504,-0.04618377336823033,9
14,PhysicalStress,150.0,0.541777363757798,0.3113521079211296,1.290768164436051,-0.00012894218336989384,-0.6824349255296202,0.1653250676587597,0.5240035291336789,0.008691368826509376,-0.4705282275895081,0.026209222776612598,1.5550624715576897,0.0007809640932340657,0.6527602068290121,0.25013736378757084,1.3334319214590307,0.01235562555494901,-2.642953986324731,1.01600862982172,2.1752370753800028,0.0014318588793317117,9
15,PhysicalStress,180.0,1.3283899808287734,0.4083723193560654,0.37997661055175147,0.00576238159688156,-0.42597357375838635,0.15742634489136464,-0.5976016899131624,0.008221657873022245,-0.46134149824866194,0.025172799576920507,0.9223550983052197,-0.0001547296071051279,1.2030984949126209,0.4082375760456479,-0.165680316254787,0.022186909985207157,-0.8251720846339021,2.2164524871723237,-0.22076382291769914,0.10218504835301073,9
16,PhysicalStress,210.0,0.663353481753641,0.39945747882862015,2.06753163625492,-0.003553574379761716,-0.22020530993257736,0.10508180288675158,-0.4525122672169299,0.005400714788271756,-0.47579838947625214,0.019787534948746667,1.714205011891627,-0.0006607355692448162,1.9222827722821303,0.4471355349745442,0.7982062106479282,0.024221686449628337,0.7436090862094207,0.595930715637076,0.1829817793090966,-0.022562297083100577,9
17,PhysicalStress,240.0,0.6136749157932866,0.3541876355392842,2.0512199124375643,-6.366594796580195e-05,-0.05076574837914343,0.11961386559944968,0.9471085672348033,0.005793039994209892,-0.49405165501126763,0.01736098467877674,-2.010215252883195,-0.0005687110159041953,2.72268326486338,0.6143371058977489,0.4193774923471191,0.033269819607978486,0.8432044387739684,0.5758101713217616,-0.6915987471226461,0.02704504817015277,9
18,Relax,0.0,0.22706415660318263,0.5654067379857309,7.971018970978391,-0.01038354961689913,2.2069696624966673,0.26454031811057244,0.016883539007720633,-0.013635055229155448,-0.7062091355035001,0.010355979269481019,5.583506044262916,-7.738155781084046e-05,0.5585823043034931,1.0073017527147374,1.5191808521464352,-0.04832532812880649,0.08374641495366081,0.48539548666829957,1.7279635403539444,-0.020091793268386716,9
19,Relax,30.0,0.10697353015155762,0.065711572192845,0.4658579202531573,-0.0015295152443552333,1.975107141703757,0.1373791608140101,2.559573934219085,-0.002473641347402893,-0.7033604336546376,0.022672683168355193,7.019943274255421,0.00032961548611104026,-0.17197795893490136,0.2680020709114004,0.31861093305972576,-0.00723971613923025,-0.16525621580709593,2.7755575615628914e-17,0.0,9.191158148063075e-19,9
20,Relax,60.0,0.049479631867887695,0.01675782269225957,0.1991298125547749,-0.0003719780533268649,1.9569719773029002,0.030555849200037986,-0.3121565316789962,0.000288708942999951,-0.6770826017718089,0.04003913655150699,1.3441076196401076,0.0015835652272944548,-0.24503121062804112,0.25117399300710475,0.7274952722164223,0.0006334044761720151,-0.06565516350279324,0.25393385463700746,2.1572774865200253,0.007762738308240321,9
21,Relax,90.0,0.3607164484517635,0.28243680577291735,2.446358371376376,0.009411911873650513,1.867500451594643,0.11037896651836585,-0.4969274860916087,-0.006217560142078843,-0.6282579209228978,0.038418235207049525,-0.7135871820593708,0.0018471295058050557,-0.3391966273154115,0.26388533941139375,0.14546536562316956,-0.009727336387327963,0.10864667802973645,0.38494872541756614,0.9153280087482667,0.005064460286659458,9
22,Relax,120.0,0.42787963561085374,0.22369865624038573,1.556238450907535,-0.009449829344592979,1.6285155126012787,0.1664857517411897,-0.15495469317019148,-0.009588038789129361,-0.5679635188140177,0.04374366103768931,0.48964957800342673,0.0022353502516146125,-0.4073845640765781,0.24673166868639249,-0.6779600044668831,0.004660681099462555,0.021490057523716667,0.4231339214502769,0.5156815762613001,-0.010938850583463892,9
23,Relax,150.0,0.017967972726354087,0.006196080676024724,1.6412928702228164,-2.0529059492546465e-05,1.325764304679492,0.18262883873777694,0.000656065516292456,-0.01053441159308183,-0.5131176105254052,0.03346675638800895,-1.1502967265584068,0.0015105829078933544,-0.4203642864899058,0.21092784180502722,-0.048621314309938206,-0.003285330814466485,-0.12791152093273733,0.286909408325073,0.4893976551856767,0.00014541542214461793,9
24,Relax,180.0,0.017140116383225455,0.008789882771914082,1.4521552423698456,2.7742329128726832e-05,1.011385545470967,0.17788875071221125,0.02987944628982407,-0.010260047243615058,-0.4884615345473769,0.011781627907222501,2.8860106083123225,0.0002659526767723277,-0.4528316276227736,0.09409872118688498,0.7766586420490053,0.0032259719117919794,-0.06565516350279323,0.25393385463700746,2.1572774865200253,0.0063928433126685,9
25,Relax,210.0,0.016609636611588874,0.009346837656759588,1.3816478321683827,3.244332784750772e-06,0.7049501981948432,0.1728784745853362,-0.03152620924220477,-0.009974596730171845,-0.4558779324705989,0.04039222235084261,0.7754590237118145,0.0019291856534140164,-0.33594614745068,0.1837955350649081,0.2167835442562228,0.0014830127404606452,0.0588461518775851,0.34232202111129206,0.8728715609439691,0.002241646356390254,9
26,Relax,240.0,0.01665178625836173,0.007949156368314192,1.1659043045799475,-7.5589531634589305e-06,0.40734316518057373,0.16954496932708307,0.023110890197281107,-0.009784480190966192,-0.4036478040010786,0.03546928007772198,-1.2365943280937672,0.0016325259548512485,-0.4252448618907275,0.2577861345662556,0.1461328179201325,-0.009005174566560706,-0.015854637350641913,0.29880315691290804,1.499999999999999,-0.01195544723408135,9
27,CognitiveStress,0.0,0.13703466899135772,0.14454168982734228,2.7521659936606637,-0.003561006050005009,0.07747604606463823,0.06960784196568802,-0.33536520291721966,-0.0038008164658784893,-0.22831063986825884,0.04934620312385902,0.4428157442502471,0.0025007432014733898,1.0943676543670278,0.06676086742437916,-6.36953076565667,-0.0011070290796627242,0.08373691538740242,2.396259028114525,-0.6118299227795114,-0.1168213940743382,9
28,CognitiveStress,30.0,0.1435383578934309,0.09622634046511383,1.0828861347308938,0.0019315451762943673,-0.0016842243091357955,0.04907879973642535,0.17230578511806854,-0.0016197052798777815,-0.14796240337502675,0.059258917447606245,0.03796374154953219,0.0031491104062316084,0.8086167624941359,0.2842485864461201,0.03730042549881272,-0.014359340649297388,-0.675778105830455,1.8068138430270066,-0.8037941430054957,0.05008698175858849,9
29,CognitiveStress,60.0,0.16489081663015173,0.07742138062593543,0.5751410120272503,-0.002257053102215578,-0.05683768287105596,0.04612787186400894,-0.0480102019806382,-0.0017313281900538122,-0.07240212597001898,0.04927191435567065,-0.623773290023197,0.0024443566511959365,0.5277297982378667,0.03498555614779817,0.8797321749385386,-0.00042273992717112736,0.33273384640840425,0.8370567200582893,-0.7397623791459149,-0.02789720915009637,9
30,CognitiveStress,90.0,0.0639108582516943,0.04494893430117966,2.549497121220235,-2.8610516048218588e-05,-0.13266646576098226,0.06169404150951564,0.16579221224836838,-0.0026566281123162746,0.005882713473018172,0.047781782007726675,-0.04371457452586611,0.0024955539739613206,0.5293487952511581,0.03685276180792034,4.564469713868966,0.0007770222599427566,-0.7131133011385553,1.4099329814089057,0.07405579520469513,-0.03748645828208949,9
31,CognitiveStress,120.0,0.0647600216466833,0.038055209802352385,2.079166251901251,-0.0003851838059267911,-0.16095697574773243,0.04122132067070198,0.8614506980302594,0.0008130336883894066,0.06726065215207813,0.03520194929240514,1.7136222005253003,0.0014239229925202743,0.5553443102769101,0.10496501739017892,-1.0481958853739368,-0.0002942226411818601,-0.22753727210931143,1.6096874667395695,-0.392011908007846,0.07503536189303067,9
32,CognitiveStress,150.0,0.36522188108776227,0.32074515369014206,2.3786203065264546,0.00733716294581133,-0.17434859575031397,0.04402722067236337,-0.23840555729117283,-0.0020550757517280274,0.1507979731193646,0.07378674339233461,-0.18392528643912315,0.003863574493985014,0.5715925476545178,0.15038566818116497,-1.3631481206565454,-0.0012049475625199437,0.6938009604042628,1.0190559110588617,-0.8236094085564122,-0.015256063743974084,9
33,CognitiveStress,180.0,1.1692703004204796,0.3905804104476986,0.33756552779117555,0.012878093041155005,-0.22459135565755595,0.037250439008347395,1.1448301127752483,-0.0014723477321290238,0.2258349807526408,0.025730541360524897,0.4550455993909032,0.0007798408790510192,0.5618424953756734,0.11970343808325515,-1.4242702310684023,-7.898099230204219e-05,0.793426711580837,1.2357703001459852,-0.5666928517008009,0.013721029914502135,9
34,CognitiveStress,210.0,0.8943019880371509,0.6155739361925824,1.6664547721837681,-0.01722094795036976,-0.2438817158061101,0.018240036353914576,0.3758515172510432,5.986168144164988e-06,0.2719043822067247,0.04729010057884193,0.3908130643402211,0.0023925678448231623,0.45955850926089864,0.16102257347578314,-1.037880414291345,-0.005175113358468122,0.8681351004620705,0.8953321415375746,-0.07243809645235567,-0.03198723407309473,9
35,CognitiveStress,240.0,0.27149137260375356,0.5081839309596151,5.388046934271233,-0.010938854094481476,-0.28388995468226785,0.04756694621990404,-0.37040289133962895,-0.002328136311055532,0.34518038839644843,0.054148987381849575,0.31790898149609087,0.002801916883025318,0.35403930375024106,0.1423785894788303,0.14232958319314895,-0.0007982818365406276,0.29539865110030394,0.4332574222166218,0.3067241254663419,-0.01168561943192327,9
36,CognitiveStress,270.0,0.3178130084500584,0.41681821784707634,2.7770721982868065,0.012727472592965871,-0.3092387984079033,0.06091020519018759,1.3922566701558858,0.001389947493306854,0.43605049807780233,0.07233145844129181,0.1352080333761581,0.003956436490571801,0.4173647002101343,0.14865219785713218,0.6190962256892171,0.0035782397655365534,0.345201077165707,0.5864847751604069,0.8279761192631221,0.017663415899208095,9
37,Relax,0.0,0.20166210606867743,0.43666262787151255,5.218697498645301,-0.008415258196134149,1.6380967574760916,0.0820358709750607,1.3814792597203998,-0.0021575987576257787,0.660859538945846,0.013820495146816197,1.7578009516662678,-0.00016841451261147373,-0.05347070711881683,0.7928984914232632,0.6089410685733067,-0.04190336789432336,0.2829485195622662,0.5489364509770506,0.7862559668192916,-0.026567660520180784,9
38,Relax,30.0,0.11820554045004537,0.041637492481688264,2.531848573662607,-0.0008853807181838714,1.6685565079280715,0.15053812475592018,2.084923878590189,0.0025911107423725595,0.6647551029315452,0.018114558868954363,3.8265650847154005,0.00046191619326680413,-0.6265609669401957,0.24456464083945662,0.000621780692652124,0.0013073668217108787,-0.28978033014649385,0.33872209968605765,-0.6361055358733183,-0.011292700056352318,9
39,Relax,60.0,0.024133565939730182,0.007611934771386707,0.5355245688818232,-3.78952091439496e-05,1.6937240442337391,0.1633267119650798,1.3372787034756481,-0.0024993770290355584,0.710313864904195,0.0468730353573481,0.3514145378830057,0.002346843761654707,-0.6866247850125584,0.2446273618660651,0.6082428502918802,-0.005586645288664342,-0.5512691907970699,0.3733533520008201,0.06670373459650787,-0.0075355722425419535,9
40,Relax,90.0,0.026174650262807953,0.009724206166662797,2.2819905879014644,0.00017263175721708292,1.5099482134059528,0.18512641543314365,0.46454953724686704,-0.010400125210050215,0.7699630234821017,0.03774122988935705,0.7572820098420316,0.001655615096130657,-0.8457248839656641,0.09734360828184103,0.06631837610394914,-0.0007903719418534237,-0.5014610649919118,0.3716884458146863,-0.20100756305184328,0.0026364123272805207,9
41,Relax,120.0,0.0483523591881073,0.0182996809435864,0.27065875778675746,0.00028435952353852794,1.2361618820442886,0.13875308790832394,0.02834402060915661,-0.008004787103135472,0.8350452204741062,0.050421708490688395,-0.06887906421915124,0.0025571682025397643,-0.9463829364903982,0.13173765212968688,-0.2430868212637187,-0.003583859953866925,-0.43920090773546444,0.3600338608417581,-0.55337157109286,-0.010171984569822472,9
42,Relax,150.0,0.022188063960756767,0.023718610896906252,1.3246011557462503,-0.0005292313697017153,0.9913420039211277,0.14406876576854988,-0.06525991970701277,-0.008310982403785132,0.9060169551920044,0.04237709329826301,1.0285478557476162,0.0020100978479397234,-0.9821021448033471,0.12111045166828636,-0.23045106965827217,0.0017592392148117941,-0.7878349894125504,0.4348850722552176,-0.03708489397103667,-0.017104401134357225,9
43,Relax,180.0,0.018791633236333392,0.007918756166000813,0.905726750668611,2.2341246620391703e-05,0.7414062219524982,0.14460879349835878,0.03144507306605556,-0.008344506041271276,0.9657523369731983,0.04719267579900848,-0.627774208174061,0.002236504559065384,-0.9122924363981897,0.16211415691094153,-0.3024685052651535,0.0026170927348196766,-0.8749992095715767,0.3716403299798997,0.104225325421717,0.010980451240280424,9
44,Relax,210.0,0.0187503073497533,0.008129342206467206,0.8513902657094847,1.7237768278746674e-06,0.49870221515134266,0.1364188968254923,0.04970756560145483,-0.007870187862496197,1.039536213783294,0.04857471485650282,0.34679478932120694,0.002430515971535913,-0.8635837944644636,0.1467477430256338,-1.0328792712484476,0.0004739692158615712,-0.7006935682125437,0.3366657196536539,0.9616447378919027,-0.0017645279355814455,9
45,Relax,240.0,0.019792096893966136,0.007602220470182311,0.7485186569604533,5.009537178083765e-05,0.27982810079468556,0.1185025060242403,0.10177430971430071,-0.006772933282491932,1.09644224538139,0.03280931232236607,-0.1534573040580344,0.0013166433592894332,-0.936641208103653,0.1269714534695953,-0.6037786389532599,-0.0052239049193806945,-0.6135293480535172,0.3660134798009653,0.408248290463863,0.001120994217898802,9
46,EmotionalStress,0.0,2.3741535509256892,1.1280958958551477,1.24163174352492,-0.03710159502488498,1.028817552826585,0.14614999235948484,1.9413782065368217,-0.006562492609091598,1.1538180833225662,0.04863422065263406,0.18734879853959377,-0.002496480313033854,-0.3862737863976972,0.5805194683018041,0.7467205405915752,0.025541995894342008,0.009005727547149189,1.0240009775786787,0.5845195541587636,0.03744551644487231,9
47,EmotionalStress,30.0,0.9411922559828084,0.5296881681472023,2.461375493212559,-0.005979945676117554,0.9449903452594092,0.08989467346758061,0.23881731439970533,-0.0009254704796990983,1.0907628191039578,0.03467076620537733,-0.8580194129221621,-0.0014771814186353332,-0.163860776822847,0.4282973735082252,0.8988105148432183,-0.013273524889538455,0.39499400366485177,0.8140700276710686,0.2752752953418664,-0.007782800632001237,9
48,EmotionalStress,60.0,0.1449262557317051,0.1921744227387321,3.520913703702467,-0.0046370123137392414,0.8335178686939984,0.1409882741231569,0.19977734745245648,-0.006015698287850655,1.0334992753846362,0.045265522504723626,0.5682698708580102,-0.0023086826248842848,-0.5940950131226778,0.21372659745260827,0.5150890010881524,-0.009605715974425598,0.021493857350219962,0.35104578008208254,0.6623572918157224,-0.0030510695822280305,9
49,EmotionalStress,90.0,0.029518526086160804,0.009177382663831739,2.624778843612984,-9.082362251677159e-05,0.6003037580261736,0.1498477412500023,0.18100767912656715,-0.008626956969449212,0.9797281002068134,0.03067144146778954,-0.5658483252380082,-0.0011852117360354182,-0.7207333202043152,0.0807599243261003,-0.1419518489649574,0.003028344812016744,0.009045625725433762,0.31594891881837817,1.2609766499825614,0.003902125138901549,9
50,EmotionalStress,120.0,0.026244278791798865,0.01020720385307769,1.3695907811046852,7.245126961593539e-05,0.36292180122742945,0.1265220455636167,0.0733594524856767,-0.007298279691976675,0.9275010039443214,0.045352842562371855,0.8235450629766234,-0.0022478608332252036,-0.7450890284865282,0.12575514441061952,-1.069020410417771,-0.004346577331166329,0.25804825648619045,0.4598128722957874,0.6028296922687562,0.018057706759810367,9
51,EmotionalStress,150.0,0.024571559452158873,0.012137271391505894,0.5810063406009465,-0.0001462339287639263,0.1598894141022019,0.10893266173818016,0.13520203158378102,-0.006277501113017977,0.8894697428569202,0.015119156246787582,4.029357522974849,-0.0002230770194567166,-0.8294974563183047,0.10739025091454689,-0.3401861303600561,-0.0011363049413441293,0.6191020710892874,0.44035465810908575,-0.010983741535422142,0.016999151535959416,9
52,EmotionalStress,180.0,0.0302745981552292,0.011418219059211268,1.9771365371033351,0.00010687069963053649,-0.01608114924492312,0.09449681413556991,0.08163813090883797,-0.005448851222456417,0.8857505071463389,0.010465933799145241,7.765108770419451,-7.184552396217635e-05,-0.7288324672168213,0.19656228670836579,1.1470391288498663,0.008888119689363769,0.9926060172304224,0.37163173412017697,-0.2010075630518402,0.012681906701430034,9
53,EmotionalStress,210.0,0.03921518351502839,0.03472199600567185,1.4981215607367744,0.00020500900090744085,-0.17431646146048344,0.0881378789635119,-0.027319065265087313,-0.005081519590969148,0.8704368650745162,0.023964798960111288,-1.513848806423347,-0.0009193824405472333,-0.6330508281468593,0.17679721337118004,0.22804617326330018,0.000500469675898381,1.2167083849151041,0.266735169914524,-1.9603921176392174,-0.0019718185542321773,9
54,EmotionalStress,240.0,0.04322856435422314,0.03498162900076793,1.5264726354334424,-0.0006271603590004322,-0.31879901615761586,0.07935773749496068,0.18877965529541973,-0.004563820670722051,0.8309312779638761,0.03826762934561756,0.22986746465591695,-0.0016605189965698077,-0.72721347020353,0.14501964453028457,-0.28520445665115124,-0.003618832327423957,0.9552556226163091,0.373503946141135,4.572151720246611e-16,-0.016272692068610733,9
55,EmotionalStress,270.0,0.13244091504130798,0.04358817023977039,1.5018847651631257,0.0010574631469980624,-0.44057682975714585,0.06223399836641118,0.1027864801180573,-0.0035860376797723164,0.7934755938551888,0.026099720453091807,2.0901875837316095,-0.0008121468294504998,-0.76455583747582,0.1216572671120775,-0.0284344378847816,0.002792962998535727,0.6315522026273253,0.18633650654242592,3.4743961448615193,-0.003403981504148165,9
56,Relax,0.0,0.15046218761110672,0.1526896583050348,5.358728431654685,-0.0028159209630602196,-0.5372562391903417,0.06921928950333253,-0.1383893750326718,-0.003966587154625204,0.7366377330590588,0.03605641487207687,-0.23488606800088674,0.001195013907132806,-0.012872310720396091,0.5628263030377227,-0.010184816956839789,-0.016642934183994287,0.15843390478912625,0.8557642991611195,0.7623883980057728,-0.03927264491199952,9
57,Relax,30.0,0.12288839172602341,0.1448542991654057,3.3834495426035587,0.003627310280314438,-0.6558448766581073,0.06679788854399427,0.05102640227066924,-0.0038520715890742446,0.7710569258543084,0.027879196321967867,1.45142034210097,0.001083757525825309,-0.7126064268848117,0.5205376317050011,0.7506569217173551,-0.027742695120417937,-0.2897803301464939,0.33872209968605765,-0.6361055358733173,0.0025328699585175606,9
58,Relax,60.0,0.11838425726912956,0.1340445102974881,2.35864931367639,-0.004260012164143536,-0.7644452650662967,0.059412747747007354,0.16516303478174438,-0.0034204690697882743,0.8293255657443349,0.051598277600824714,0.16281791870601114,0.0026264283186835896,-1.0827657465894804,0.13714422440933186,0.2547954693589762,0.0021271464568238677,-0.16525621580709593,2.7755575615628914e-17,0.0,9.191158148063075e-19,9
59,Relax,90.0,0.02048752935596826,0.0074985156191342715,1.1867012758091593,-0.00022034473416320723,-0.8558053728769878,0.0462817234988874,0.15896030891064414,-0.0026648902526701045,0.9087707465725827,0.04937114287287604,0.4366100842931676,0.0024941898883842593,-0.9902193269154015,0.13128928436297807,-0.8425345024720335,0.0030561127054712606,-0.16525621580709593,2.7755575615628914e-17,0.0,9.191158148063075e-19,9
60,Relax,120.0,0.011653523367598192,0.009287351211772061,2.383282716470718,-8.428665391956232e-05,-0.9279113403645354,0.03761172565501918,0.10257123555646563,-0.002166768082072528,0.9818314554313436,0.055951802346343824,-0.09620513471276425,0.002919527691928532,-1.0113314919096321,0.1019726806853856,0.2366108843703089,-0.0023281156027461585,-0.0781052950408311,0.23980646914055267,2.3882010055953593,0.002469962188985557,9
61,Relax,150.0,0.007983747102570089,0.01056874266970021,2.1548543469387558,-4.609204362859143e-05,-0.9871267265622093,0.03184684484016702,0.15012153535838105,-0.0018329076306135784,1.0619723208411924,0.0488937422431484,-0.46845502104254433,0.0024978076508574056,-1.0714105704508436,0.07919030577514101,-0.02381381719079374,0.0006851055831420589,-0.0781052950408311,0.2398064691405527,2.3882010055953593,-0.006247551419198759,9
62,Relax,180.0,0.37273230375351074,0.14067614930198438,1.6614525991540474,0.005737546825241183,-1.0387852966454019,0.02846717103295579,0.059076067177034605,-0.0016402860153076448,1.1403464640496026,0.04852025349206424,0.8875800301267283,0.0024317101165088765,-1.0697832495454531,0.09687069254710219,-0.10857180949931702,0.0014401836674146082,-0.16525621580709593,2.7755575615628914e-17,0.0,9.191158148063075e-19,9
63,Relax,210.0,0.21256800488259717,0.20951181597514604,1.5436798101019162,-0.008595329163152931,-1.0871964838592199,0.02708261693777533,0.07559185136133023,-0.0015591387736338638,1.1959562816505962,0.0363709241861516,-1.1705516835489989,0.0014884401852844245,-1.0162009687876548,0.11539201620663837,0.05700703978313688,0.0035432188224507463,-0.327132624673859,0.3077944709026535,-1.3754927699066508,-0.006746724459576127,9
64,Relax,240.0,0.02981761913704483,0.0371271957574533,3.9264825560177954,-0.0009824190661757621,-1.1307356184140123,0.0229110074379132,0.0676486727301658,-0.0013190799200019161,1.2145783056084487,0.0033638052802333206,0.004007962250183443,1.2102797212207587e-05,-0.9431310693103169,0.08707605532010865,-0.21545188253593295,0.0013967972012049446,-0.2773396981747143,0.46903540819479866,0.12405143316816258,0.006123747180353923,9
0,Relax,0.0,0.6891269528832727,0.37807665345269337,3.006160071249406,-0.015704277150574552,-1.8548122855709797,0.0760692543414662,-0.1970192359103324,0.0041904966735719995,-3.3054250456680676,0.29926325493267897,-0.05320388297911243,0.01709369468436826,0.04038145831776955,0.829723439296054,0.6579914608076337,-0.044362553061039915,-0.02567699845276151,0.7446349968443188,0.6950099326018162,-0.026746781747244437,10
1,Relax,30.0,0.45644205247558484,0.22368731254937543,1.38484774480707,0.010334233315499746,-1.7565428998425603,0.03735682922444933,-0.6324241333320885,0.001835421276834668,-2.8341930795457486,0.23746207123732008,-0.06761630398496934,0.013558572086957212,-0.5208930934688782,0.36133651558347063,-0.3131022862231156,0.0013572034911671132,-0.16098971096975692,0.5769733361491032,0.20100756305184234,0.024973993689927112,10
2,Relax,60.0,0.38040741453907195,0.28875623003106116,2.0744759704770046,-0.010279926648030688,-1.7347650728640625,0.01118623870625293,-0.3716540106160777,-0.0005729717324728627,-2.4565995662617417,0.20521664438822765,-0.08790617409217126,0.011680680526819842,-0.4411387822151341,0.2587378089271251,-0.32617308236611214,0.006868804360102722,-0.19964837905149782,0.5717694116998646,0.3380617018914063,-0.01885133717239659,10
3,Relax,90.0,0.01657899740844643,0.008999078532745362,2.0311231265207925,-0.00012486168877107114,-1.7540717464415707,0.012557119402889007,0.03204182992108134,-0.0006814291889399471,-2.156463429828604,0.15325683497217257,-0.25353255504733313,0.008594503660144663,-0.14469351208329168,0.284955724774751,0.2746986664375597,0.01376520435496115,-0.6442230619915186,0.2081832988444851,5.199469468957457,-0.0037380429264923134,10
4,Relax,120.0,0.016949791701364965,0.010698426548598126,7.245024121853361,0.00015238782071762575,-1.7791773661610788,0.016764349226555064,-0.26761151277684436,-0.000936419391871641,-1.9215346525905619,0.1273522872528821,-0.11498678023205905,0.007157509067524005,-0.030328839342073317,0.2554215085187455,-0.5073231896765816,-0.005892922367378121,-0.6828817300732595,2.220446049250313e-16,0.0,4.144054238164669e-18,10
5,Relax,150.0,0.022008102516756653,0.009440980136471155,8.366298106635597,8.970978800721748e-05,-1.812068812957125,0.0198637262128221,0.18705473569528316,-0.0010957460621414876,-1.7306343407034748,0.10424743903747484,0.26694159629620867,0.00570123276684688,-0.11610234389798713,0.26842835315529123,-0.08209858155362927,0.005243170603584621,-0.6828817300732595,2.220446049250313e-16,0.0,4.144054238164669e-18,10
6,Relax,180.0,0.023537333446020284,0.00398413614420696,6.42767581960539,1.7283246024124474e-06,-1.8407846481881405,0.013765831665200772,-0.4256979954130081,-0.0007302266001684381,-1.5611684778445916,0.1193590911077116,0.4291684303319281,0.006404099439987093,0.04190148028395934,0.2249912540575927,-0.9777773440272555,0.008165799193621016,-0.6828817300732595,2.220446049250313e-16,0.0,4.144054238164669e-18,10
7,Relax,210.0,0.023626536982287137,0.003055497693116294,1.1428311432625426,2.254777726538915e-06,-1.8696246457453516,0.022206522483626343,-0.19667671509209683,-0.0012523096888338583,-1.3922230868645895,0.10834403032867042,-0.3785015428953745,0.005625494122051977,0.08102623674806032,0.10660728842244234,-0.21671648066134044,-0.004422827643119469,-0.6828817300732595,2.220446049250313e-16,0.0,4.144054238164669e-18,10
8,Relax,240.0,0.02310630676202286,0.004426713120858633,0.436392573303543,-3.559158580118958e-05,-1.915621772702284,0.03142570794023039,-0.05810746607648164,-0.0017860509099998768,-1.248154827431176,0.07144206822958137,-0.06049724329972195,0.0036890200407839638,-0.09653996566593658,0.1538357322724497,-0.3864500658209271,-0.004518158017730093,-0.6828817300732595,2.220446049250313e-16,0.0,4.144054238164669e-18,10
9,PhysicalStress,0.0,0.5556822988160519,0.7431199658078088,3.121456007070146,0.011145371976293127,-1.4403909264516253,0.14654345105882738,-1.0330850916413443,0.0057113117983655535,-0.8954881343710768,0.10253501544787323,0.11535586797819744,0.005684118709497365,1.4036830703371939,0.3801921438313357,-1.175655776542472,-0.009286576327505826,-0.4315797396954171,1.4836217928961366,0.7371038570676774,-0.06048605552175248,10
10,PhysicalStress,30.0,0.6389788478566047,0.8076917331384226,2.645706742428558,-0.0022241337883317307,-1.3810670943439716,0.06293349740937304,0.6883095187020081,-0.0006234211218976825,-0.7257700402143049,0.11072866073709062,0.01913683359331015,0.006151071661310254,1.1885051071296018,0.4021023843860512,-0.1608306940283406,-0.005245368883367774,-1.1661136062488398,0.9538242230660151,1.0806917057496532,0.03380360477000416,10
11,PhysicalStress,60.0,0.7730932202444406,0.5464555144662522,1.639296266916558,0.00938167728031093,-1.408859769340999,0.07328039892160992,0.7804132446723835,0.0007507372717107724,-0.5521710085942372,0.10320755285780889,-0.32430705342455957,0.005668059726393834,1.4157214569415326,0.4412153641144539,-0.8166816087212762,0.020209508394273136,-0.566904250981856,0.8389949480865848,0.11096791664528073,0.019785796270060586,10
12,PhysicalStress,90.0,0.7147172641104689,0.3838099400214605,0.9102475946854641,-0.011740320033644948,-1.3685701493952434,0.08764440334277251,0.1929622361775544,0.003879299420245171,-0.4248367210821186,0.06466967787851909,-0.24095993979945934,0.003233255987761332,1.8174932414670943,0.11215543675222901,0.25276278842336886,0.0038157236784938514,-0.41227105350107285,0.6124684866027048,0.17250970538848354,-0.002964654734804251,10
13,PhysicalStress,120.0,0.5642323727282028,0.3691790984271343,1.749286865891792,0.002235900881782859,-1.2443339846690635,0.0888127349237016,0.03355869810241217,0.004116747670638474,-0.3367201128113496,0.05997509918822246,-0.29700369868703536,0.002861360182271514,1.8626371912333644,0.1084603683973251,-2.4678408200486377,-0.0035899412123108123,-0.14166037692888642,0.6850333437185543,-0.5988396124457617,0.007798330932854657,10
14,PhysicalStress,150.0,0.6713150482142237,0.39924516962436335,1.2051029598198728,0.003952502109044668,-1.1225266211775324,0.08489345038305024,1.046155907412736,0.0033009627649000827,-0.2881464671529553,0.020451433369580958,1.838106781532077,0.00023714945996860992,1.633907845750928,0.22446729144877758,-0.07254490754865629,-0.010794910577619454,-0.2962950492558501,0.5467161270447788,0.7071067811865471,-0.0166922951372674,10
15,PhysicalStress,180.0,0.7166505542635183,0.3367800028995427,0.9197857872480634,-0.0012064837796740904,-1.1392550612013739,0.11348781720010355,0.043152686930669835,-0.00375599215188767,-0.28348704678506953,0.012081045485227416,7.902349641778347,0.00010791268803209314,1.7031238845287533,0.30011734267277973,0.42698389243329266,0.015430539903371135,-0.6828817300732595,2.220446049250313e-16,0.0,4.144054238164669e-18,10
16,PhysicalStress,210.0,0.5432468217301927,0.3545956030487701,1.0606607106226231,-0.008151568557182368,-1.2049893452559957,0.09782317317671443,0.09863923299040481,0.00031691262612254967,-0.28317508335413677,0.011606861521051134,9.057375777181274,-3.8977625874464115e-05,2.168072606692202,0.25184111918144786,-0.2685550621358572,0.012782659192698418,-1.14678574705415,0.5681640656153029,-0.40824829046386407,-0.027841974900770346,10
17,PhysicalStress,240.0,0.5070273318472016,0.32085685121994245,1.409108236347655,0.005673042214536666,-0.9868245220226697,0.2545678725048912,0.31534339470307604,0.014305144664400141,-0.2844224146288482,9.164431738970296e-07,-10.916094283374488,-5.256714123815736e-09,2.6134624637714423,0.25441104989310875,-0.12028808023916678,0.012523363697423259,-1.6106897640350406,0.46390401698089095,1.4999999999999967,-0.0085072701085687,10
18,Relax,0.0,0.4231572341701693,0.5246258703650674,2.676209194671371,-0.015830849304678454,0.9498089469481933,0.07861045353224592,-1.0827052456203055,0.004048648571380546,-0.2828633496680874,0.012016025115458441,8.25033491037955,-9.035448814211718e-05,0.20891652867995122,0.9298829530196274,1.4232627462185028,-0.04744798125395173,-0.6442230619915186,0.3647051452735826,0.752717595689912,-0.0029646547348042393,10
19,Relax,30.0,0.01892490354854367,0.010463892245230848,1.7276066944366362,6.554919571042438e-05,1.018712982971426,0.027789544506646183,-0.47710668724564975,0.000894579878470769,-0.28223962439337885,0.01574536716702674,8.051811701627217,9.802872907770721e-05,-0.34633648770596615,0.23142115316264328,-0.22992971703808437,0.0042171147294860125,-0.6828817300732595,2.220446049250313e-16,0.0,4.144054238164669e-18,10
20,Relax,60.0,0.02156286572180445,0.006690368387372649,1.0230430065439255,3.511552687814082e-05,1.039680610505751,0.02134181167004874,0.03593018523441629,0.0005658485481853379,-0.28255144404694454,0.015447982540051513,8.515994567057934,-6.782106902144271e-05,-0.35837487431030485,0.30948766858386806,-0.25739382454351434,-0.008351442554704876,-0.6828817300732595,2.220446049250313e-16,0.0,4.144054238164669e-18,10
21,Relax,90.0,0.022026566269051633,0.004247858674995521,1.063971520036342,-4.509612604068529e-05,1.0359880398141503,0.02668648569952448,-0.1734655728621446,-0.000924261048204224,-0.28442047380955204,3.0743007750432254e-05,10.58506214308937,1.8823875727298934e-07,-0.505845110213455,0.2980070629427574,0.610600638820031,-0.004533210182142294,-0.6828817300732595,2.220446049250313e-16,0.0,4.144054238164669e-18,10
22,Relax,120.0,0.019060501931393792,0.008270519772086083,0.6056785030768964,-5.2252176767740745e-05,1.0128963018494237,0.04012608028347286,0.07673149488121282,-0.00037470051077045425,-0.2828651422234984,0.012016315925904363,8.250173353153215,1.754842784387421e-05,-0.33429810110162733,0.26662971163661764,-0.36475564179324005,0.010840067070856054,-0.6828817300732595,2.220446049250313e-16,0.0,4.144054238164669e-18,10
23,Relax,150.0,0.016025443790400377,0.010417266746585375,0.913879057345941,-7.924489978157911e-05,0.9727021546398523,0.0526701416426063,0.5109343781259766,-0.0015553688007607569,-0.28224151255234664,0.012772592585217976,6.989132013813968,-0.00011563911686885718,-0.27260136975439114,0.2164190886300945,-0.27717471823248063,-0.009899306795093255,-0.6828817300732595,2.220446049250313e-16,0.0,4.144054238164669e-18,10
24,Relax,180.0,0.01658800514543932,0.011534025377902777,0.8563865885206614,0.00011051407187659561,0.9073734240366989,0.05048999820255593,-0.00833286218370704,-0.0026176896305290117,-0.2809655246182022,0.01408154422379265,5.265940800841023,0.00012010089707954245,-0.26056298315005255,0.26700737130175867,0.21332526203048544,0.00885569006251373,-0.6248937279506478,0.25276384119028505,4.129483209670112,0.005510390865777469,10
25,Relax,210.0,0.01753573946488835,0.011287894706185006,0.7961288721107866,-0.00012461198709280485,0.8065171823703179,0.07733581516112836,-0.10836116585680516,-0.0043193281678456695,-0.2790065075594296,0.016135412731594728,3.7506051098947126,2.710009587740783e-06,-0.07848238575942844,0.19732376319020498,-0.7063896763019181,0.003213637102005703,-0.5862350598689072,0.32054074230505736,3.015113445777638,0.000225571555909024,10
26,Relax,240.0,0.014449525945679324,0.011514811291007253,1.0651784245588796,-6.520000141341162e-05,0.6739438020828032,0.07697151284059377,0.18074365338997908,-0.00437917482661375,-0.26975510829989086,0.03228707768813156,4.115521827034613,0.0005950798768762363,-0.06493920082954724,0.11871704863015517,-0.4243198000069767,-0.0009432689698314907,-0.624893727950648,0.252763841190285,4.129483209670115,-0.0014501028594151185,10
27,CognitiveStress,0.0,0.2998129476547279,0.17996518014333263,0.9140098407653684,0.0007616124597216261,0.5550234664773598,0.058925303853095606,0.7128904157915867,-0.0016090122916888163,-0.08795134032993226,0.05768246647512312,0.8287285914382333,0.0027229818720879585,0.5354577653226406,0.2500227478902342,-0.0893027192863963,-0.009223677412715613,0.7668419205309118,0.5450426226946822,0.6625481810569565,0.0011923805583177831,10
28,CognitiveStress,30.0,0.3648811042900248,0.28431255330961946,2.8743252614983947,0.0032895334455421326,0.5450954482432775,0.04622529914271769,0.5842967052481277,0.0013443041323347121,-0.012832595133845017,0.052653141845221366,-0.8736647845821264,0.002468030514456443,0.24504925423217633,0.28796351709952067,-0.5185700291430085,-0.009322307159292083,0.863494490119986,0.5863324640930869,1.0894112169147792,0.009216912489630268,10
29,CognitiveStress,60.0,0.30588644756343747,0.2399561569304844,2.8206834828845166,-0.004534542964467646,0.605718498168424,0.05378691609488655,-0.27102823779100177,0.002606796889011792,0.07674360431635413,0.06526069689670524,0.33907740256408614,0.003405995826593443,0.17582853125722828,0.2754397587324612,-0.046915136687955994,-0.0012744165869000008,1.1534566234257497,0.6097637012536475,0.007965359609902066,0.014083184468421075,10
30,CognitiveStress,90.0,0.21270934761429197,0.15408452040111864,1.9650903837770097,0.0006874253216691556,0.6939984831077523,0.058678933518311174,0.488928022279239,0.0029778803225643455,0.16810093982328436,0.05960220392207985,0.16239351957501663,0.0028967484904189596,0.1863621195360248,0.23514851297755168,-0.1604772906997961,-0.0013321165504801065,1.501411183392666,0.5226473054541068,-0.48097415965486906,0.005188541646260384,10
31,CognitiveStress,120.0,0.20191665312561363,0.13865514503839804,2.1017060821962454,-0.0015197925635007335,0.7733541507654595,0.04812401883733227,0.0963154157857051,0.001994313912964383,0.2610831056602683,0.069821906330979,-0.1122237532587791,0.0034713471030968406,0.19539090948927904,0.21116025868739965,-0.6282558693878264,0.005601913855408828,1.5787344189408694,0.49321982129697867,-0.2958446154688572,-0.000741220235180055,10
32,CognitiveStress,150.0,0.8960567011558678,0.8096816682384101,2.2282294060973613,0.027234334061838533,0.8311927261919896,0.037640159363725265,-0.06683173796312594,0.0013941219506807066,0.36917906123040695,0.07719848852529056,1.0302656304639184,0.003482387042951754,0.3714429451834889,0.24076745514713122,0.9801746454948111,0.008764580541270049,1.656057654489073,0.6170738168971457,0.016662417438897584,0.007315521451559676,10
33,CognitiveStress,180.0,1.3486303174900365,0.7806733539953881,1.3891931612967792,-2.3603205542253283e-05,0.8654894351777631,0.02485233905834592,1.2071167409397123,0.0005067551519604397,0.480342295701032,0.08220892959830348,-0.8445082891039203,0.003951088023481882,0.4225967198576841,0.3529320955188621,0.20273705739694592,-0.0063269108229345285,1.36609552118331,0.7741982925925426,0.3068485988771816,-0.016629114841430846,10
34,CognitiveStress,210.0,0.8588989768091166,0.8024448648633961,2.319283316636412,-0.029802056749257705,0.9062753679449178,0.046322576330884345,0.4307545638888527,0.0017885501734143665,0.5406566538132263,0.013645191703463407,5.264822790853894,7.545324863361418e-05,0.26911665904660914,0.3552036439332894,0.6588338249230459,-0.00850867812793375,1.4047571389574116,0.662908653239463,0.021424108537460684,0.019916265449620645,10
35,CognitiveStress,240.0,0.3971678356694831,0.2724605882144332,2.80510888883647,0.001365428092329479,0.9384563544891685,0.03497095478640432,0.3051350745592325,-0.00013092656505628395,0.5451805001681905,0.01677108790290805,3.2731206260645207,0.0003383938505151815,0.18335252288494014,0.26502826634005866,0.25607252683848764,-0.0021298812643269507,1.675388463376124,0.47192518755381224,0.24851867656013749,-0.0059297618814404705,10
36,CognitiveStress,270.0,0.42554139203751035,0.33760588549299536,2.069597437116712,-0.0006089763821956369,0.9484219894070633,0.031870510823631897,-0.10591156355275191,0.0008507150851204289,0.592643765983134,0.05530878427922625,0.5599706029813865,0.0026646489222551533,0.15476135469963562,0.25008643540850134,0.18944538048132645,-0.0032964240062728217,1.36609552118331,0.5343141880784676,-0.7372126606801349,-0.010634899026496494,10
37,Relax,0.0,0.6132846924010175,0.13437560053530298,2.311829709559579,-0.004583798831855073,1.0557364798015967,0.014830799335573014,-1.8843677101776044,-0.00048821406852959703,0.690291659123978,0.007089752905030636,3.8760856495516958,2.200628503868659e-05,-0.5961330097459957,0.5717025710823028,1.0540408063873388,-0.027944343231257916,0.7088612926392027,1.0111142384976506,0.9600110021621321,-0.04273182933564771,10
38,Relax,30.0,0.013395233088820176,0.010125017939645079,1.4863334100936638,4.132385786193409e-05,1.0271895299089415,0.026569853210962998,0.2830682430237717,-0.001396196421878174,0.6912248875731186,0.01312312089104954,6.487150377856133,1.5022090224458976e-05,-1.0129621459212261,0.14405251319253848,0.4773598265658033,0.0009533037461063038,-0.27696571521497965,0.5531702843660804,0.6289709020331509,-0.02639187204135523,10
39,Relax,60.0,0.018002999803397597,0.009554437868867324,0.7548186470326665,0.00010808930923978947,0.9782706492070505,0.030673912108687165,-0.41761259119162053,-0.0016423258939313671,0.6902884754339571,0.012016244371919548,8.250212007894728,-0.00010373124872902441,-0.9753421877826675,0.1703748054998602,0.5107262407855022,0.0033390718054407474,-0.6828817300732595,2.220446049250313e-16,0.0,4.144054238164669e-18,10
40,Relax,90.0,0.05444664895209652,0.03363766816541368,1.0244996528741828,0.0012145056904773472,0.921969240239744,0.03906416305275426,-0.018495816103138718,-0.0021453315975118984,0.6896665984279395,0.01212233313619432,7.870333102094159,5.990317775927438e-05,-0.708992884161672,0.3124187470302077,0.6186711786446214,0.013938304245701498,-0.8955088290613757,0.5795738609808754,-2.7231829300230492,-0.018336121234877857,10
41,Relax,120.0,0.05312490542665528,0.037329848725768555,1.945102169232887,-0.0012000835938195348,0.8582599481218421,0.04152603741230117,0.3072904397526573,-0.002297416182566912,0.6890421247096408,0.012993561776615897,6.211576382482772,-6.906873568593249e-05,-0.4531771688194729,0.292271970351142,0.5432985146553773,0.0016206163683807119,-0.3736168099578733,0.9437906881154116,-1.0801742880687935,0.03164453322975549,10
42,Relax,150.0,0.023778105703407663,0.012115745906918655,4.127000684819249,-0.00016844171950497014,0.7983968499211538,0.034156636180195696,0.23566983947262177,-0.001868438572493172,0.6868566344406434,0.007509002303904293,-3.4981817397117245,-3.844694064316642e-05,-0.6322481695590125,0.31164587669630217,1.285739008389301,-0.014562969068807996,0.39956097621548636,0.2892949819817758,-3.4743961448615175,0.005349268325842452,10
43,Relax,180.0,0.023161476640512005,0.006921884127952093,0.7989589258116976,8.480439710902745e-05,0.7356496223690705,0.04136001346999131,0.1891199782564676,-0.002306706858567541,0.685921708322518,0.02056990959982087,3.251337265544744,-0.00011176563283408797,-0.7902519937409591,0.1133703513761447,0.6293731528632374,0.0012493296462129915,-0.06434304076540463,0.5785899639635516,-0.13363062095621206,-0.026939688677134276,10
44,Relax,210.0,0.02688587652350725,0.006930257184854749,5.58856486620135,0.00012434842027810223,0.6678140582806239,0.0359660771426247,0.1952660780223979,-0.001984840484936479,0.6834281571861948,0.022602531034063032,2.4279480341047117,-0.0001410059620678244,-0.7646704222067389,0.13642306090453335,-0.3196005558674156,-0.0011916296826328678,-0.27696571521497965,0.5531702843660804,0.6289709020331511,0.010344067063827865,10
45,Relax,240.0,0.028256105058931856,0.010511362234034817,1.603722459225301,-7.184688720384867e-05,0.6017142629936989,0.0404725285914936,-0.3126420579540162,-0.0022371430572798406,0.6812409547239222,0.019862193411788763,1.333580114199247,8.775417425757946e-05,-0.7646704222067385,0.2645151258418893,0.4220408013161063,-0.0012317687877320673,0.07096229752068857,0.5531702843660804,-0.6289709020331512,-0.001450102859415126,10
46,EmotionalStress,0.0,1.8605170975124388,0.765028667990681,1.1969596052987954,-0.029185288834476537,0.6061145894314218,0.03719675358825679,-0.5392672939415668,-0.0010257771895094703,0.6550888640083846,0.036186996125087884,-0.4525045526492084,-0.001071001028695637,0.45268800217140864,0.7283603758409712,-0.9770784554381232,-0.0009122275412771338,0.6122057733577682,0.7363283018598273,0.2893520066634852,0.026135047187641935,10
47,EmotionalStress,30.0,1.1456940307670724,0.7546598568379697,0.9895766504685963,0.021969936980801144,0.5980981827626297,0.04313565883118895,-0.2008473943455093,0.0001400304783770878,0.6375915057984505,0.03778324186474042,0.020372670550939265,-0.00025763281190719695,-0.20187584845390097,0.5489750960761994,-0.02012502489348709,-0.029680359526798865,0.3029364287038408,0.9428230688752293,0.4668355817125944,-0.044116593107984624,10
48,EmotionalStress,60.0,1.868260021858983,0.417596558018479,0.7246166208148359,0.001938693220006803,0.5752237729436954,0.05085408917342497,0.020777469730560952,-0.0011873625794244962,0.6509294403696763,0.041115945769769395,-0.015670576319672905,0.0011978918422533387,-0.6307433712334697,0.30947669338978745,0.4597967278246732,-0.0028548938501814737,-0.2189777130923683,0.5681640656153027,0.408248290463863,0.007282738805062612,10
49,EmotionalStress,90.0,1.2197256540530956,0.6654378652275299,0.7824555392110679,-0.02766059903372722,0.49722009803931394,0.06303885870806226,0.32986497536865955,-0.003547977841846915,0.678169538692261,0.029232531730112813,-0.8806113628753333,0.0008182730204095815,-0.7405936489980611,0.31777621171943093,0.7762524377793456,-0.013614682710839099,0.24492630388852268,0.463904016980891,-1.4999999999999993,0.011923067955191007,10
50,EmotionalStress,120.0,0.17849837877901872,0.15043510193506981,3.618834876142685,-0.0029865275854148447,0.40600518665591495,0.04482650774400674,0.019538285615777317,-0.002501846093491616,0.6887307903173735,7.27742411458886e-07,-12.435330224178259,2.6454164804833537e-09,-1.0626204906641232,0.2226847318388828,0.18622684614012563,-0.008150747029208805,0.07096229752068856,0.5531702843660804,-0.628970902033151,-0.023685013370446994,10
51,EmotionalStress,150.0,0.10836201090462974,0.06563641200857051,2.9308974208952723,-0.0012600367611237436,0.33457364471162754,0.04109468976676147,0.21305188145829657,-0.002282906117715151,0.6914278716177478,0.018629776924020406,8.00401308187252,0.00011161272886605426,-1.061115692338581,0.22559933284581185,0.43243571260144154,0.009086489916834218,0.07096229752068857,0.5531702843660804,-0.6289709020331511,0.016917866693176426,10
52,EmotionalStress,180.0,0.10398839502270979,0.07385530912374338,5.556521379593409,0.0005251311744358441,0.30462822407394907,0.02016088433411358,-0.986886161426227,-0.00018745707794853606,0.6975104217483482,0.02454192532769581,4.107848446879786,0.00024765943493473586,-0.814328766949636,0.19668583355565417,0.046696395596682067,0.003301441394410229,0.2835849719702636,0.4322170487518704,-1.7888543819998322,-0.006444901597400546,10
53,EmotionalStress,210.0,0.09824236656537587,0.07906813831172582,3.6220867027607575,-0.00018926804471953036,0.2681280771603708,0.04454668907602474,-0.006610564642579065,-0.0023514585834687003,0.7147595755178237,0.03660045893374511,2.262654613878445,0.0010160850354359397,-0.8700063049947029,0.2107738521564987,0.1666519306400524,-0.00933485062963557,-0.16098971096975687,0.5769733361491033,0.20100756305184236,-0.013373170814606126,10
54,EmotionalStress,240.0,0.07106187759758355,0.0603406937402246,1.6608063006667348,-0.00195215635640176,0.2009055542341331,0.03101549421301585,0.27450158937418695,-0.00168559537087363,0.7522874299141186,0.045561922819530094,0.4475015781963732,0.0014629786077210902,-0.9723325911315829,0.12056242841599882,-0.20622550206163992,0.001984377008342309,-0.45092972158281375,0.463904016980891,1.4999999999999998,-0.002900205718830243,10
55,EmotionalStress,270.0,0.12720806686480085,0.08526052978241362,1.3926046480038803,0.0036959798770847003,0.14767856312018732,0.029421844304759266,-0.0019238672508542453,-0.0015925312792322392,0.7822393559566201,0.038998971781050856,-0.5858608603061183,0.0006412127623770106,-0.7571464305790268,0.2223030779006748,0.8812672146148981,0.010506410759718861,-0.37361238541933195,0.5128651876880919,1.0552897060221729,0.014565477610125228,10
56,Relax,0.0,0.35315349558377906,0.6879366389457032,3.7832852808770125,-0.017620773091330172,0.16839544559296835,0.050838311580005874,0.04359583764238931,-0.0028053869439674316,0.8368456833204336,0.011600318390982191,0.05855771538931393,2.2624696640238235e-05,-0.2831501816738351,1.097691574201934,0.9937045552905739,-0.039950064751607485,0.9988175265602448,0.957008515664638,0.4268390613497208,-0.030712041140056517,10
57,Relax,30.0,0.4607656288074492,0.1744798501854036,2.2151824250509806,0.007221867570626864,0.08561007348675179,0.04629836779067423,-0.013125723589700121,-0.0025924415210313327,0.8798974257403945,0.06472840198150408,1.3043717609339192,0.00296399669977613,-0.990390171038091,0.2828820738781709,0.8400568814097483,0.009585720036505659,0.1869383017659113,0.502190829528874,-1.1547005383792515,-0.007250514297075614,10
58,Relax,60.0,0.27758378925735866,0.2648923855185983,1.8118552560511434,-0.009673593531449181,0.009559860801220042,0.04323318252656175,0.28569904199595286,-0.002404895116063615,0.9550908237530094,0.05916085864249834,-0.9043716717111123,0.002502324586460504,-0.8474343301115677,0.29665525644015056,-0.26198493932935113,0.006071039646255885,0.1096209656024295,0.5394927592907138,-0.7882318002900206,-0.008475045600581717,10
59,Relax,90.0,0.0298800881534914,0.029024280385865773,8.881741355946405,4.994321080494785e-05,-0.05717857535201007,0.03480368960454404,-0.12623741985659095,-0.0019473801463627794,1.014981933079662,0.04145648347879771,2.0018484373057466,0.0017636616987042949,-0.835395943507229,0.17115055143113075,-0.038757670629059174,-0.005654596430851539,0.10962096560242947,0.5394927592907139,-0.7882318002900202,-0.0012567558114931084,10
60,Relax,120.0,0.027228727441349448,0.01380957902250475,8.739839212545771,-0.0002521485797362162,-0.11980699678224707,0.03898581908270463,-0.09589250250487828,-0.002206917991596554,1.063640121675887,0.04708505883860261,0.4920948430371105,0.0015241259483555548,-0.9798565827592942,0.15568664129571688,0.4743491985206332,-0.006392152487049554,0.1482796336841704,0.522607430020716,-0.9616447378919021,0.0106663121436979,10
61,Relax,150.0,0.02348932384296378,0.006090362771874755,0.9241463647975334,-2.4903213738096905e-05,-0.1792507959400637,0.03278203856449017,0.11593687099284611,-0.0018260732508323975,1.083537487452855,0.03525214486031239,0.1432536280175108,-0.00014197426002643464,-1.0851924655472585,0.09378165873003022,0.1333236052374776,0.0003110780645188961,-0.06434304076540463,0.5785899639635516,-0.13363062095621206,-0.01714343824908545,10
62,Relax,180.0,0.027958220088093955,0.022132640896406878,12.006943132602116,0.0003352001508468106,-0.23589422034828444,0.03612792822762257,-0.21097460515935246,-0.002030700519463493,1.059547062368243,0.039746437777496216,0.01661499523593345,-0.0013023572110557285,-1.0761636755940043,0.10090006605793456,-0.011888540651700136,0.0023079985432047216,-0.12233104288801601,0.5795577761213584,0.06670373459650696,0.010988557223567924,10
63,Relax,210.0,0.027525188256192493,0.024329672255415647,8.985436978445788,-0.0002504272632865517,-0.2976124048197379,0.03710576005634604,0.17963812201124138,-0.002100923937672704,1.0246878573346492,0.03337281466879178,0.7114865397162595,-0.0009414894211038275,-0.9452462212718206,0.19538634310349737,0.8799311703048222,0.007493469183209214,0.16760896772504086,0.5128651876880919,-1.0552897060221726,0.008378372076620708,10
64,Relax,240.0,0.026212865775964423,0.023679337053587445,11.505577716343534,0.00015976599249080834,-0.3603709828995224,0.03704224138060376,-0.16467812320153147,-0.002099965044040066,1.0068507119518455,0.026973952332377687,1.6260304170889603,-0.00038646822052595855,-0.808309573647467,0.20948608748734815,0.25619642803950465,0.005940587554683437,0.36090230813374546,0.34792801273566826,-2.666666666666667,0.0038669409584403246,10
0,Relax,0.0,0.05778167269074656,0.08300840103080745,3.72694146307313,-0.0020208134216331904,-2.43435255094504,0.05309720298115447,-0.029993383836577223,0.0030644954641224514,-3.592489261804427,0.33019182903679717,-0.0010277934976299606,0.018911164461841025,-0.05724568323105982,0.7432298294186959,0.2435654200662273,-0.041190581229454216,0.38111511660931063,0.7281042027468532,0.5076441323837174,-0.02515776889570469,11
1,Relax,30.0,0.02431537058519474,0.011719001222141175,0.8151237693381623,-0.0002610147974429936,-2.3443165148368754,0.05119083010095255,-0.03646409176245041,0.0029542758615805583,-3.0632231506855656,0.29137325126489777,-0.21824982117042707,0.016627662667448043,-0.9724529245255955,0.3624758682501692,0.5007986108539194,-0.017033401866795587,0.2793770460120034,0.5774755858378507,-0.1417428116069977,0.0239135691478426,11
2,Relax,60.0,0.01965097773421618,0.00965766593941616,1.4055437009052274,5.1747527042531163e-05,-2.2562440412177542,0.05072667589650425,0.018925656739454174,0.0029273450805992495,-2.63059433078888,0.21714882864081822,-0.05770990323119779,0.012353649717191906,-0.9118602193992077,0.3786567315548808,0.10213701430088876,0.018447768525485235,0.5506613182360709,0.49838103164343994,-0.4082482904638618,0.002317863676268431,11
3,Relax,90.0,0.027554349425504568,0.01265604293576849,1.7692905261248635,0.000298778636974011,-2.1664108521035885,0.05305158712422477,0.01802656856758716,0.0030615942653923764,-2.2892855973971136,0.1891076764534352,-0.14314542013760115,0.010673126441123516,-0.6073269007825033,0.24504690005402352,0.9576680439258359,0.0003903560340518535,0.3302428470540162,0.49461742657155655,0.4799138191337421,-0.011221852188763023,11
4,Relax,120.0,0.030334125395929813,0.011847435507063445,2.2154409024369763,-5.0313908918693894e-05,-2.0718362376555315,0.055914898039042676,0.03875500242619595,0.003226671160428044,-1.9998553575742573,0.15847583141883975,-0.08007957364844362,0.008896965925318658,-0.7157567242172223,0.2177948281906379,2.674464882689582,-0.003979003628330404,0.04200330781594415,0.3051948062520761,2.666666666666666,-0.005087993435711192,11
5,Relax,150.0,0.028510262604784974,0.011768785278184127,0.8682774167678825,2.8401510450368644e-05,-1.9728503063844431,0.05770144896140767,-0.03348713910985024,0.0033288363043705825,-1.7469051527637032,0.1442294051595929,-0.12027603356883983,0.008051990185159758,-0.8018508223380737,0.14725809603570073,0.1882879807615808,0.0001836716995086955,-0.05972829426808123,6.938893903907228e-18,0.0,6.776541349386143e-19,11
6,Relax,180.0,0.022422884034147602,0.01304066066664055,1.156103363704195,-0.0002540097740240417,-1.8765104580901022,0.0533659839112477,-0.023738360390069723,0.003078262662817564,-1.521895296584481,0.12246958580910136,0.013790600891217683,0.006805541663401993,-0.6615491479811,0.2586396054276031,0.7690211456862656,0.0069821525003285105,0.3811086480960287,0.5041163301186573,0.26906911759852564,0.024761568053794456,11
7,Relax,210.0,0.01814682777166752,0.011138403038422435,1.8358753475188996,6.727464961896995e-05,-1.7833314325100271,0.05458162557014205,0.024276212393003455,0.0031488831433554264,-1.3173453217574411,0.13081550528155633,0.567439585386496,0.006967047781716063,-0.5627059834699583,0.19768233508416969,2.083735603377222,-0.003431689900720382,0.6523929203200963,0.46619276711917357,-0.8728715609439689,-0.011645851641738958,11
8,Relax,240.0,0.018229879751543783,0.012164071717568167,1.4352884547716207,-5.2096196887931215e-05,-1.6864874308964797,0.05670847018581607,-0.012245725763435638,0.003269988095448887,-1.1107298033167916,0.13194626938644785,-0.2690849458028946,0.007022331688463345,-0.5818287680019228,0.24030831345783374,1.6818634843590172,-0.0014376102897063691,0.7032600150647654,0.47806981558680905,-0.6624209281730913,0.006077340590046405,11
9,PhysicalStress,0.0,0.27692479309674894,0.43359633266306724,4.259061445702812,-0.013956214991834196,-1.4143848460373163,0.05511559623528081,0.16092070190380392,0.003106297368864266,-0.6501173404373061,0.0759529174629853,0.2839657804502577,0.0039793292770887246,0.6203914025009504,0.47784534555431796,-1.1649175902635953,0.0030595445028714138,0.008094067490592043,0.980480402118275,-0.02166599022008048,-0.050653846607698894,11
10,PhysicalStress,30.0,0.39708627480373415,0.5665073415044033,2.6380988869512163,0.015031472831976393,-1.3168347602677533,0.058240697968674204,0.012978487815073502,0.003355619447205574,-0.5131498593699847,0.09097303414861155,0.0659181630141131,0.004882630614742798,0.8436100965495882,0.41421845367978727,1.1266196617910476,0.017008639097495393,-0.5853415717022125,0.7070569971923317,1.102034609649257,0.021680505362169353,11
11,PhysicalStress,60.0,0.6131110819833734,0.5078703635037976,2.710841003540864,-0.0068009800326299715,-1.224043011603428,0.05127280798436885,-0.21991426258878938,0.002943439648213979,-0.4115128940399107,0.056168928163916755,-1.489282102774951,0.002388878832431791,1.2645232701552185,0.49278063514967085,-0.002999139952328946,0.02293573511316795,-0.05972829426808124,0.6696793889953914,2.6698151007016092e-51,0.016168512473482232,11
12,PhysicalStress,90.0,0.5017617225774287,0.22157066750518267,0.6891495061751088,0.00017686248402342853,-1.1422359419251416,0.04460505653513492,-0.012883414301620296,0.0025702694831686384,-0.3449474420400975,0.055350536617543244,1.7540407377926233,0.002381435142017763,1.4701889726566568,0.3686150990888795,-0.31807051107681017,-0.0024987025634992848,0.34719811406802037,0.49838103164343994,0.4082482904638626,0.006953591028805291,11
13,PhysicalStress,120.0,0.48176751495941955,0.21542225497120535,0.4447806386309357,-0.0009337848882340279,-1.0648319913316897,0.044711426513178366,0.004186741738170158,0.0025763520298788638,-0.2668950111531281,0.06046868543259811,-0.41230991662355926,0.0027781688651224118,1.2198730109177238,0.3473833890052405,0.6793534489178851,-0.013121751231697861,0.24546651198399486,0.4661927671191736,0.87287156094397,-0.015377046827927149,11
14,PhysicalStress,150.0,0.6034447929002844,0.7141415131786047,4.259414556536697,0.006853910224468964,-0.9884775169827283,0.04262256132850845,-0.10161722374909272,0.002453043198342259,-0.22139743731842174,0.011647848008899151,-3.0361964413541433,0.000226213891400554,1.377708115538598,0.4576784825244541,1.7239136917585356,0.02250766422920959,-0.05972829426808123,6.938893903907228e-18,0.0,6.776541349386143e-19,11
15,PhysicalStress,180.0,0.7765382864336192,0.7532831126932114,3.2163574440623077,0.004619883206821018,-0.9177499449869198,0.039091235604840964,0.11081010962267394,0.0022456901502895875,-0.2157107538648642,0.0178690413299409,7.470840803131847,6.789548087370147e-05,2.5719016394610095,0.9573036559609736,0.5275151319889791,0.03807717933391473,0.025048040801939918,0.28117129452870804,3.0151134457776365,0.0007066657549598879,11
16,PhysicalStress,210.0,0.8491717790009194,0.44261941482476286,1.1731741790689725,0.0021925584403978643,-0.8476898144449431,0.042625170513802345,-0.043318679652339764,0.00244966499569865,-0.21502666406127152,0.01777513411473608,7.633424514074818,-0.00018842970234256358,3.185759160995795,0.4760179923398924,2.1223532074037417,-0.014704486785470223,0.41501918212403727,0.5075264005413878,0.1336306209562122,0.012606917068484392,11
17,PhysicalStress,240.0,0.8872602978929348,0.4344945931126792,0.7037727065223346,5.863370366279092e-05,-0.7835047897025575,0.03342999879403303,-0.21099239197177633,0.001909383627622142,-0.21572572094533402,0.015572268950659064,8.24031953034224,7.509343315012737e-05,3.3053454363388566,0.3918827643491988,-0.09396851924578521,0.02145343117729044,0.7032600150647655,0.4780698155868091,-0.6624209281730925,0.0029115772192551577,11
18,Relax,0.0,0.0933120110584405,0.1911835380026449,4.56618346558402,-0.004999323558388217,-0.5111315823910038,0.03308683093314679,0.04272139156050489,0.0018927692113379867,-0.3841756985421004,0.003843679537594973,-7.084355702607306,2.926122220202814e-05,0.4115209097523171,0.7824039475021306,1.1950361680702168,-0.040311698586482196,0.5845731459667358,0.5242475650571458,-0.18453293140276433,-0.011872094678606147,11
19,Relax,30.0,0.013372884440850342,0.012959219118803995,2.970143432713938,-4.140382570123734e-05,-0.45209366131113815,0.03460108219874379,-0.002508600673040761,0.0019878149430635275,-0.3821061080793982,0.015201351817008575,8.834826744047179,1.6935896161668094e-05,-0.3330760788199889,0.1893349976823013,0.04105744218958339,-0.008844409498255962,0.22851124496999067,0.4584197521118909,0.9616447378919027,-0.020662906675027112,11
20,Relax,60.0,0.010198826672357346,0.015017917267155801,2.593609659050476,-3.729332957602826e-05,-0.3911726670950044,0.035186376266439626,-0.024507694133602223,0.0020186650012088314,-0.3824517303474483,0.015656169843383284,8.019799867260971,-0.00016475378857891952,-0.4223847478296851,0.2526945062558826,1.7873134027696587,0.003005926258985019,-0.042773027254076994,0.13023587712859547,7.550956836887785,0.0014981314005149621,11
21,Relax,90.0,0.009399200369481445,0.013872424032386175,1.6312124087133646,-4.650002421304083e-05,-0.3301493480339055,0.034750716845374896,-0.02588479357638145,0.0019934529615786853,-0.3817601848848195,0.020920413699127796,8.26387777279497,0.00015593101654184883,-0.16248375727411693,0.3479409926781211,0.10900316811626166,0.016470948390747087,0.1437349098999695,0.4069264083361015,1.5000000000000009,0.01300264989126193,11
22,Relax,120.0,0.014544073768685932,0.01461581431471455,1.2362441521516745,0.00016224876811821076,-0.2738215138557348,0.030714136376955543,-0.04328841603878008,0.0017637737552968723,-0.37761028821166626,0.024624318760216563,5.344553960939234,0.000152408455010427,0.16757703604811713,0.2164968960814094,0.09456334581625786,0.0065415507637315295,0.4658849831660498,0.508375344096314,-0.06670373459650633,0.017157844530426066,11
23,Relax,150.0,0.027840698255687156,0.021956311933052468,7.1542689551221486,0.0004354058868638729,-0.2281061402740051,0.024426059537938728,-0.14268803290029733,0.0013905945339780562,-0.3476990519247052,0.04839563754497727,1.94913754768085,0.0018815944228806267,0.12133253222173364,0.2662524865257169,-0.672427119100356,-0.009394087537684611,0.5167507842080626,0.5041163301186573,-0.26906911759852514,0.000791465645555074,11
24,Relax,180.0,0.07643338367194201,0.09143217299506069,2.4253989877934408,0.0032839668753610637,-0.18616189838871702,0.02663482537539316,0.18982391279885077,0.0015181080870432188,-0.27984161085875076,0.05702339098841496,-0.05772046228842447,0.002558036613592044,0.0033437616814446934,0.2882993838699052,0.6668435580426368,-0.0015415530465318831,0.6863034543481048,0.4498740712459328,-1.0552897060221724,0.013794115536817001,11
25,Relax,210.0,0.20519523975805815,0.06838041793201327,-0.06828802728705469,-0.001085937151195666,-0.13649328542053304,0.031890238681040475,0.05538094386066798,0.0018269198912669083,-0.22936944663710024,0.0222753103020452,-1.963469894596507,0.0007785593742884459,-0.10029028713107323,0.2966260772014687,1.1263881869230177,-0.012166164334610582,0.7371692553901175,0.4191073127307443,-1.3754927699066486,-0.006812257877813318,11
26,Relax,240.0,0.05045794525826624,0.03357739848433365,1.84406718003546,-0.001060498618788947,-0.08046607638014651,0.03306025395694879,0.0030612956443548077,0.0018947293130472183,-0.2155978401511955,0.019290410264907375,8.19019402343757,0.00013833233483624347,-0.11144510893247411,0.312773666492728,0.8014083045984811,0.006645422862962446,0.22851124496999062,0.4584197521118909,0.9616447378919026,-0.010204253501620776,11
27,CognitiveStress,0.0,0.3493970764584315,0.4636583045684278,5.424050014592163,-0.009468004989043759,0.1288156076695693,0.016926546714639973,-0.17746425833664642,0.0009432085917541811,-0.05495818113792973,0.009986940610724956,-2.918684874908387,0.00025505792443056817,0.6363436290314941,0.3916502666957083,0.4371514925591739,0.0002311155566687793,1.7715026409718804,0.5187710038660388,-0.2715454178836412,-0.0032791792883567193,11
28,CognitiveStress,30.0,0.07682159006526246,0.3283934114861605,8.831188906200728,0.0039543636635015105,0.15778841746238167,0.01710027534460695,-0.42379500602331305,0.0009183902455362019,-0.04976131349718053,0.017137519522379022,8.515994567057726,6.053682101750741e-05,0.5725673250481521,0.45728686519453104,-0.08943005627964379,-0.0061641250694876686,1.584980473088614,0.5283812333429344,-0.1201036146338748,0.0012155578396494447,11
29,CognitiveStress,60.0,0.10967941805606857,0.38240341024108604,7.612063329609,0.0002216279466614936,0.18211447060063815,0.011723603459300092,0.4052266531347593,0.000598142995896084,-0.04766200328233179,0.018647203720910308,6.554022740772443,3.238961202758357e-05,0.6618580628814907,0.5017597795300601,-0.3101142728991221,0.014276709402289329,1.7545460802552197,0.5283812333429343,-0.22255854181191947,0.016028402211191787,11
30,CognitiveStress,90.0,0.06257118607748523,0.2046565103508485,15.323805127373989,-0.0022665535064272536,0.20517393083338809,0.01704565111680262,-0.2083274163888955,0.0009469742571230493,-0.04421489823243882,0.0217116274046819,5.1430568599411925,0.0003058688135782273,0.42587563148008806,0.6008517631485075,0.4285234904427811,-0.026525825752935828,1.9071551267051647,0.3652554960855997,-0.8772503906984875,-0.012325191118306213,11
31,CognitiveStress,120.0,0.18167792016490952,0.13431077576940834,1.896527342430286,0.0051360349201603275,0.23256550461990463,0.016071871783145605,-0.18515411296825268,0.0008744185452991324,-0.019874397684824924,0.04105357692075031,1.3557034637727317,0.0014760694704423311,0.062348742646709684,0.3303884179947527,0.5166781879976695,0.00321938013460881,1.8223723231218618,0.36328219425681824,-1.960392117639214,0.0007632572481519712,11
32,CognitiveStress,150.0,0.23985374572378895,0.1336036673534742,0.8787621380059852,-0.003340781849455814,0.255190681986924,0.014228073705671076,0.1937947538287801,0.0007308974560725116,0.030871792844804926,0.05034969013027157,-0.02280494245732921,0.0019560080827596745,-0.14652664042274857,0.44939301763692274,0.678868074253883,-0.02002152784714625,1.517163286140566,0.7054623517532504,-1.2288817833725558,-0.02349056180915717,11
33,CognitiveStress,180.0,0.07042768673994777,0.059586861405250165,6.007220588429615,-0.0014483827236953688,0.2770399143325317,0.016470952396835013,-0.2168433670844621,0.0008749009396761525,0.07064997113199313,0.0386171661616545,-0.07313462196942311,0.0005447194124846467,-0.2661161759796932,0.33190674710979634,0.923570276130288,0.013580965809266854,1.0423808797767262,0.5958779248981094,-0.01485188223813137,-0.013088551891427663,11
34,CognitiveStress,210.0,0.030080232503420807,0.01492519264884563,3.732532012331726,-7.47556739630834e-05,0.3120960398295494,0.02647921231075137,0.36580097549344703,0.0014532905373245604,0.0803903630423997,0.034850345132667104,0.006458362686701487,-0.00013592602581612623,-0.10187638118525456,0.2850525377724401,0.8169008869970467,0.0015631470944751896,1.1780243095914165,0.45845123705964624,0.8143784154051396,0.011166043603152324,11
35,CognitiveStress,240.0,0.03280403696946063,0.018143158103397745,0.8159553761565491,-3.655542484884795e-05,0.3424643012282957,0.015399836989079875,-1.0166632842975671,0.0005835383230575468,0.08876202974328454,0.03541044347223078,0.3281265603629083,0.0004431344505195376,0.15323372506893754,0.44518604964540087,0.6012865666350866,0.018388446039636457,1.1610703362800683,0.518761870286737,0.2716616207654346,-0.018826643313378792,11
36,CognitiveStress,270.0,0.03948932726312724,0.012357398604211343,0.2355356953542057,-3.831160727488558e-06,0.3592994882945669,0.01285134583031907,0.5394598319823655,0.0005396150805688518,0.10265965338642967,0.0260939815247559,1.4131708115172068,0.00041604090739135526,0.10698759113561246,0.47867402342716836,0.5001418761310572,-0.015749602290088836,0.7371705490927738,0.458423245206735,-0.814234686497893,-0.00619050200872866,11
37,Relax,0.0,0.43115575593214595,0.7302862871642064,3.468118910324009,-0.0070269647559607065,0.489476858832138,0.017567351670802672,0.33905952196222305,0.000949805919227004,0.1162807135820596,0.015571818282743488,8.239581783083558,0.00011467248031980859,-0.21666851201305654,0.2563168084446374,1.04994692047507,0.0020044689950169206,-0.05972570686276853,0.9286838900175846,0.2629337757486914,-0.04765767654778743,11
38,Relax,30.0,0.014813692637117574,0.014491963310479677,1.1368829424989841,-0.00012631645582829318,0.5130097691702261,0.013943143279521987,-0.33703845487176526,0.0006993483939180244,0.11628070217685667,0.015571819713478072,8.239581674766555,-9.277189292783386e-05,-0.34264317646026693,0.30419106600770723,0.7044265741918737,-0.003495817103000533,-0.8227153098982717,0.4405107588622796,1.1547005383792517,-0.00364639529559302,11
39,Relax,60.0,0.010885018418562827,0.014342841146328123,1.4735064733258838,2.7802232040927894e-05,0.5312718649365474,0.012208402567127928,-0.5284464849664031,0.0005989884642926106,0.12214659605068127,0.016689882011237816,1.7695811020508456,0.0005345326974286818,-0.4813669072977673,0.16706006274577387,-0.35727044101658856,0.0010206897176925792,-1.0940112254462464,0.5412638135362106,-0.016816350094895415,-0.018515438628151647,11
40,Relax,90.0,0.015072886407308533,0.012952827856247883,1.2485219499010431,0.00014931128335449702,0.544935468475942,0.007794411398189667,1.2210788897362819,0.00029668343429781,0.16592587825119892,0.05177778202300296,0.8032240385530495,0.0022135790577843366,-0.3888844200727671,0.2371722145773902,1.6185471608471884,0.001062839690458819,-1.2296533615582805,0.36328219425681824,-1.9603921176392118,0.004833962571629274,11
41,Relax,120.0,0.017962838660390827,0.01079688835147962,1.3925311821719426,4.879373516931104e-06,0.5586800465583295,0.011945828319515166,-0.3176448219562492,0.0006301983206729108,0.230041463048724,0.04911164155632659,-0.601371878640995,0.001871201887749343,-0.4287552057574763,0.2516080816818622,1.6750148664926818,-0.008094767748568552,-1.21269680084162,0.3458473359106925,-2.1572774865200226,-0.006501821002776201,11
42,Relax,150.0,0.017813249866556604,0.009407286937725603,1.8855318967099366,-1.5941735365176005e-05,0.5738468928581416,0.009387914205614478,1.2710420318203872,0.0004245475867558395,0.2706239287922998,0.028906332686966046,0.5174915214543365,0.0007925873603973789,-0.5993670885866477,0.1536368904574947,0.05244551312444864,-0.00390732421622965,-1.21269680084162,0.3458473359106925,-2.157277486520023,0.0070671967421480734,11
43,Relax,180.0,0.14366463609019275,0.39557963163472193,4.805216162679319,0.008070639180076299,0.5906253651058757,0.013345318611876855,-0.4556560663349403,0.0006709819694123453,0.28154589662924406,0.015958541523825635,7.968320315518255,-6.515860067074324e-05,-0.6790890986727666,0.1593154675765563,0.7816052198529295,-0.003982150608888983,-1.127913997258317,0.22173580378180519,-4.129483209670108,-0.0012720954135866367,11
44,Relax,210.0,0.255075716975982,0.37402987791189124,4.862103495570124,-0.0005329355418528802,0.6027359809522876,0.004071004713247313,0.8232403722953885,8.809320092077364e-05,0.2849736744405268,0.027144543906815508,7.254404736967231,0.0003998657241263868,-0.5100763507533093,0.3593096599540035,1.8274419786436096,0.0063053016610565915,-1.0431376621882957,0.36993128278562404,0.41726145246408186,0.009667478691827828,11
45,Relax,240.0,0.02943934387836986,0.010943444134635095,2.984597611616281,0.00011937168598195651,0.6167255466143438,0.01402656769154551,-0.07165143011039307,0.000739125835047819,0.2881309342842806,0.029070929427430062,5.798526150531452,0.0001243365365958646,-0.5307999003019298,0.3739771802995319,1.704984852990457,-0.013942194608753341,-0.9922679800383141,0.28117129452870804,3.0151134457776383,-0.0026287966084507716,11
46,EmotionalStress,0.0,1.8059852265828984,1.168879430711849,1.7807292004352817,-0.030648952603796863,0.6572574960982301,0.006152584236563044,-1.042577160534768,0.0002802511951086764,0.3240506139215205,0.04373623650957165,2.0197448121696864,7.197565573269544e-05,0.30948110552868824,0.5368801714033844,1.488145906882554,0.009622232757781278,0.00809406749059203,0.7398510616813787,0.15755327705269537,0.02272659714038065,11
47,EmotionalStress,30.0,1.248583110231092,0.7127660462164297,1.9533470423574366,0.0003493928772024069,0.6629728865228235,0.003483026726655482,1.364969031714212,4.914356521235849e-05,0.37663411772177924,0.05981238787854759,-0.08196273443559511,0.0028933077132056806,0.4003709782717411,0.5087619578212146,1.2942191024998724,-0.015616184445924665,0.025050628207252592,0.8366758744878879,0.20435300949587307,-0.010034809007884568,11
48,EmotionalStress,60.0,1.3104564144872246,0.5974929049552623,2.05170476764658,0.0059699434894850915,0.666243591020723,0.005778052992119468,1.1382537104764003,0.00014602671535409465,0.46663906074520595,0.06255633118682288,0.844443277666674,0.002982255951526249,-0.047659024307482506,0.3696958260047229,0.04329997615020447,-0.015965067189558344,-0.5683863046882082,0.7072602621087608,1.0415926894337657,-0.025270367397365583,11
49,EmotionalStress,90.0,0.7737860671225941,0.6288028601237522,1.327310145751573,-0.022823768522320678,0.6806590962004785,0.01358410007279845,-0.1875802788844805,0.0007236569502991005,0.5578797161528134,0.06851309680280858,-0.7591907381968402,0.003368745563938132,-0.3585774718144526,0.17169813677710827,0.06548939001471106,-0.00019962672788461982,-0.8735811109402845,0.40692640833610144,1.5000000000000016,-0.0027135964990459686,11
50,EmotionalStress,120.0,0.12673138889191568,0.39871999733283026,5.75737441510389,-0.007236134514938171,0.7056212612741211,0.013621045633954292,0.10551102321563557,0.0007349140931111826,0.627229446893358,0.043034767090188684,3.6160209859769545,0.0013651575916026801,-0.4255504155102812,0.18438549794739162,-0.09900648580883745,-0.00031137714891110203,-0.9922718611462831,0.42726928330716857,0.5216354622231368,-0.015009828663920637,11
51,EmotionalStress,150.0,0.15607928844369987,0.09397011269065997,4.498557370570473,0.002635126483552145,0.7251083980833519,0.01169056937516225,0.8896105220389956,0.0005682341714976248,0.7088453792922348,0.07604441329553077,-0.1485451217802368,0.0038185742228077583,-0.26292442658803117,0.304852620614437,0.1538553468215377,0.01055043440176955,-0.9583639145235874,0.5600504930021702,0.6532474836410207,0.01625344392705942,11
52,EmotionalStress,180.0,0.11337823620533255,0.12190360716796529,4.325325052990066,-0.003027136509912112,0.7428665732229632,0.013693099313265624,-0.5805072035096596,0.0007040054165912003,0.8032150140257966,0.052067327982912553,1.6662996206920258,0.0021515464767061505,-0.20870706971025937,0.24607595323887388,0.5933170410707443,-0.010661475529250458,-0.9922809170648773,0.6771712030655967,0.243994854996369,-0.011165862434455788,11
53,EmotionalStress,210.0,0.14676130973590545,0.2724825486283458,3.9827866715081117,0.007238405403365534,0.7638326425574081,0.012458521896633133,0.6090186579424189,0.0006540213936597186,0.9213671961657023,0.10229762333724454,-0.08503092683480118,0.005268712548562059,-0.4733940542463788,0.17850269090510135,0.20635597651289386,-0.0049690116443768945,-1.1618309997996072,0.4272818613680173,-0.5220169406854396,-0.00014109159272992665,11
54,EmotionalStress,240.0,1.5470021255598378,0.6633449087481695,1.1796707233139603,0.010722418931818783,0.7892066560232521,0.020606705567528624,0.4518476173518401,0.0011154009905742278,1.0420994624365694,0.0593152253848385,0.6315991263611432,0.0025569137453814493,-0.5084821061644198,0.21710543847809766,1.2188116242758704,0.002198187660954816,-1.2466125096802538,0.4612616631531121,-0.6359834272272888,-0.0019790652731442636,11
55,EmotionalStress,270.0,1.6760668868188404,1.1973800209687702,1.476552324093889,0.0225205727282012,0.813929022733938,0.015396764669642316,-1.2033975883328594,0.0007057558150021688,1.1575823538690673,0.10446047718915069,0.4715569984565181,0.005560255150108716,-0.6312373094019608,0.40161222280179426,-0.3583784349129979,-0.011089334440425074,-0.6023123631480928,1.0419092494518716,0.08986588258575622,0.05421654843580764,11
56,EmotionalStress,300.0,1.7199815815233515,1.2947786879450505,2.106511090859248,-0.010333436467954609,0.8240050679819871,0.0024413312653053204,2.620869237589024,4.223686535444015e-05,1.2998856169870223,0.07769397762583781,-0.4945081005421502,0.0037483039844567988,-0.5100584195769515,0.5972262070867065,0.6464095384092213,0.01108922030123384,0.4658849831660499,0.6296319628583131,-0.9068325657868636,0.015179180416538382,11
57,EmotionalStress,330.0,0.013856053257101172,0.013906361821815668,1.1761110121172467,-3.189401288534763e-05,0.831308626582367,0.008697803089590384,0.6811881186276898,0.0004171328634046985,1.3591795433899796,1.0534914757371028e-05,-10.678545395274773,-6.519671046796947e-08,-0.4686129505866524,0.5080871137740608,1.3999052940716223,-0.022253954547874235,-0.07668356128208545,0.9002272841655662,0.03245748736172766,-0.047120472540725315,11
58,EmotionalStress,360.0,0.014106679541298609,0.03169686638121295,12.220683516868315,0.00023723098544684864,0.8442695454343655,0.008613973456097207,-0.46360864286406067,0.0004232075658503876,1.3596921902569916,0.014315072825048254,6.214556131612357,-5.674525304397739e-05,-0.8672132203755971,0.19161336974912896,0.9503590086898115,-0.007532705606890013,-0.8396705769122759,0.4302764404524373,1.2609766499825614,0.0039573282277753745,11
59,EmotionalStress,390.0,0.02340127835587751,0.027317380424334257,17.93828818955461,-3.639259840158e-05,0.8558756235346328,0.008226412550683803,0.8262529063475644,0.00038480572575860404,1.3355401168907304,0.049074483309418646,-1.431460884192374,-0.0019389097427560305,-0.9389574870895024,0.1642896115467934,1.3260756204717592,0.001538887081136421,-0.5005652366321912,0.5041163301186573,-0.2690691175985251,0.02317863676268432,11
60,EmotionalStress,420.0,0.017053781727842773,0.012091904327903875,0.9044388862590308,2.7153169319027626e-05,0.8717328000363411,0.013033181881736307,0.06410490340742347,0.0006810326955037527,1.2559838211038479,0.07004961741522193,0.46034058945725764,-0.0034317484798806717,-0.7874879500755948,0.35873412166980434,1.0316657153639834,0.009122822161696121,-0.14450462933810237,0.28117129452870804,-3.015113445777636,0.004663993982735264,11
61,EmotionalStress,450.0,0.019906601080482273,0.010083428970615784,1.7669863052111905,3.605496001317969e-05,0.8872566310027218,0.008830851335424017,-0.08439580819595918,0.0003804149868350504,1.1786984174986257,0.04169532535299551,-0.873217605073457,-0.0016035372706843915,-0.720524787021416,0.35321194839749614,0.8688928537862718,0.0017379811594619027,-0.4666547026041828,0.49838103164343994,-0.4082482904638631,-0.022839437200303566,11
62,EmotionalStress,480.0,0.024158427751319135,0.01618170125283744,5.196754831079288,0.0003280849900559131,0.9049560923462885,0.014074083301376002,0.005074520275268292,0.0007250225542716982,1.1036216411060757,0.06631804580926809,0.11364870612111484,-0.0032664852103173026,-0.8815597915686599,0.2324225820631153,1.3071198868817233,-0.009667073154341111,-0.9244469119822971,0.363254477602034,1.9603921176392132,-0.007716790044161962,11
63,EmotionalStress,510.0,0.44081172020454346,0.5279701802233222,3.548207416593049,0.01424061483069965,0.9212882727633056,0.006556637664134082,-0.3438949613141616,0.00022543583008873425,1.0390690480915752,0.028729325954638122,2.8090652999939514,-0.0008064237122551431,-0.7715455041867012,0.3001698604016994,0.3126431341335379,0.00983979564428983,-0.7379389748282505,0.4795673712972391,0.707106781186548,0.010910919256580675,11
64,EmotionalStress,540.0,0.5561233316372907,0.42360458129081446,2.50276036793034,-0.013500537593946581,0.9270581560129222,0.007004615832552678,0.7934314712528955,0.00014158216280586106,1.0271900380226666,0.00035946964077552466,2.0692839174671183,-8.581043980989291e-07,-0.43831415286304615,0.3306197450942369,0.7269136673804727,0.0008637890937300069,-0.33101256649214883,0.44987407124593287,-1.0552897060221733,0.007179724070392461,11
65,Relax,0.0,0.10453573197041038,0.45706421495473215,10.105227333448058,-0.005515282169600368,0.9945568175432091,0.005735535196597052,0.24977470863364917,5.464715656713604e-05,0.799194733335617,0.04882374096486592,2.378235071358816,-0.0014178005551104167,0.07988380301755135,0.5393809916182795,1.122637764544101,-0.014992084936205647,-0.3818951856686942,1.2934224334456874,-0.024023955850407872,-0.06114227183690093,11
66,Relax,30.0,0.5747518239177892,0.396582005488545,3.5353259466489964,0.008216671880965164,1.0022547501236914,0.009619765307597183,0.5276085651245572,0.0003667526789656895,0.7764329238713121,0.02471585000014966,5.956011045496748,-0.00039011714514363864,-0.30757631593246676,0.32162717722182227,0.3301833319944761,-0.0066269540547793755,-1.212708444165527,0.6558280852406698,0.13152328331984847,0.009667957494811493,11
67,Relax,60.0,0.3507791066184379,0.48608998461881875,3.040992775732006,-0.015047112806357218,1.0058571870502393,0.009286581056424874,0.16908748637003632,-0.00019056115895833278,0.7689590199234559,0.03183352198121192,3.3301802958858624,-0.00020376343390426902,-0.47499481926303466,0.25279528207299207,1.1006305455152205,0.0014837823101640764,-0.6701192004748899,0.5318694082527169,0.05593622094421235,0.01854303665958906,11
68,Relax,90.0,0.034631815938862644,0.015408117984148352,0.8916810743583977,1.3456297668539773e-05,1.0006172744548887,0.008055980556179586,0.6628364692672171,-0.00018418868861272986,0.7551592877061608,0.04082969374117545,1.5703364799763615,-0.0007375129056550351,-0.5754387487908323,0.23466502545314746,0.5114402497593105,-0.004165199978045409,-0.805766511397549,0.6122842467396804,-0.1930934306781008,-0.021935476578057035,11
69,Relax,120.0,0.03772372985073044,0.017853254345146324,0.4228211556655061,0.00015934490438681182,1.0016000777272542,0.009192797359246004,0.9396414689630271,0.000228356891491955,0.7459393531652514,0.04583088260743279,1.8249297901299746,0.00031281322369256393,-0.6264692465977671,0.2091810428486715,1.1545261931434032,-0.0024595337977043044,-1.144871851677634,0.3144928861759042,-1.600140151304531,-0.0006783236378045879,11
70,Relax,150.0,0.03291432231389958,0.01577151544541077,1.2158070179925446,-0.0005129236991675535,1.017377545216221,0.014995356930459967,-0.39441028931972016,0.0006965259062685056,0.7461520174805396,0.04301983428728918,2.327032556193755,4.838374873174568e-05,-0.7189484736088845,0.1335755370725703,0.3238676773157034,-0.006030992573301601,-1.077044315108335,0.0,0.0,2.0978391639656138e-17,11
71,Relax,180.0,0.017324540821029487,0.01159499172878782,1.317808919362183,-8.586556569538099e-05,1.0274009930258896,0.006454265687602461,-0.8092750377103892,-0.0001466178534662514,0.7396060160201674,0.031359223473733475,-0.7414546943502859,-0.00010826627442956207,-0.8321447297408555,0.08697038949083986,0.4044622043330799,-0.0009514969094010473,-1.077044315108335,0.0,0.0,2.0978391639656138e-17,11
72,Relax,210.0,0.02202851106025044,0.009167017156320206,1.789383940791682,0.0001562380966464934,1.0279857442478506,0.007012813053841723,-0.7582341904063195,0.00017617368737196892,0.736280841663945,0.041508006638363674,0.6625540133124875,3.616677145308494e-05,-0.7364704931241932,0.207259925544889,0.6811796985840228,0.00859693127324252,-0.8057600428842674,0.44987407124593287,1.0552897060221724,0.018995175493321796,11
0,Relax,0.0,0.024745623964373253,0.013908288248760014,1.560508122043261,-7.653758952594912e-05,-1.9500048132197396,0.011661598033108468,0.5859275051071328,-0.000646023823078852,-3.8220764551254023,0.3380120455297976,-0.033643985198948324,0.019417045151906114,-0.40816027284267414,0.17539904385369645,-0.2680240579896539,-0.00811632366133604,-1.678184482995651,0.35617298137457243,-1.7888543819998275,-0.013277471488229674,12
1,Relax,30.0,0.03661849712570743,0.013480187885394068,0.14879217801981748,0.00017309138613090625,-1.9592015862551913,0.002216661704000329,0.37033159778461555,2.942323216610922e-05,-3.2868567065928707,0.2762557858057242,-0.12526141420720835,0.015834910705866463,-0.611174919955615,0.10800077920108712,1.0404331147139876,-0.003279666541721818,-1.63037260967857,0.6067960258365759,0.10181994184151812,0.013890467338363239,12
2,Relax,60.0,0.02881755755650572,0.01260252791412374,1.2164441058659912,-0.00017220830094896085,-1.9523858001131236,0.007356915481676651,0.7366048449030047,0.00039866544783493383,-2.8393063067538673,0.2447089411550248,-0.09253864924933283,0.014013896545523031,-0.6057277308022281,0.08482057789212473,-0.08519401131274784,0.0028755258823027897,-1.4392242960382506,0.5024997709472013,0.09435067377576963,0.0065586964566909925,12
3,Relax,90.0,0.02708891535416467,0.005612462093663661,2.284077717494416,-4.288054294842289e-06,-1.941347915050139,0.006729847698232474,-0.6531825397604506,0.0003653150095769388,-2.4355349921862643,0.22516146655629107,0.071013920407829,0.012835360355236173,-0.5485049770393275,0.07898453306062458,-0.22118497313761565,-0.0006722138712666383,-1.5826074091276088,0.3431285861612658,-0.8767181405720815,-0.011366079713215018,12
4,Relax,120.0,0.026218798648116635,0.005122224956850049,0.32447923862372,-1.4618929392115908e-05,-1.9328910618954227,0.004039584682170758,-0.27878826484224706,0.00022963488795458916,-2.0405243413668512,0.23206561387038993,-0.04010288138163797,0.013234340291963883,-0.5907381315929434,0.10915284879796353,-0.38377447646922597,-0.0010974917758199622,-1.5826074091276083,0.3431285861612658,-0.8767181405720865,0.002443268730116845,12
5,Relax,150.0,0.025233574296055328,0.007965269496100894,1.2257344297605082,1.9088502241501383e-05,-1.9257294870539963,0.004481095247589888,0.3855940929344312,0.00025338813435013476,-1.6865683274844516,0.1815835105921983,-0.1408951145696735,0.010309821250096015,-0.6452353883848012,0.093778145530378,0.1638095687484071,0.0004519230544165165,-1.26399577121633,0.4227093221248851,1.0552897060221729,0.004674525868987128,12
6,Relax,180.0,0.03778438608360655,0.013536725487032516,2.880878287348851,0.000310541405916221,-1.9171561218111586,0.005572993828705489,-0.16144740986886968,0.0003186893021408876,-1.3950378525273976,0.16717070019043942,-0.06190775676573087,0.009474348297285051,-0.6138953438750596,0.1341570376210981,0.7640100326632917,0.001208514643155779,-0.9772339206094383,0.5618979404791408,0.4787117432261944,0.008339363312348413,12
7,Relax,210.0,0.02964539460708522,0.018240966986455363,1.5759450761774818,-0.0006578793523423875,-1.907636793249064,0.005346916618043541,0.04695147847702609,0.0003037169367890869,-1.130031627897966,0.15404158387862196,0.023270790833594335,0.008680769711025634,-0.6247935269705318,0.1374899367849671,0.7780431658652025,-0.004878806862712335,-0.642680616020643,0.5598507106846832,0.014826946986068805,0.016652959503487975,12
8,PhysicalStress,0.0,1.8578462723274936,0.9898403678809011,1.2154356256815788,-0.012172268015714714,-1.1580704156362573,0.37334954399386183,-0.5619379536573142,0.01948681875006437,-0.31225530443870625,0.10561275385469814,-0.2357031153155804,0.005589735093208791,0.5401604815322261,0.4683234371090045,0.5665858200830208,-0.015484733062534483,-0.10104316520977578,0.5652380774491556,0.3061381560917657,0.02068833821644358,12
9,PhysicalStress,30.0,1.4066260119871614,0.8496183263564027,2.365445032450803,-0.0022340159637897995,-0.8890657449177527,0.09271584951369567,1.0177885485766713,-0.00185587797880326,-0.1616729825191038,0.06331000986442746,0.17151665298522029,0.003332053479046298,0.2513072648547864,0.1284747414090689,-0.026070591217432222,0.002001244852864851,0.5520882312396498,0.6795969615953872,-0.25243466281303584,0.02730098101182842,12
10,PhysicalStress,60.0,0.8761573759644953,0.7812122288136701,1.9870803070841732,-0.03014305299372728,-1.0379843102664312,0.13210206195042748,0.016160004502450816,-0.0075574072283526765,-0.10100413685149175,0.023669633592691027,-0.26848131964685495,0.00048004294931233287,0.6014822609863365,0.4722021441714715,1.047728617629893,0.022097451591851443,0.7751082100434736,0.6575829281581975,-0.712422046152697,-0.004036720927818996,12
11,PhysicalStress,90.0,0.20750916359505472,0.15076267540424912,5.0156974824136045,-0.001161229784942643,-1.254762198348359,0.11616059902162348,0.16986508814585605,-0.006683618777466397,-0.10394523184568542,0.022189731718409985,-1.7820040053200048,-0.00044000043045243565,1.2663855734710883,0.5217065582698514,-0.9936741096477127,0.027075297136101736,0.7910382085294612,0.6597019939143038,-0.7638420378012827,0.0256809811657958,12
12,PhysicalStress,120.0,0.2603443856520979,0.4616185935122049,6.561950556350956,0.006269700932738266,-1.3464461612335403,0.11411037177762488,2.4632521269408167,0.001474555830142276,-0.14186441739564337,0.0519013170892797,-0.20673741540683585,-0.0021000682320013084,1.893116709206449,0.2849235102586134,-0.11014484050940816,0.0160491844077674,0.9821981903613101,0.4647083911990303,-0.4799138191337411,0.0038508193061431092,12
13,PhysicalStress,150.0,0.3615451194640379,0.474695180321138,6.046034267810316,-0.0006874796590704821,-1.1414644494311628,0.23003592838270745,-0.11098277842379417,0.01144965677111796,-0.20053766663195263,0.04689067842331298,1.8529713207028973,-0.00187518914851075,2.074318502710751,0.2840878662067188,-1.0587447442851556,-0.007733990498797568,0.6954582176135364,0.5376226987011398,-0.08798082238363493,-0.010543277686474608,12
14,PhysicalStress,180.0,0.2890252539619118,0.1789147132248881,1.4407692113526742,0.0010928335906116142,-0.4887671278618038,0.5829376884217075,0.8134177034006538,0.02877808931564587,-0.2378979302071365,0.027173668821197327,-2.1266074918642532,-0.0007354756990827451,2.2705187732646355,0.6257154725830153,0.7661708722772392,0.01857835928594874,0.10604827363200195,0.612010556447368,0.36567514978795573,-0.02002426039194418,12
15,PhysicalStress,210.0,0.31656715772781724,0.18369312949443717,0.9308744257594804,0.0023161136801574155,0.12262861497954212,0.4085259030124111,-0.8798116927533195,0.01284152822805037,-0.29478676027827966,0.06612713404124493,-0.5771801856600144,-0.002894180207495374,3.1084714853356537,0.754140674957323,-0.8246790800021188,0.036885034035183534,-0.9453476702065206,1.1989073227617708,-1.3418070440109042,-0.05274392572101021,12
16,PhysicalStress,240.0,0.38954930276259586,0.23645716678800452,1.479588260448256,0.0019796737871528103,0.21916199619378218,0.16587607264804205,1.1722873275268693,-0.004499108182996624,-0.3854102356243629,0.06211836604480421,0.695771446950551,-0.002693505902732919,3.593537655195973,0.18014074867791308,-0.3403677406236804,-0.0029849122359111224,-2.5702396033039387,1.4252085708814166,0.14116250265919983,-0.049397307483057915,12
17,Relax,0.0,0.17901698549072903,0.32833922537215365,5.34007810377064,0.0008026803225694598,0.48123932697494937,0.13372729750647544,0.9526110512813856,0.002106108152879544,-0.4575129398711655,0.025924051403205885,-0.1978271453367117,0.0005061037557584946,0.5265317284141136,0.7648234552978518,2.3880520164813306,-0.035092231132335526,-0.9135051755218413,0.49258482886202354,-0.18463916439404116,0.003081046924249652,12
18,Relax,30.0,0.13313669530620797,0.3276765953879675,5.117180155544831,-0.006374519850856931,0.573193625363655,0.12633654183818735,0.3673391251202646,0.004563835938890272,-0.3742317064541047,0.09804877130329924,0.7705465973802055,0.004962200499726147,-0.05390273843760758,0.16379349517477498,0.47841360551198464,-0.006040059243140626,-0.6904633188588993,0.3249392406943627,-2.1572774865200244,0.011048879326696834,12
19,Relax,60.0,0.15331110184674213,0.038820489568022254,1.3485269950270378,0.0013287418983643456,0.7711741029390375,0.16192992149360713,-0.21186488046678234,0.009215986640659169,-0.21745233790626273,0.111452645971963,-0.5739996242305463,0.005963672345221832,-0.2269457967093759,0.20294353372731055,-0.48594224383666346,-0.007464428778339926,-0.4355716748915705,0.32490949252621365,2.1572774865200226,0.0061613108898289845,12
20,Relax,90.0,0.08030378301843209,0.07775781596805054,2.4714224072828794,-0.0015164128498452777,0.9725587448753745,0.08359510175191347,-0.9205035092752936,0.004455256462150621,-0.060452153698640515,0.09121325046129906,-0.31963931953874825,0.004983531277350344,-0.4899124993449585,0.25941575749975765,0.7230408045234046,-0.013467326050841343,-0.4355716748915705,0.32490949252621365,2.1572774865200226,-0.006586228882230976,12
21,Relax,120.0,0.022290604094744385,0.009612420379902675,1.0365122325042024,-0.00018523824667290628,1.0333677049952568,0.01877361899519272,0.8155457477858188,-0.00014566083995036852,0.08254073557672605,0.08568785695722432,-0.1074674965479588,0.004609376558364157,-0.6098128056015433,0.11524222621457547,-0.5551291768400523,0.0014471306079081735,-0.5789474953612224,0.32609575272851454,-0.2734148690511974,0.0028414834550737783,12
22,Relax,150.0,0.016161141663658604,0.01080283220472349,1.6501525262377295,-6.0247350183224724e-05,0.9966879034289875,0.03816132358719983,-0.293045979121937,-0.0021544034834666635,0.21156364951691717,0.08275492901872816,-0.09710870449284707,0.004407247608670593,-0.5961840524834306,0.10371614142247801,-0.22856863275400607,-0.0030777114445680455,-0.11697753926758686,0.5909287549605567,-0.7198075706457631,0.026770261473891065,12
23,Relax,180.0,0.01785240039586194,0.00986882104619432,1.67041487267458,4.961100073702502e-05,0.9214222071266687,0.05065978200176732,-0.27056468564197467,-0.0028799751094092077,0.33735822656357184,0.0908254466405042,0.13274941530573361,0.00488485172893351,-0.6874609333610202,0.08866524223464901,1.1082386512360556,-0.0024027700504222183,-0.10104170668583458,0.4776343808138626,0.0667037345965069,-0.023875079698087307,12
24,Relax,210.0,0.018001526739398158,0.010511439587496618,1.3364913229490563,-6.349149288260659e-05,0.8218584384943349,0.06597655735111362,-0.03399972157975167,-0.003791616015081499,0.4759781836952541,0.09693692263944284,-0.11306703977095524,0.005278289857471522,-0.6370474831055776,0.11873641536750922,0.4390326242101991,0.005794197370708431,-0.45150167337755787,0.30683344016629177,2.388201005595359,0.00985278594882135,12
25,Relax,240.0,0.017541732103169685,0.011114531327714759,1.0931622086311272,3.328914980736291e-05,0.7130799390777394,0.06066527029625092,0.08043881842625929,-0.003487429935403415,0.6020533757473973,0.07760665269561769,-0.062284899525638725,0.004097699519154564,-0.5907292537526468,0.1330712224814782,-0.6888014870395989,0.0003701079398350257,-0.11697170517182198,0.47683677205114045,0.13363062095621212,0.013756720004014712,12
26,CognitiveStress,0.0,0.35040088438200206,0.25492350963870236,2.9599408757513834,-0.00241210130046107,1.08348077839388,0.31919569222112576,0.34482571745696033,-0.013107258776431215,0.7486851903632756,0.016735853395172855,5.200601353795521,-0.0002422707123433166,-0.15745894070823313,0.1559025540012113,-0.294460842550702,-0.008411896224010536,0.15383826908996426,0.41387350113338267,-1.1547005383792515,0.009693441701670594,12
27,CognitiveStress,30.0,0.27614363467491637,0.18915753975573066,5.101495440826259,-0.0064463737213592024,0.8577608061507912,0.18138371592471209,1.26321095322248,-0.0005862527106607641,0.7179286685595223,0.04169399488472942,-0.9545864162790281,-0.0016991295690903456,-0.3414014503383731,0.09494100599046407,0.9728294823178288,-0.00356161840487096,0.10604827363200195,0.43800254329541577,-0.8728715609439698,-0.010782294057200721,12
28,CognitiveStress,60.0,0.16041180259780738,0.13837454309124575,4.881947180575107,0.003265763229646915,0.8445233100851668,0.13765601387644374,1.5530890066128216,-0.0005547346828837345,0.6576369080701264,0.048279002630928554,0.6915295339542218,-0.0020730095329284555,-0.399983781929546,0.09379944346373618,0.36202246680568145,0.0011247374035883427,-0.29220168851768363,0.43069955495584583,0.9616447378919006,-0.019413440777866317,12
29,CognitiveStress,90.0,0.19873482812965446,0.14633490495270962,6.029294133849401,-0.001751581782552615,0.8902252398942252,0.137935949098105,0.7130213980729783,0.002410967177508566,0.6169149157682501,0.018816175090544753,2.2408494545960815,-0.0005278241481623904,-0.30324195621797684,0.1416041367992452,-0.4427483631288193,0.007514365704976077,-0.1329017036578094,0.475504451000549,0.20100756305184214,0.023662620701886305,12
30,CognitiveStress,120.0,0.1718034160391365,0.12359372787996006,6.6686510813625155,-0.0018381505595266195,1.03868164074,0.13204894823778818,0.5907208754178274,0.00570705651775857,0.610240073167432,0.011229193545545881,8.279692248208544,1.725013784726327e-05,-0.21059281488311987,0.0641482115320599,-0.23931751239131968,-0.000522561668269796,0.3449982509218134,0.20831176071352536,-4.129483209670115,0.004541311043796361,12
31,CognitiveStress,150.0,1.7416203633872867,0.3788106538033233,3.0283953675412105,0.008524205075325893,1.1852409897519667,0.09943676823058926,0.5610085467256924,0.003761144096192003,0.6084870726425969,0.012866492299010645,5.070283280767417,-0.00016269702596919907,-0.23511848283380524,0.09341571144110697,-0.8778364118490097,-0.0009402532533730987,0.23348826151990137,0.35620559496136617,-1.7888543819998313,-0.00956065482904497,12
32,CognitiveStress,180.0,0.7703833822677986,0.8282313518099764,2.869814136215946,-0.012585582821876249,1.2636206140306523,0.0480395139645171,-0.024129919531011894,0.0010079438618322196,0.6073196535480514,0.013910334152064314,3.880829606253567,0.00010001476586971119,-0.22967256194331795,0.11723939774240476,-0.3332118924189643,0.0018896468799297116,0.39278824637977566,0.5518313348445102,-6.78625806405548e-50,0.010622949810049964,12
33,CognitiveStress,210.0,0.47887465618003294,0.804016377039619,4.7154033034427805,-0.0008351992592849527,1.3032681972738411,0.12125612964990974,3.6009860857972784,0.00033711451836122494,0.6040904295128394,0.018835924503104083,0.5808956653069188,-0.0002681860448572596,-0.17381065427158943,0.11198242091537158,-0.23310808957227036,0.0033551512659930195,0.8706882009593981,0.47789995457962275,1.4113419610469036e-15,0.003186884943014986,12
34,CognitiveStress,240.0,0.35019871124803653,0.6546181000873645,5.545849751730504,-0.012493826281396234,1.2851586753287054,0.1659269079009149,2.2655065488950044,-0.003505603719058477,0.597421996147241,0.02066338714481248,-1.7506937385750339,-0.00012877860898552373,-0.1547347120000899,0.09138923775935837,-0.06450278490179599,-1.165857453940566e-05,0.7113882160995239,0.45056839814932564,0.7071067811865495,-0.01699671969607995,12
35,CognitiveStress,270.0,0.037327305461286396,0.026825177349130737,3.104381809535508,-0.0007075502770324297,1.176027046079019,0.13521669262609778,2.7884954603943033,-0.005178406545323163,0.602960003269452,0.02190599289142183,0.7677282934323212,0.0004195330848580252,-0.18879771695507527,0.08599884026453979,0.17803944682516926,-0.0009128871071519312,0.39278824637977566,5.551115123125783e-17,0.0,-1.9989603624925497e-18,12
36,Relax,0.0,1.5080268237668761,1.2955735515539601,1.8944302552550665,-0.04953259530903435,1.0110784743370085,0.10759718417684437,1.2828413462730546,-0.0028087975757296307,0.5971819074733428,0.025560137105516214,-2.038586198641476,-0.000929072074962087,0.13957330340813343,0.40334870726877975,0.15915944755463993,-0.017456412836004243,0.8547582024734107,0.5376226987011401,-0.4964074668020532,0.014951801857645325,12
37,Relax,30.0,0.044443430781155244,0.04020297782772477,2.6297499796597688,0.000423423595370331,0.8891441670932129,0.0825452345020012,0.04605276007192142,-0.00474491152777801,0.5640934349570693,0.038375147745020655,-0.24223231662399614,-0.001375934362797611,-0.2909791222426343,0.24426440298835816,0.08369022228100048,-0.008315925477121953,0.297200962844145,0.98252123833409,-0.2596654845998501,-0.04626339625927075,12
38,Relax,60.0,0.04503132505642975,0.04350736474152847,2.3958958150557117,-0.000840698971229899,0.7596572467835802,0.06727089190147167,0.12165666502431714,-0.0038605175027222093,0.5458920551727189,0.03140420795570959,0.13762561198797268,0.00025032257787594066,-0.3359491881333883,0.19241757889281108,-0.5049653480358579,0.0021985991052239696,-0.18069899173547777,0.6575977682358888,-0.09836295399481484,0.01625339283747299,12
39,Relax,90.0,0.026466884231807673,0.005825773428869754,2.985818239847925,-1.5190340866390242e-05,0.6481182617228465,0.062386924581271354,0.057962016806012095,-0.0035846446505656215,0.5726053458759992,0.03736046888433354,0.0820894628488297,0.001510165370137222,-0.39181490059381535,0.12865075670208026,0.2915433068411578,-0.005508105592987612,0.12197827211798938,0.4963926581471752,-0.22361614106020775,-0.004435081545695862,12
40,Relax,120.0,0.022529343861999798,0.009224523008859065,0.5535337598096229,-7.829351398471859e-05,0.5482270621962797,0.052611411940177856,0.12033045883429008,-0.003018217715840804,0.6024048684289323,0.02056257960694071,0.26620315816911116,0.00047268404900481704,-0.5335242556703393,0.05061209156833699,-0.14008733596287654,-0.0015746433596895404,0.217558263033914,0.3698367952226492,-1.6367758705650022,0.01176491691463034,12
41,Relax,150.0,0.02064345272782577,0.010811210463420321,1.4317834562477432,-9.52849223437317e-06,0.4628813595827013,0.04634916178761095,0.0039720743164447835,-0.002656903810097848,0.608488265621235,0.003025313666464929,-9.312858418566769,2.4630649935929518e-05,-0.568960789345492,0.03840920275210602,-0.6617077260939817,-0.00038383858601907263,0.39278824637977566,5.551115123125783e-17,0.0,-1.9989603624925497e-18,12
42,Relax,180.0,0.01980638663370454,0.011212973404731307,1.8708527815837235,-6.27376084668066e-05,0.38817487796205696,0.0413398005865412,0.09228442081671023,-0.0023647617740324557,0.6108167947949348,0.013351197634638066,7.837650623263713,8.837143954554258e-05,-0.5566954188443501,0.044026808565272316,-0.07511281842159702,0.001399409529316514,0.39278824637977566,5.551115123125783e-17,0.0,-1.9989603624925497e-18,12
43,Relax,210.0,0.020160138372090703,0.010505640463207728,1.3067833436559082,3.0382615176966024e-05,0.3211641789231588,0.037597376892373156,0.07776820961086671,-0.0021545629675849528,0.6143237342424425,0.01666740214071081,4.269067543871365,0.00011338944475188874,-0.5566916140556517,0.059140027211272206,-0.9017997644023528,-0.0015215835250746651,0.39278824637977566,5.551115123125783e-17,0.0,-1.9989603624925497e-18,12
44,Relax,240.0,0.02470367564029609,0.011382621952816597,2.8085218615994867,0.00012985009939779627,0.25758032265522,0.03605075521218679,0.02248507045866175,-0.0020664940891422148,0.6265928333911693,0.02709874829389976,2.1003961175911394,0.0007750279791686179,-0.5621337301574403,0.08197802046460936,0.04105877295985715,0.000550109649349585,0.39278824637977566,5.551115123125783e-17,0.0,-1.9989603624925497e-18,12
45,EmotionalStress,0.0,1.886515168281033,0.861945398989557,2.2058547225340566,-0.01897564724165897,0.20738394572849875,0.044632566554568785,-0.3308962121053498,-0.002200425860771904,0.6354835429268012,0.040870625907498806,1.4286021774009314,-0.0017252005043620039,0.348055431880853,0.4130919203054296,-0.5649274600839133,0.005933322181135137,1.0618481827912474,0.5027422722991447,-1.539262757900418,0.014447211741667954,12
46,EmotionalStress,30.0,0.4615158543830082,0.7092568042582719,5.116443549685378,-0.007075768644025216,0.2113214571750935,0.06545618140907024,0.9966121474158982,0.002397673449418315,0.5734772173445811,0.05212487356017707,-0.7362938350933163,-0.002456730348873659,0.06327460737373326,0.4837750277154816,0.7388340074980078,-0.024176462562155426,1.014058187333285,0.4558875010288799,-0.62897090203315,-0.006719015754856602,12
47,EmotionalStress,60.0,0.26447423277940274,0.23146410396138892,3.83832965805988,-0.0077538572924913,0.2152812120318716,0.06431505659633219,0.8581913184823476,-0.0019079567337183321,0.502204165627493,0.04830555492814133,1.0857954000339765,-0.0022878278779082132,-0.38637532101782573,0.11893816198962272,-0.10095727873100846,-0.005258757142859454,0.9981281888472976,0.46059463313670684,-0.5533715710928585,0.010091802319547458,12
48,EmotionalStress,90.0,0.023372156232855476,0.009251608749420586,0.9037495438164439,5.596253365168046e-05,0.13871104170211981,0.05519551884966938,0.2987199361407006,-0.0022360715614532524,0.4339470966864367,0.05098959946534682,-0.7170095777699398,-0.002305970520422869,-0.5090011242454532,0.12079517755710548,1.4897524158934747,-0.005008784956879078,0.791038208529461,0.4712157099387884,0.3380617018914081,-0.02323770270948431,12
49,EmotionalStress,120.0,0.02450164505763915,0.007580851000399544,0.6437082124476435,3.9242198963360965e-05,0.1067425416728573,0.03946785761003352,1.4879230128740075,-1.4805800743812357e-05,0.36628464755743145,0.050438890835614404,1.3875733827339607,-0.0022327499475723453,-0.5416893322173717,0.06888392684310483,-0.15787370386171276,0.0017973064871369274,0.34499825092181335,0.2083117607135253,-4.129483209670113,-0.004063278302344113,12
50,EmotionalStress,150.0,0.026174803183256986,0.01175330927534078,1.354623537522835,0.0001085398462927304,0.06755756436644526,0.05244170712180648,0.31189208288331904,-0.002995029136763165,0.33239456822405583,0.01700085810437405,5.295941277356233,-8.250060117679003e-05,-0.4694744427193875,0.09317362219685524,0.3350446161694476,0.0020895954505622837,0.6158082251835995,0.5047572794627294,0.17250970538848395,0.019864916144793437,12
51,EmotionalStress,180.0,0.0335042998568239,0.01785481333918331,0.591075640866205,0.00023481737813242707,-0.009299460467100184,0.0382570951241966,0.028952364754519275,-0.002187706758972681,0.33008093065368427,0.014811392579783653,7.8742261356861105,-8.568819109348234e-05,-0.38499798750895986,0.11464730069297277,0.39879162761035486,0.0019901698413600736,1.1414981752211846,0.3937643006006717,-1.3754927699066497,0.015960982089600066,12
52,EmotionalStress,210.0,0.030967979215491007,0.010149101234050708,2.009999119234278,-0.00027953067095315843,-0.07057211835490763,0.03436780197490313,0.1940911658281917,-0.0019582332586567204,0.3277456694719914,0.013526064180892059,4.2070731843999205,5.044296969647912e-06,-0.4231447990003609,0.1179707729508574,1.0148809665576932,-0.0028576532071882413,1.2530081646230966,0.2867399727477737,-2.666666666666667,-0.007011146874632994,12
53,EmotionalStress,240.0,0.023437785933816836,0.008633860529180042,0.853225652866188,-0.00010405298221084843,-0.09081174318451428,0.03444094936931731,1.0087525594335895,0.0007759724410731182,0.32396876195619767,0.018112034816830772,1.1330666574052253,-0.00013515184656023486,-0.40680196327730117,0.11156283271437392,0.25256629005069,0.0053696806353306795,0.9025481979313732,0.4768367720511404,-0.13363062095621217,-0.010304261315748478,12
54,EmotionalStress,270.0,0.023458122327256994,0.008721171852890544,0.8143693417000883,5.201897282138985e-05,-0.05441501100236188,0.04394246294549479,-0.5636279524229963,0.0016817820827331209,0.312201605941035,0.02204222286646542,-1.1273665467390939,-0.0005536796205614368,-0.2133297262202582,0.12189356330002395,-0.17137652529314637,0.005887345448570876,0.8866181994453856,0.4776343808138626,-0.0667037345965055,0.012349179154183088,12
55,Relax,0.0,0.3291692508543806,0.427455494857953,2.2745310365101,-0.015139844284899772,-0.0049526307641029575,0.09974916552772718,1.4052311400261979,-0.005136200071399737,0.1988608901116726,0.02493814031774026,3.2286946346166183,0.00025191931307836176,-0.1901560265204485,0.3081052477366494,0.32311312621022353,-0.013917790197671307,0.4883624031999353,0.9017128177448812,-0.6765405693047128,-0.038189971424473425,12
56,Relax,30.0,0.06812214468226162,0.05037429377600811,2.639788061935265,0.0017223364994103016,-0.119576003689319,0.04662845077773303,0.25761577281250386,-0.0026662064145416904,0.25474690227494473,0.06340571414453687,0.4219566883178399,0.003212384774062303,-0.37682656964742994,0.15417875057859273,0.45199034231747587,0.004824740593298634,-0.11697753926758686,0.7081353715903271,0.2374455144052519,-0.011738242825769274,12
57,Relax,60.0,0.08835418079390814,0.059244711693481104,2.790814286032339,-0.0012537187373998753,-0.18682849011442934,0.03118753230302952,0.249406097811152,-0.0017782773511273724,0.32584624294294107,0.040361255825170694,-0.09589341694126842,0.0015124805308318768,-0.22558368235530427,0.18548196871767073,-0.14361002425395875,0.004786178917119877,-0.19662169760175907,0.4647083911990303,0.4799138191337423,0.003107212819439621,12
58,Relax,90.0,0.02429018434680266,0.007076184349439867,0.24668382405699726,-8.999557881023326e-06,-0.235106525435598,0.025474971794894826,-0.002194681316895771,-0.0014593889868784612,0.39747473031195957,0.0633274655041511,0.22499504090297384,0.003305091312517082,-0.2146829627340332,0.2476500458126633,-0.4788259006077527,-0.009460901523345618,-0.4196431349295243,0.3833184780672967,1.1510310465157156,-0.0037977313041281796,12
59,Relax,120.0,0.023607180237600365,0.007510276624107024,0.9190575076918961,1.3037747200847618e-05,-0.27653578809821583,0.023409172524818167,0.14578871677906285,-0.001339621616187967,0.47250613711501094,0.04259826118490312,0.19806231565231722,0.0018282167872310157,-0.4694757109822868,0.26989065818024927,1.1133287923193158,-0.012575053942194893,-0.26034315006965,0.4776382238450477,0.3819803102473541,0.022547330117715668,12
60,Relax,150.0,0.022953826281025883,0.00728453586609278,1.0180390968274398,-2.4170085083495348e-05,-0.31451764711648816,0.02115634411196132,-0.015351653912705996,-0.001213296947549288,0.5448507645807669,0.059367479493482464,-0.17650134740384077,0.0031287932639671007,-0.6207211348002116,0.05399216633950356,0.21671812459092782,0.001501103845533742,0.23348826151990137,0.35620559496136617,-1.7888543819998313,0.01327868726256246,12
61,Relax,180.0,0.022409772712454114,0.007346925894622115,0.44231908641526113,8.427156121826981e-06,-0.3491454669950367,0.019844356304536716,-0.00646721623978775,-0.0011360821847221521,0.6034992440365716,0.02112970518861932,-0.35262723475578955,0.0005535168636128961,-0.6302559352787127,0.07608629246990921,-0.49553768278909494,-0.00044965857611912785,0.2812782569778637,0.3068334401662918,-2.3882010055953597,-0.007993769732062605,12
62,Relax,210.0,0.02205901223679445,0.0078231924508432,0.530917770913378,-3.0987069352097626e-05,-0.38133573012649635,0.018956728580133655,0.0490610841166485,-0.0010841813035698932,0.6181697130584818,0.02015133764864027,2.37028739285683,0.0005161945014363992,-0.560757664911474,0.12471424784220057,-0.3656108197355547,0.006498670014508203,0.32906825243582605,0.384965808130956,-0.5192376670957327,0.007542294365135477,12
63,Relax,240.0,0.027995088337161588,0.020939364686520506,5.768087364228779,0.000357880898592406,-0.4102204600144381,0.01628166220873928,0.1603291219929469,-0.0009240566262736998,0.6623214572385642,0.05130169218754907,0.8063048919077199,0.0024823409283992025,-0.35502005735328973,0.11654301889529671,0.028334814673949337,0.006260297201020237,0.6317382236695869,0.41387350113338267,1.1547005383792521,0.006294097762454605,12
0,Relax,0.0,0.03340622051950765,0.02512794368024383,8.27068512443923,-0.00040220645053426176,-0.8610979113341344,0.014223022726918786,-0.10969157991739151,-0.0008150312050521999,-3.2443993555941146,0.28842395018305733,0.034996126959948366,0.01637173646033646,-0.303018485761147,0.2471957076718918,0.06625179561964385,-0.00512008135396432,-0.1702771773220383,0.3910131214891741,1.7888543819998315,-0.012477267962784375,13
1,Relax,30.0,0.025697893941438836,0.008573332471936432,0.7705818925724326,-6.169195092326972e-05,-0.8824510152277428,0.011007783104491646,0.5806059943958622,-0.0005867197077684621,-2.8117556123172727,0.2191807975194614,-0.17688980567963267,0.012382020447189092,-0.3142887579891058,0.2575100708777356,0.6392975116655323,0.012590714770974579,-0.32765692287599013,0.13431741815137566,7.550956836887793,-0.0008454223619643616,13
2,Relax,60.0,0.02417678170370076,0.008970626329564024,1.0889000103946576,-8.487251754568244e-05,-0.8933969771068462,0.003056417667569277,0.11665319043410236,-0.00012764707891332636,-2.4648768404159522,0.19456005728001913,-0.08676684946917679,0.011029180266034456,-0.24292089440933362,0.21355128038609658,0.8074955087663971,-0.002627657678911626,-0.34514356127087364,5.551115123125783e-17,0.0,1.9738901557059088e-18,13
3,Relax,90.0,0.02170468135905571,0.009772847847578342,1.7184337808142152,-5.772594606289752e-05,-0.9010600708725571,0.006523285089305296,-0.13417722092714743,-0.00036924806463636806,-2.1359705920649463,0.18741212319242126,-0.013120218131738947,0.010554323771731633,-0.3418311731903147,0.1687980721276199,-0.1048642515453749,-7.12072289842628e-05,-0.34514356127087364,5.551115123125783e-17,0.0,1.9738901557059088e-18,13
4,Relax,120.0,0.020602205585875017,0.009228027393361342,1.9660934167894788,1.3475022948217544e-06,-0.910454438343016,0.004197163180901987,0.593183204852404,-0.00023296077588896293,-1.8501879903482388,0.15137062283484973,0.005774115980836718,0.008438063916723939,-0.37188160239683704,0.18343021290232916,-0.08784575384496765,0.0024087200957178894,-0.3976034764555242,0.22866746887660694,-4.129483209670113,-0.004635246743183912,13
5,Relax,150.0,0.019612735435606488,0.008501663928871743,1.8344135232919043,-4.4715252746970456e-05,-0.916908908248904,0.003246288523393241,0.039082320887989346,-0.000181073246429179,-1.6055224685240772,0.1492121548900895,-0.030865311310475107,0.008286338937760861,-0.2554359169664603,0.1825208726971683,-1.028977806864539,0.008965197282043055,-0.6249297755890102,0.4639729472036105,-1.0552897060221735,-0.013468452800949484,13
6,Relax,180.0,0.01998003232810329,0.008985588566339537,1.6228525678361927,3.9728904808302504e-05,-0.9218258130333896,0.0021687270451635466,0.22468377183939964,-0.00011828873198944423,-1.3610105510416848,0.1426754365549833,-0.32450398936725267,0.00784859581671071,-0.03382244147653906,0.10205377368365848,0.21109643722930702,0.003919961495883625,-0.5724698604043597,0.4322419706112962,-1.37549276990665,0.00865829108632467,13
7,Relax,210.0,0.022610037025832884,0.008153210961381248,0.7816898499370383,4.47972574868044e-05,-0.9252134625701323,0.00162979049966663,0.07250562213103566,-8.678788599404624e-05,-1.1295932451029467,0.12477135774795824,0.23872488556883162,0.006780308450190078,-0.06262376427225183,0.17284984573626305,-0.9163871313787271,-0.00740377803341175,-0.5374965836145925,0.40597632880315915,-1.6367758705650037,-0.012914555391386626,13
8,Relax,240.0,0.023626617965023234,0.0072403455184928515,0.6734422299471852,-4.7976550314838784e-06,-0.9278758397628788,0.0014473960667720717,-0.21661236443070225,-6.591078294605431e-05,-0.8894187343844149,0.14422134403653458,-0.028469577459418114,0.0076467545585976945,-0.18031528905220676,0.25663053602835273,0.43753635242459327,0.001488527200073397,-0.904715989907147,0.5234320777604865,0.13363062095621223,-0.006530158933793686,13
9,PhysicalStress,0.0,1.6761993298743392,1.0614607486514906,1.0986555451095645,0.017981480415290286,-0.9414108423431836,0.031180126991445265,-1.8599252645153057,-0.0011580127093891736,-0.42758855407143176,0.07110797823466725,-0.6152890691837086,0.0032743063962443293,1.0391556093272987,0.6092813675260949,-0.0661129017705105,0.027253512519840813,0.19694222897051614,0.6204677232886089,-0.7897058600565349,0.013964045220032043,13
10,PhysicalStress,30.0,1.7445894705138905,1.0367997556753599,1.0784140471118364,-0.002136362045853791,-0.9591722181043761,0.028438502221531606,-0.6578224115522195,-0.0006047754118380532,-0.36236554458846476,0.02750240762453183,2.0774328586002686,0.0008135045239741138,1.7741060808027422,0.425470213420284,-1.5659287409285414,0.020101219225330213,-0.1702771773220383,0.7209925713908611,-0.22826882356360703,-0.03195113478320485,13
11,PhysicalStress,60.0,0.848535465072265,0.9917352207827389,2.8036463395566975,-0.025374353311805,-0.960646784411104,0.004441776793869396,-2.5652085475555912,0.0001905611321457544,-0.354541948417684,0.0347102735206081,2.502151545246383,-0.00025934829332441273,2.160990382806074,0.3012522558737929,0.8629774798450406,0.00073619171660524,-0.32765692287599013,0.9084641037662788,0.2760127103706122,0.023117928725439267,13
12,PhysicalStress,90.0,0.6820582178585782,0.9070949041290761,3.6783151339433564,0.01795397893052694,-0.9571317748966474,0.001815488798569583,-0.23275673418840345,6.450991317155869e-05,-0.36632336264642656,0.026131798377355863,5.287005510427743,-0.0004919179986638693,1.9568927115981594,0.4471549111714762,0.4324888103366695,-0.0164609577495911,-0.2402237309015724,0.8502175503031407,0.19168261016928168,-0.002215589638251421,13
13,PhysicalStress,120.0,1.1249753704178582,1.130784970425321,2.188031150647578,0.004038203641945457,-0.9569238726653432,0.0017844605473330624,-0.7345810997982898,-3.325579932139794e-05,-0.3750045965614498,0.023849353212028433,2.9028964353008577,-0.00012672569015151184,1.9531377692228566,0.40698384394752274,0.22386136803177098,0.02202366553376206,-0.46755003003505835,0.38747802321619074,-1.33696902327603,-0.004518636762223311,13
14,PhysicalStress,150.0,0.8320933192830248,0.9973426313490763,2.9684588839312136,-0.02439267709398241,-0.9565898447322827,0.0015824615268150695,-0.6983096012783616,7.536669777621113e-05,-0.42883768163275904,0.07289170345522432,-0.4486034665632228,-0.0033160706345994767,2.43518176371351,0.3090366334512687,-0.5483674367805169,0.012014671690780986,-0.6074431371941268,0.45431619230284453,-1.154700538379252,-0.003935586857420302,13
15,PhysicalStress,180.0,0.589995452093983,0.3192308233760623,0.7895301573758355,0.009085017286832787,-0.9546446721675411,0.0013810095506612693,0.7429928191650251,6.102670883255003e-05,-0.5202718248983282,0.06135916942582745,1.1201807821073373,-0.0027589418758962453,2.390105030883316,0.2891665089590229,-0.2866972065372958,-0.010845744596810845,-0.8872293515122632,0.7036063556351516,-0.9339706067162256,-0.010465745791213982,13
16,PhysicalStress,210.0,0.80671254941543,0.37468679564058216,0.5932483733332677,0.003741968716681535,-0.8965314650826762,0.09786098297931413,1.9546099247275768,0.004334289992426732,-0.5703275454773763,0.032930016512891506,-0.7748528563859995,-0.0009583463867055185,2.289939111569062,0.18913879753178803,-1.015563848618304,0.008436953695097898,-1.7615772817292403,1.114103538027399,-0.10300071485594732,-0.053145906335006224,13
17,PhysicalStress,240.0,0.8593186446693617,0.3995241742124035,0.6011708012768736,0.0005037882697747949,-0.6129723248817062,0.2574343811684548,0.18640247809836435,0.01461474609930595,-0.6571041245094221,0.08750908034480534,0.04239351956425295,-0.004611522778169549,2.491535302894126,0.08657158157403028,-0.5549612583333713,0.0034970645207487794,-1.744090643334357,1.0433799761973157,-0.3126621155115418,0.040872492306617714,13
18,Relax,0.0,0.14996769121324857,0.3532096020937314,4.824107427808996,-0.007110585821784715,1.6358781939574618,0.10567338315759917,-0.025575116651222533,-0.0025147123044096118,-1.0460744306749723,0.02342001978739204,8.238567569831806,-7.058746455792092e-05,0.4619747917779453,0.9124698749081991,1.2566333275979824,-0.044617851280106764,0.10950903699609836,0.5199151370756762,0.2690691175985252,-0.02402165607788394,13
19,Relax,30.0,0.540439294804413,0.4083887477755409,4.726502134448388,0.0065645738880093715,1.468339764586506,0.1346051603312248,-0.12288258455708603,-0.007645347477066482,-1.0433751676063268,0.02004334548125052,4.300191226303014,0.0003833344119822628,-0.12898757906591224,0.3594897989091944,0.43580179333529484,0.0004256093894053127,-0.32765692287599013,0.13431741815137566,7.55095683688779,-0.0002623724571613525,13
20,Relax,60.0,0.8974026972953028,0.8507337496531358,1.8632542431423476,0.007733375616514097,1.1987856866379747,0.182013693311559,-0.1058571001328647,-0.010440414608825221,-0.9247780266718663,0.12852341805370732,0.3255407306631312,0.006697574507063401,-0.34434027621603874,0.38002355552166883,1.3937305231601507,-0.005151225098539833,-0.34514356127087364,5.551115123125783e-17,0.0,1.9738901557059088e-18,13
21,Relax,90.0,0.6781791707137653,0.8397997689720503,2.3092670762629486,-0.01828027410134185,0.9097637899968295,0.1587907863278572,0.17118270348483006,-0.009091667514186077,-0.7347508021986258,0.10982272529028055,-0.21765474598530354,0.005690831571160547,-0.47079297019822874,0.17580630803055772,-0.1015780198604478,0.004118071223313698,-0.34514356127087364,5.551115123125783e-17,0.0,1.9738901557059088e-18,13
22,Relax,120.0,0.025681250598948213,0.007888121325874561,1.7353005218775688,-7.496361348049214e-06,0.6122095192034133,0.1881066652442012,-0.11265757506687128,-0.010812631415086559,-0.5720336985998702,0.11922383758494744,0.12334245303165198,0.006439336169449973,-0.3243055677246133,0.16907872578660768,-0.6891300617847308,0.004107699052813521,-0.34514356127087364,5.551115123125783e-17,0.0,1.9738901557059088e-18,13
23,Relax,150.0,0.02222634111381068,0.009871044909582957,1.8468288246346711,-9.283464833419178e-05,0.31000304474899615,0.15824299840839426,0.28607806372238803,-0.009082406533903591,-0.4050442427517621,0.1107991753883241,-0.05425493962338875,0.0058778875654347295,-0.3668797316515462,0.17229490395744143,0.20417370500657614,-0.00689261140003297,-0.7123629675634281,0.5004356959764632,-0.6289709020331505,-0.018978274401337904,13
24,Relax,180.0,0.019231919331825154,0.007927882732008187,2.2066887067449295,-7.300765231924016e-05,0.07168413620612757,0.11801010435220564,0.11770401130068152,-0.006804412759735133,-0.2418474392982763,0.1030694931347318,0.1298275801517688,0.005477021691918309,-0.5296490782821057,0.17881630147052383,0.3718921130874129,0.0011773584539916699,-0.9222026283020305,0.5219695656040618,0.20100756305184225,0.011107100686497312,13
25,Relax,210.0,0.018747451907234765,0.00824224445817532,2.1834835429522608,2.3984414350861892e-05,-0.11317875767979459,0.09547107525950199,0.16289817146253724,-0.005500874859739611,-0.07097610527660538,0.09916158742099458,-0.026217225911194804,0.0052580687530005615,-0.37063467402684863,0.3341760147359264,0.5169708161942762,0.0098378176267308,-0.9222026283020303,0.5219695656040618,0.20100756305184092,-0.00953286594352917,13
26,Relax,240.0,0.0210652967531793,0.008585941734729343,1.145104599598117,9.692013645473236e-05,-0.2607356838959642,0.07550862206707934,0.16690436798741848,-0.00435004395825572,0.11212893638744718,0.10245251475720964,0.1176770559716193,0.005534229396443536,-0.4520171693013076,0.3588863694809238,0.8733856363071884,-0.016414765007767902,-0.8172827979327292,0.5219695656040618,-0.20100756305184303,0.009008121029206473,13
27,CognitiveStress,0.0,0.2390703576635655,0.2195953435203111,4.0444359700659565,-0.004599315073958291,-0.5763407318315167,0.022053038344877346,0.3016583995967148,-0.0010746694712710527,0.46732440912540507,0.0551773693547342,0.8752200446587614,0.001398922420077851,0.5082940968964861,0.1994191183583529,1.1355191272932563,-0.006935951931133991,0.9838521640712353,1.0982017267560626,0.062192834640854136,0.04268018990448145,13
28,CognitiveStress,30.0,0.10887409393880344,0.06428597792757686,2.1171456467135887,-0.001181067850982669,-0.4471082002834504,0.1971147650782788,1.0399589372430378,0.010027325084530605,0.4825747748310304,0.04702998744776644,0.3855638648645783,-0.0004353022527392695,0.33552209779575526,0.15566961130696685,-0.7739436028101049,-0.0031202041511404553,1.840702248562369,0.5839334810867215,-1.1291214653146067,0.010291012322215487,13
29,CognitiveStress,60.0,0.6058041077266909,0.6694928326685924,3.222021282696886,0.019512254027270953,0.2594612846440053,0.6841668382759813,0.6084571848187054,0.03815952438476717,0.4669979637188633,0.04800425764306496,0.7361473881287994,-0.00045918371258477477,0.10264597322074805,0.25857728507347555,-0.3684924318438226,-0.011010766138110013,1.7182845724672242,0.38152705793733527,-0.4172094534957666,-0.006355358735956081,13
30,CognitiveStress,90.0,0.585560586950779,0.642267348997579,3.1368605091070556,-0.013223917866068503,1.3478853629374048,0.6531561029640701,-0.7620310144239587,0.035328674264660125,0.45062685801616076,0.04460330428617416,0.9758861908546357,-0.0002215505060469293,0.018756552961386088,0.19916884267725285,-0.6525103451331329,0.0008724478685460447,1.3860336398225972,0.5004356959764632,-0.6289709020331528,-0.016820989753566787,13
31,CognitiveStress,120.0,0.25210739471255894,0.20039140548842574,1.3616743579881887,0.003376891949146001,1.9678521456037907,0.1443053797467371,-0.893270712695352,0.0062492718258515545,0.4300128639673518,0.041325513236542016,1.40408812901898,-0.000712402288352676,0.10640200461646068,0.11117647331523677,-0.20328327424286693,0.00046371027687538746,1.071274148714693,0.5004356959764631,0.6289709020331512,-0.015246755010598651,13
32,CognitiveStress,150.0,1.2673519699352822,0.8860732790170727,2.3358150278357344,0.021683324852362327,2.1802598631216368,0.16937072315001514,0.19054918331946413,0.007525767884549929,0.4204656629481288,0.03520788138440275,2.24909289945647,0.00014064536458754592,0.12643889114870716,0.238336890835655,-0.2553198670336412,-0.0015110235355657077,0.80897457279144,0.41528465250635765,0.8385682958704906,-0.008162698667242108,13
33,CognitiveStress,180.0,2.0999250570782313,0.7199452833223492,0.5493099872302181,0.010799369008847624,2.335078169647599,0.1630723985989566,-0.3052555562183458,0.0050073256772218125,0.4188766785402553,0.02739323462472561,0.9181100850097282,-0.0004147713972903474,-0.008783684199001681,0.3580182079665551,0.08750889537534491,-0.0051599233426963724,0.7565146576067894,0.4855495080159006,0.1790896721696229,-0.0004372874286022644,13
34,CognitiveStress,210.0,1.7459358139687826,0.8345899600930751,0.39744931968623215,-0.03690331030314944,2.4835132105954103,0.18416326636439892,-0.41080250638120475,0.0065432789096672465,0.4140772071156305,0.03890575994161353,4.837916980895494,-0.00019593815652842566,0.10014340431748692,0.3829335493690215,-0.18332138572766296,0.016087221921454946,1.123734063899344,0.6117824836987246,-0.3631734744194318,0.007871173714840604,13
35,CognitiveStress,240.0,0.6057252185589886,0.6584581441697169,3.6847730503846967,-0.010271271396482026,2.463555360556088,0.1598380706706267,0.5288224133408401,-0.008702652831418663,0.40667133910845155,0.03635078869942813,6.358655318159151,-0.0005676422061690379,0.314242638975162,0.1737477002089603,0.6960666791548734,-0.003218813300194566,0.8789211263709741,0.8386297165095302,-0.30823869904089257,-0.01924064685849927,13
36,CognitiveStress,270.0,0.49286323425443895,0.45802957786914295,2.4108099180566147,0.010822842529520833,2.207901612192678,0.1471053100315541,-0.6625582065172297,-0.00809457402576275,0.4004920128178754,0.019449262045430873,6.664268836907401,9.971373306940494e-05,0.19404963431235622,0.13910770266645736,-0.48743771315307577,-0.0028634470889183543,0.80897457279144,0.8059045089082538,-0.17211415350007248,0.029618935163992798,13
37,Relax,0.0,0.7613527999060772,0.6073473131040024,1.6130661313031258,-0.024343707387272675,1.3102650349271028,0.11462968992582798,-0.09766378513130917,-0.00659345428062329,0.7801691628720662,0.01930032615446839,3.5951923189598385,-1.1446591083721873e-05,-0.44575747998192305,0.3625277521585162,0.7842182199108348,-0.017030827999450257,0.7390312213064659,0.834250703162404,0.33837382051312676,-0.04384566246299973,13
38,Relax,30.0,0.023090658293662948,0.01089148210975432,0.8937876521712926,8.077252691118851e-05,1.1024984579599508,0.1236191233345543,-0.02231507290253165,-0.007132241636549608,0.7774682079876788,0.020814943589044538,1.3756750269589006,-9.820822337709401e-05,-0.8163663719507738,0.15846976219943826,0.14584460740506677,-0.005479120399289516,-0.10033062374250411,0.44376113439056314,1.2609766499825616,-0.018774206934656857,13
39,Relax,60.0,0.020223480333522358,0.009904705080638935,1.0707442253937227,-1.0945840628415647e-05,0.8878781391340612,0.12301229578940917,0.04297048138378802,-0.007097740418880875,0.7751374904098439,0.022372200273599215,1.2012087997090344,2.6720071194451815e-05,-0.9515856802372511,0.12152261535254497,1.5558505468571517,-0.001471766150177089,-0.34514356127087364,5.551115123125783e-17,0.0,1.9738901557059088e-18,13
40,Relax,90.0,0.018267961773862546,0.011459224285638685,0.8187380649830787,-3.0807084422178603e-05,0.6896578820114334,0.10611127720350204,0.10729014259855996,-0.006118162241241357,0.7783997247538619,0.011579442406292894,-2.7124882129546,0.00020134035448475548,-0.9077656769607397,0.1393371693241994,0.7510429169182392,0.006746420622330458,-0.5724698604043597,0.4322419706112962,-1.37549276990665,-0.015946414896362265,13
41,Relax,120.0,0.018626900193277337,0.010437542502444457,0.8813994395144886,1.3701620590325136e-05,0.5151659116761198,0.09638513520298987,0.05800900493559703,-0.005560323512890274,0.7835468472764239,0.014938406430629067,9.055950198487885,9.569371911114614e-06,-0.7800551644044563,0.12291034159455085,-0.46483309525844013,0.002872172566149901,-0.6424164139838938,0.47278644633739925,-0.9616447378919024,0.006326091467112643,13
42,Relax,150.0,0.020137327060338946,0.006292731195739507,2.9072645128935632,8.792618591283355e-06,0.3469511363563926,0.09728625443674109,-0.04063977423527539,-0.005613440226701237,0.7843657352167754,0.016685049286316256,7.187086924683282,-8.720061771441366e-05,-0.7975818588905684,0.13978139530927067,0.2598491021442351,-0.002112453288278786,-0.48503666842994186,0.35665884161060796,-2.1572774865200257,8.16208084818249e-18,13
43,Relax,180.0,0.02155089107679597,0.006171956015828042,4.428768677142774,6.476920703727772e-05,0.1825991236002735,0.09229599569417864,0.07743762058314788,-0.0053248385222037925,0.7935282327659288,0.03429841225952226,4.929502378652803,0.0007427504213274618,-0.4958349945369976,0.4385351527261318,0.5357460930888303,0.016520999417823378,-0.7298496059583115,0.5056027973493176,-0.5533715710928602,-0.010378288305493541,13
44,Relax,210.0,0.02226804310431858,0.00807399165275971,2.782751757551338,-3.0642261278474593e-05,0.0325919500369981,0.08113276751245624,0.13113206375596861,-0.0046765388552879395,0.8438242877675606,0.06438488606988746,0.8285078523161596,0.00276584309680791,-0.4044389565882628,0.3569553934662504,0.8562796214699995,-0.017504779728065783,-0.6599030523787772,0.48080306456924954,-0.8728715609439703,0.020639966630026485,13
45,Relax,240.0,0.019831602506148883,0.010125310796438105,1.0613594445231818,-9.594596009325264e-06,-0.09315422507704035,0.06371278802189671,0.2089772170165919,-0.0036651099072629685,0.9236565620519303,0.06069957235793905,-0.40642912204517095,0.002708203792043209,-0.7900687070787326,0.143953668518722,0.5436930807850558,-0.0070296482334572235,-0.15279053892715475,0.40597632880315926,1.636775870565002,0.0066759214099944425,13
46,EmotionalStress,0.0,1.6188894790151038,1.217576413098461,1.9749387401860299,-0.02714837328724574,-0.2935912332676131,0.03372267412488363,-0.5382972945006608,-0.0011346395668383022,0.9798094380990258,0.024472501517469165,6.904952758210036,0.00029706856492312396,-0.012534270492661863,0.5449293269436107,-0.6947811080823777,0.021581042734632086,1.071274148714693,0.9734577734926325,-0.7471603458697961,0.04603178998419747,13
47,EmotionalStress,30.0,0.7347566383137466,0.9140096953842435,2.8028619446528644,-0.01463678184662731,-0.3343944366853362,0.026136508824716638,0.11267757591802625,-0.0015031353440085728,0.9797806690606107,0.024472639805008127,6.908468347960488,-0.00017087256906738563,0.1226850377938155,0.37323038372892714,-0.19053605555469025,-0.010497587888257552,1.1936806174788785,0.7029541636003864,-0.8758297644521619,-0.033175539583291155,13
48,EmotionalStress,60.0,0.6066505723400504,0.6551902127377698,2.2520164861793734,-0.01602125789907151,-0.37342701016719826,0.0189774413371052,0.2375949044071967,-0.001085287905326777,0.9749642838758958,0.007226638793660113,1.6649505909919953,-5.965784180830388e-05,-0.3493486810837927,0.4308889025980196,1.0277980913483173,-0.01165585414113249,0.7565146576067894,0.5219695656040618,0.10354935066307018,0.004576941752703598,13
49,EmotionalStress,90.0,0.3025702632878492,0.47176291904880696,3.8998609820350625,-0.006604016277082425,-0.4016097827393213,0.01402933397398049,0.09840269760442479,-0.0008040346759326287,0.9625651282163188,0.03510164045717263,-0.9355274366360414,-0.0010289402204716569,-0.7700339985873071,0.1993947070484591,1.2027757466891258,-0.00452073583925827,1.001327595135159,0.47278644633739925,0.9616447378919021,0.003469146933577893,13
50,EmotionalStress,120.0,0.15014863060375647,0.05198729414902132,0.7588849010747593,-0.0020060154200438377,-0.42258873696766247,0.010756845132056011,0.18061408861438974,-0.0006136643128558868,0.8947281642842165,0.07191311905930156,0.05790241205017512,-0.0035872987866211207,-0.7712852830389377,0.15774758751002052,0.6190591348570997,0.007950260518456794,0.8439478495812072,0.5234320777604865,0.252943675381401,-0.01819115702985385,13
51,EmotionalStress,150.0,0.0477790660920649,0.036939388318587445,3.351120970595384,0.00028151219316042156,-0.4404572332860958,0.01025506081452448,-0.0653063922169846,-0.0005870737257701782,0.814814665316624,0.04549067291773342,1.2643756485344166,-0.0016052121955543077,-0.6285571790222663,0.1354212274229384,-0.00016860831404986226,0.0033000913203156262,0.38929525131423504,0.4808030645692496,-0.8728715609439687,-0.009095578514926927,13
52,EmotionalStress,180.0,0.04732502912912354,0.044573185972399426,11.417432952464052,-0.0003655141164423992,-0.45666042427601033,0.008886326736338173,0.11608273715356539,-0.000505695641051594,0.7802658249974185,0.028748717477024555,2.81047356258356,-0.0006260087630000572,-0.5446666697424938,0.14474185556745847,-0.8768354121409122,0.004316525903027146,0.44175516649888563,0.45431619230284465,-1.154700538379251,0.009591170934009475,13
53,EmotionalStress,210.0,0.058307456715782253,0.05574727358240731,7.0242275038226625,0.000193214848405742,-0.4696548878678534,0.006894665490665839,0.3466001799986031,-0.0003873324271917283,0.7165428255157978,0.07048630828855708,-0.6768920021233998,-0.003396531079617428,-0.4707973262798706,0.1641882787198309,0.10278542055663888,-0.002619910776841924,0.42426852810400206,0.4639729472036105,-1.0552897060221724,-0.006413548952833101,13
54,EmotionalStress,240.0,0.18755911960564925,0.06546209366695173,1.5204684364423249,0.0007693904209258574,-0.4787230074583591,0.0044594576663782035,0.11897381512391884,-0.0002474826917320597,0.6283132694398107,0.05800140604999433,1.2425548947087044,-0.00246287770076021,-0.5509328931843409,0.18996479667959426,0.6860736071482674,-0.004657008331044056,0.16196895218074905,0.5243076268715918,0.06670373459650684,0.0021281321525309796,13
55,EmotionalStress,270.0,0.23303930826428515,0.08866995918452002,1.0211773850102648,-0.0003955864638526166,-0.48693992495261695,0.005450496182125332,0.08149351019054138,-0.00030595143909586275,0.5885590042476543,0.018924589847037012,4.164931009863158,-0.00036377032047474073,-0.6197981878608523,0.11827812976957278,-0.19753212785307864,0.0029264262981745057,0.45924180489376915,0.5199151370756762,-0.400559908099161,0.012477267962784366,13
56,Relax,0.0,0.2985413808297089,0.5545597467538912,4.274349434416731,-0.00921953228764297,-0.5035518539121602,0.001693883776317293,0.7359468490971477,-7.966707052112236e-05,0.3971363470657649,0.01492613875374031,6.141052621746374,-2.877784567682542e-05,-0.5496685404877848,0.37385126891086684,0.7081613667432002,-0.015391917943661917,1.2286538942686456,0.7038236186805135,-0.9938079899999092,0.007754563733880007,13
57,Relax,30.0,0.05666528333713629,0.028836233125114047,0.6124678216202968,-0.0003265101067619689,-0.5056509522291713,0.0013868717991220522,-1.3369976372273313,-5.868208482598555e-05,0.43121211886844846,0.06263474768931496,2.3292445962027593,0.0025155196781317096,-0.7337260581022211,0.1681407911996814,0.5592791303727659,0.004785924261501877,0.8614344879760909,0.6860024066298208,-0.16367672241057754,-0.03472062183101914,13
58,Relax,60.0,0.02562289843511969,0.01611199691808699,1.405843082942145,-9.289177021505797e-05,-0.5079967837083731,0.002246136119025229,-0.17437137967194305,-0.00011307506759118169,0.5263377532261714,0.08039061070154234,-0.38536939903044026,0.0038673952522127377,-0.5822313397812625,0.18137629150943543,0.4334347226511761,0.0017912391685969533,0.02207584502168065,0.5004356959764632,0.6289709020331508,-0.023875893601683185,13
59,Relax,90.0,0.03184549989465994,0.020652231560302842,0.5192869845312508,0.0001830585112899508,-0.5106076740319467,0.0017307491026492124,0.9523997385829343,-8.03191145337434e-05,0.6124809018042184,0.04866922649049464,1.80287736546577,0.0019816449858889073,-0.7212045014226319,0.23846723367917694,0.7366994567429704,-0.008752054897210333,-0.5724698604043597,0.4322419706112962,-1.37549276990665,-0.007200666324317145,13
60,Relax,120.0,0.032314691312691,0.013849868022901632,0.9905388865042417,-2.0680510845618897e-05,-0.5120155554472541,0.0007250438580907235,1.0550666986588058,-2.0547428425455246e-05,0.7085170375869125,0.08360887619847057,-0.2791104281924899,0.004241085045457688,-0.9428201549533743,0.08725565059281669,0.6961056380559366,-0.0031060756318279452,-0.6424164139838937,0.47278644633739925,-0.9616447378919033,0.012506420458024529,13
61,Relax,150.0,0.029749354180158456,0.006823503714908152,2.1753705661155407,-1.677145510784748e-05,-0.5122917877994724,0.0004666340101954417,-2.0682090309232697,5.5516939226300285e-06,0.7937873153550873,0.03378701611292115,1.4596431730744681,0.0011037971654882656,-1.0392354879739674,0.09183365194198749,-0.5329792972029262,-0.0038095313767390836,-0.8347694363276127,0.5234320777604865,-0.13363062095621298,-0.021223016534829484,13
62,Relax,180.0,0.02821934470668387,0.00893494908233566,0.250868047629378,-5.08812141669416e-05,-0.5132733796558202,0.0016655369822418057,-1.2417263048453966,-6.893822277396867e-05,0.8786579968626548,0.08262717699294693,0.2693715327233471,0.004304120323859868,-1.1243827268074225,0.09609619114081724,-0.6543568615831984,-0.0010332882250628213,-1.0795823738559822,0.4808030645692495,0.8728715609439679,0.0031484694859362445,13
63,Relax,210.0,0.024533227756235603,0.013705338104770487,0.462390916454458,-6.770798807488125e-05,-0.5163243799130316,0.0028485284680127725,-0.09996495336659716,-0.00014730885920809307,0.962078026944667,0.039079121193621634,-1.2769634570765678,0.0011570018084149799,-1.0592723745062138,0.12888150232338996,-0.36944852084202173,0.006448156722724325,-1.1845022042252842,0.4196793214772049,1.5000000000000044,-0.008395918629163307,13
0,Relax,0.0,0.20598047758457472,0.17130170106885298,3.0422234986384296,-0.004763962145713978,-0.337133886209911,0.19934077285617813,0.6054474223922514,-0.011206006093728845,-3.963939164770963,0.3787715145141179,0.024043940956717105,0.02152137633289481,-0.5958808525545837,0.12564848534346953,1.6052741666927335,-0.002645066378086767,0.4702183214089775,0.34961214885588004,-1.1547005383792517,0.007111534074630528,14
1,Relax,30.0,0.06807833491819129,0.12344933396313194,6.844890239118076,-0.0025905644614406184,-0.5712419855428218,0.07983899286748587,0.5647035290295098,-0.004509699306460645,-3.330103760636277,0.35749459736887435,-0.1509964240781286,0.020220168222531486,-0.7023346445759688,0.1138852796964188,-0.08355516432240888,-0.0030705136355915334,0.7797376843487354,0.27450748662262514,2.1572774865200244,0.004846527518507361,14
2,Relax,60.0,0.026746325104056164,0.012193199545676048,0.8862189117488791,-0.00023317690363772552,-0.6724587497301776,0.04072081447287116,0.41629039733632145,-0.002321313339211647,-2.729534247085442,0.35689742285787507,0.3866192500511767,0.01976984492802851,-0.5973391236781643,0.19851242930190538,-0.09609373657968394,0.007820936156530466,0.7528267875336855,0.3519771569190573,0.5075135035848953,-0.009333476805758089,14
3,Relax,90.0,0.021559467193523123,0.01582413694094929,1.1480700705023787,0.0001336253067594462,-0.7251526337963144,0.02138489135563552,0.5186183774872131,-0.0012084018120271803,-2.111264157042253,0.3966533224508638,-0.1290325219821102,0.022233221119028975,-0.38443153963539367,0.1341213105827056,0.9615421916343107,0.0027836406276740425,0.4971337361283028,0.36383175280522817,-0.8141484280888442,-0.008143713892615709,14
4,Relax,120.0,0.024418364857768934,0.018448535113193568,0.3430280397808108,6.576301760291004e-05,-0.752417503926515,0.010847410155691461,0.3530764944986405,-0.0006153822641607844,-1.534486306949683,0.30472038754013275,-0.24260031382499492,0.017111781614166495,-0.45151201132010216,0.16761239137856265,0.8902924218527872,-0.00437846006152047,0.24145649738788422,0.4027992323107785,0.13363062095621164,-0.010992592102741203,14
5,Relax,150.0,0.02989814368583624,0.009086959063018114,1.2661464482761815,-1.3781573219950114e-05,-0.7664074977619403,0.005976826702730701,0.605796023580265,-0.0003310378311800283,-1.0500767033477756,0.27476758824161523,-0.10664712500550431,0.015240171958839453,-0.35526611716378126,0.2497818797657049,0.7824933773313316,0.007782038121558602,0.2683696531550716,0.4036973365078118,2.1093691528401055e-16,0.00363428555233484,14
6,Relax,180.0,0.029868960610684094,0.007777293560600159,1.723580791061017,7.179605298867405e-05,-0.774124434850936,0.0034860583726617975,0.4736842557113725,-0.00019214588326412277,-0.5979208768710199,0.2569656476414406,0.05782727168544708,0.014219019611414065,-0.16569087109830066,0.15445975799949077,1.297685603796422,-0.0014513829298876855,0.14726045220272813,0.38510271480241,0.6289709020331506,-0.01433523745643189,14
7,Relax,210.0,0.024780496341314465,0.013263533085476729,1.03355836408386,-0.00031603189002112053,-0.7635792655681389,0.01737101824656305,0.7683424473132966,0.0008658405556357563,-0.2121408202888696,0.22078714088378568,0.0923214063625669,0.01217323421311949,-0.1656908710983007,0.12927719501327808,-0.4983750602024927,0.0001482987583302333,-0.20261057277070874,0.22315209901037578,-3.0151134457776356,-0.0019068782219040835,14
8,Relax,240.0,0.014928309844433666,0.0167685293646626,0.9902592187833412,3.295276243457198e-05,-0.5805435353030989,0.22075244448510076,0.8785237167244799,0.011366770994062147,0.11912429343848402,0.21421009755937923,0.0473534483752383,0.011768186208618062,-0.11027656840223712,0.1621962016230665,0.09808829069466608,0.00039141147690438484,-0.09495794970195895,0.3736472741878355,0.17908967216962296,0.013078941216118606,14
9,PhysicalStress,0.0,0.3682626298461236,0.578290814091498,2.8248356765861535,-0.01776510553925022,2.298924353310937,0.2868076220165384,0.6470907888929218,-0.004844250523464978,0.9306870251729507,0.13489833441405769,0.2708850645889695,0.006900526280876836,0.4351168318169148,0.30553825202842105,0.012698965352752663,-0.009104571310601984,-1.857927779102368,1.8262669863456902,0.286488954943748,-0.07605579146510938,14
10,PhysicalStress,30.0,0.22063705286197136,0.18889715071035362,1.5198741604592836,0.00666413645173091,1.8193963622800837,0.4404089051506827,-0.1564815190035192,-0.025200086711448976,1.085042035990777,0.07850832238042914,-1.4536763225067233,0.003142857224106623,0.23970850125711166,0.1691280191582963,0.8819634600424676,-0.00011426297772985537,-3.1498496140128682,0.8705349725743144,0.4132945478003335,0.013866235307459831,14
11,PhysicalStress,60.0,0.3916232434697978,0.21510700432475308,1.7291290840832119,0.0028396903555391703,1.089195587491117,0.3973156845906125,0.2446514041015747,-0.022831900881900062,1.1242012765700455,0.02375605593737005,4.885127817175073,-8.671389396288382e-05,0.5094886591195263,0.36086244160913067,0.600615913709829,0.016638634459214947,-2.1943241545751104,1.2015489371138806,-0.25202749862184626,0.05395976357260472,14
12,PhysicalStress,90.0,0.4414104589914113,0.21453911820398627,1.7667428822573024,0.00032283325180798155,0.4934308426328001,0.28942903310556367,0.1653429478905791,-0.01667125883715376,1.1167558099169483,0.01832120908437181,-1.4392295075499073,-0.00037982212214578994,1.009675654507679,0.40422002431768644,0.08382715452315931,0.01944172410437491,-1.7098308769622967,0.6823745832007174,-0.09477387857425291,-0.025330928949463545,14
13,PhysicalStress,120.0,0.44327335247475036,0.22471794001800513,1.0816187000965225,0.00024099708311622718,0.07808835345654011,0.19242548539929558,0.36927339161514894,-0.01094845753498916,0.9944695111312831,0.13938387985453551,-0.3422145746015288,-0.00716174231396951,0.9644692496766795,0.37961012980294473,0.7756898497137495,-0.010886587537750528,-2.0193841241841164,0.3806094989221618,-0.7071067811865496,0.015613967558179342,14
14,PhysicalStress,150.0,0.44256451447919043,0.22918965174339534,1.023829926087691,0.00020785315987424986,-0.16578803728792835,0.10192513669210239,0.36897710418676977,-0.005730219969771222,0.8192086470670287,0.10320062023185078,1.1726872295457407,-0.004629231810045851,0.9921764010247115,0.3677937861153207,0.5590170594552838,0.019339616762573765,-1.7502457896558292,0.25534204485263556,0.0007165883019108983,0.007673024590727315,14
15,PhysicalStress,180.0,0.6076470172706901,0.5675913084262231,11.606949075163454,0.009700429268584151,-0.28854882111696534,0.054313785388074305,1.0081840650382137,-0.0028397663164614903,0.6377068092787975,0.1444485719311994,-0.07103368035572526,-0.007404745143773221,1.9706763249473078,0.8152035577404998,0.2601058130712193,0.04268086887287807,-1.265741217282328,0.4708507104457876,0.3630054049507505,0.020732243441170094,14
16,PhysicalStress,210.0,0.7456162864439567,0.5787187711280011,10.486935224327903,-0.000520477933002504,-0.3534464995660093,0.027602647079706027,-0.5864414412256094,-0.0014844579335144478,0.38868089036451975,0.1675759888974288,-0.15075665087688467,-0.00862696776118582,2.861679981455067,0.5337252390531227,-2.089767369991672,0.021872851290116423,-0.7408736881144579,0.34961214885588,1.1547005383792532,0.009624126555257097,14
17,PhysicalStress,240.0,0.7221606627369872,0.37502695904048394,1.403023465947218,-0.0002804504939356906,-0.4097045050957625,0.038638652462158994,0.16196988340672794,-0.0022128242221757994,0.09157784589445829,0.2161292053494283,0.16048805324169185,-0.011761575425951454,3.181041357519221,0.22724712012058768,-0.11993696505403711,0.009583503366193031,-0.05458369814690216,0.7023349544224193,0.10945765487222231,0.036522461989609706,14
18,Relax,0.0,0.028391329724853677,0.012777334392285901,1.007843683692039,-0.00018252078438545604,-0.5244172515382479,0.028888569604098337,0.06032169383616936,-0.0016574622593904106,-1.0420997946637744,0.08005726884380747,0.7301378007740233,-0.0013531963340928275,-0.04319609671752859,0.9514042893452004,2.201166111794673,-0.04173029814325315,0.6182564907934727,0.4389713132788371,-0.0448611543210927,0.007313661019551566,14
19,Relax,30.0,0.027083724070584514,0.010331221894981249,1.2689877957753908,1.5656220759852104e-05,-0.5636615591142338,0.01855272860413703,0.7868559238180267,-0.0010240308971706854,-0.9724260633729486,0.11690463279998538,0.012701757028953648,0.005699081393609569,-0.394639437500458,0.3429759439355452,-0.03793276715501265,0.01374073085381106,0.47022961616966635,0.48051966386120043,0.1484835851318582,-0.019630212479676355,14
20,Relax,60.0,0.02764469256847717,0.009024502085601805,1.5409763851777416,-2.1745537259535132e-05,-0.5851882782516228,0.008066650044003022,0.4092871042551035,-0.00045556765222571857,-0.8498977460487777,0.05972100389367331,-1.531743453025969,0.002160339626564916,-0.21381381817646114,0.1685801785742631,0.9124331378191364,-0.0059757106225526505,0.16071703008632185,0.38907897945008424,0.5533715710928593,0.0022433861434165677,14
21,Relax,90.0,0.027996081378821577,0.008357404532848509,1.4534999792532088,-2.935207564748265e-07,-0.594045747256785,0.002846102547397469,1.1698437634391328,-0.0001396579169293895,-0.739939597201397,0.12396609988734729,1.351479002814826,0.005705852043828136,-0.11319311064939841,0.25623695173063543,0.5445119213294745,0.011983025898519947,0.29528280892225905,0.4027992323107784,-0.13363062095621203,0.009781163585296246,14
22,Relax,120.0,0.029683374665659675,0.00874812400746964,2.1803230227043464,1.7314378112667103e-05,-0.5960406706564416,0.00013867302180335574,1.6139928259253113,9.632396942698507e-07,-0.5768693072942991,0.1245882444500034,-0.7192471536429936,0.0058031393058626,0.06471596642743728,0.14993268294533413,-0.02984189535593518,6.5640434015022e-05,0.2549130752714779,0.4034729978761456,0.06670373459650707,-0.010431745566887054,14
23,Relax,150.0,0.9696882888040641,0.6769230676523048,1.405563355377753,0.027595160608885862,-0.599106003474725,0.005878510366457573,-1.4044645695789186,-0.0002429222602962838,-0.36624711802957616,0.14389205736202398,0.3027021241757339,0.007584675371050367,0.08950657552830779,0.12134358052313084,1.1539494323120414,0.0013419822065293173,0.039607829133978305,0.3326252656880468,1.3754927699066493,-0.008771639820758795,14
24,Relax,180.0,1.1881792116977337,0.5633930311448417,0.9503793703673822,-0.024773373595618157,-0.6060712761938121,0.006370571555308317,0.8941916884408061,-0.0002843159868602813,-0.19471726329754108,0.08166165364659,-0.8186028120070319,0.003232803499008077,-0.09131904379568909,0.268337737043762,0.1851504690974948,-0.013478169117750974,-0.08150137181836523,0.2013996161553893,3.4743961448615157,-0.0042624336724914865,14
25,Relax,210.0,0.02921110789855421,0.011920650913924876,0.3897920236228981,9.60098846519568e-05,-0.6071639159712013,0.003245853406891401,0.004336777351105466,0.00015234036961501643,-0.07412444920890711,0.10860529653860858,0.6075668601429829,0.00497515019722478,-0.248812325142396,0.12057001170782498,-0.4420089636171745,0.003432751586267024,-0.13532768335274012,0.0,0.0,1.806271349007134e-18,14
26,Relax,240.0,0.031927564759264594,0.006496582122502735,2.477022036597252,-3.448648671161603e-05,-0.6041869221408284,0.001558290464699133,-4.139372698913516,2.092381467430581e-05,0.07349964421446814,0.10040127622635796,-0.615375641104655,0.0044535239429988665,-0.10298521278433403,0.09218303781497364,0.10774225897731023,0.0038314564447286324,-0.13532768335274012,0.0,0.0,1.806271349007134e-18,14
27,CognitiveStress,0.0,0.13579517943578814,0.098348593859985,1.330292412819112,-0.0029381626146990627,0.08737296123927726,0.4665734749473209,-0.05041274108560353,0.026488186827917887,0.19033750626727874,0.061688831126587025,1.822599419773609,-0.0014934528484865034,0.30241415957107837,0.19543009458844546,-0.6185529203046527,0.0031896388676928653,0.2549130752714779,0.40347299787614554,0.06670373459650705,0.009938200615335407,14
28,CognitiveStress,30.0,0.05847127137029157,0.04550274857973637,1.7137966600946908,0.0014999299588017555,1.0392638829183798,0.6049945666820395,-0.06442294523673757,0.03344313262082902,0.1593981826081586,0.038164494062148786,3.534661983125751,-0.0005445003681485321,0.42199239170468916,0.2763645011990831,0.3397418488590402,0.0007779606994372833,0.34910912045663395,0.3955409939859096,-0.4082482904638626,0.0028266665407048752,14
29,CognitiveStress,60.0,0.07257570344274758,0.03820575813241997,0.6082489219709589,-0.0008096515379460411,1.8342751515842943,0.36764095676830844,0.4231576853536762,0.017777229199536837,0.15000200927071336,0.02685114533928279,7.581985820947457,-0.00022798283087830867,0.2674156526051435,0.3553636482752642,0.6467936363146778,-0.014591625368820596,0.4298485877581964,0.3699947204798213,-0.8728715609439708,0.003948359612413164,14
30,CognitiveStress,90.0,0.05444902031192219,0.034884459494236235,1.6904416961357427,-0.0008996305108266984,2.264329684974882,0.3911266144475484,0.49024223233831365,0.016562119965653002,0.14590290384294882,0.00011653453234174696,-9.215471848468116,-1.2004368991602867e-07,-0.08256941705420534,0.19556062789561093,0.8716847842108165,-0.006442487042215023,0.5913365581698719,0.3815808692614041,-0.302829341619826,0.004621526094091389,14
31,CognitiveStress,120.0,0.04329708921676561,0.01796228223336964,1.139141502307967,0.00010730880196488199,2.420299921639758,0.2790463486438444,1.2349292465355508,0.0010558571932096194,0.14793026557509933,0.026170353162294872,7.902877061482883,-4.4071643958286074e-05,-0.20798073368213865,0.10166147596589253,-0.09562921842487539,-0.0022366370108821954,0.6182497139370594,0.3570651545423053,-0.3147928855063125,-0.004173451420021103,14
32,CognitiveStress,150.0,0.3204183521923242,0.3614609290791401,6.367531832720357,0.0017493505670137367,2.3335539366083027,0.19689857243066838,-0.09878054960279599,-0.003994202448660424,0.1343582286990778,0.04369714031271166,0.8382467969485539,-0.0008453935650779531,-0.25027059626597664,0.08821033690589203,0.45462083054322777,-0.0025210788916139528,0.6047841002449146,0.22315209901037575,-3.015113445777636,0.005496296051370593,14
33,CognitiveStress,180.0,0.18180229373785517,0.34725306885925744,6.763692049618651,-0.0045707651214838396,2.00925730339485,0.33951745577929576,-0.13566849744555595,-0.01824790598605363,0.09710628053340935,0.06960978111473858,-0.4010737928199977,-0.0010990857673107918,-0.15985778660397817,0.21397861714888997,1.0975059715299678,0.010334721666587197,0.201086763737103,0.6640245131778946,-0.9009059530897909,-0.03246179749523778,14
34,CognitiveStress,210.0,0.11669828504377143,0.07002825812772687,0.5122672180180765,-0.00018245909962200937,1.485065055522413,0.302380992960363,0.24801354963309943,-0.017148611648643886,-0.016247985689964276,0.11908743415780795,0.2851468356187886,-0.005336620574115046,-0.07090324806556042,0.21003154542059696,0.5721461454947597,-0.0010599714529833007,0.28186463322500704,0.994297139908001,0.17596628518837848,0.026047855959908904,14
35,CognitiveStress,240.0,0.05947381610375145,0.03652928804404876,1.9773730298146526,-0.000918338310461749,1.737314899282811,0.5413135573704332,0.1796935149038854,0.022650345146683144,-0.13840206287176307,0.06669479159566445,1.8400566099003446,-0.002032998638263756,-0.1948562935699131,0.18821868729047356,0.597895162325462,-0.006726928922946782,0.7528493770550626,0.7176867932802243,-0.4810432426845359,0.004305798774793622,14
36,CognitiveStress,270.0,0.04308394275002078,0.021798798745181105,3.3691150498180455,-0.00014347629038190994,2.0338060580065163,0.2972813941632051,0.2447487862946684,-0.01304282457145493,-0.1849280088596359,0.04873692061769926,2.0175031810615853,-0.0008937365008471151,-0.321725881321427,0.13999402786373952,0.4531249999999987,-0.0021928767215388463,0.564418884498409,0.3446685554751604,-0.7462709332089358,-0.006550943624486928,14
37,Relax,0.0,0.055862453013055306,0.09472443217457692,8.96520862523572,-0.0012098853699264158,1.0897237391084247,0.38399227211098474,0.2991306526875373,-0.022017984372053316,-0.26648012469479526,0.08457614536341908,-0.7143115893184894,0.0038203847864052625,-0.1292340930087852,0.36990679052709524,0.2407002897900536,-0.017868784815200156,0.4164304120609431,1.202115923869546,1.6126165935990826,-0.04072073865968523,14
38,Relax,30.0,0.024705104322470972,0.012771623509926682,0.6184029173084203,-8.718246968200776e-05,0.5484365963976792,0.24636458069635517,0.2431120358678005,-0.014164505046975641,-0.1812457969212415,0.04662094529715865,1.6733951020682936,0.001419017474597088,-0.48359397603887583,0.21540495895376585,0.002898595405733997,-0.003245554792964924,-0.6736269419306905,0.8803965197313616,0.31417185853334506,-0.04320936453058076,14
39,Relax,60.0,0.0250061930223739,0.014277109817042168,1.3012387444846252,9.910761637373985e-05,0.19168008126429253,0.17052580966854766,0.2977334210561025,-0.00978404327714868,-0.03911860978023934,0.1376396588890701,0.2684632875538473,0.007060619081683114,-0.37276537064674875,0.2625333567475319,-0.22853141359669327,0.014346081523060706,-1.0369522858355837,0.4909838437955208,0.0634676295232213,0.018105764372725753,14
40,Relax,90.0,0.023842683227938002,0.01766161582951159,1.0532041047626406,-0.00030583892675697895,-0.04995379042922863,0.11112166812355827,0.31536679893748465,-0.006368049782227899,0.12232781992579213,0.07878809535539769,-0.8339866055118565,0.0032288458336898335,-0.30714317008562086,0.2575655246364232,-0.5219610523965275,-0.00863536376375387,-0.24298030642148982,0.6160702943291626,0.2294306835812187,0.03046518382759703,14
41,Relax,120.0,0.021053431284028874,0.009900170700017679,2.7792532756338555,3.0720349206933244e-05,-0.20272339688792892,0.06679145439776926,0.35515409686277405,-0.0038210183075037736,0.2621015853209308,0.12403240055354676,0.48054633270737807,0.006197047965403354,-0.625046275026196,0.27892270621534304,0.9224178670598081,-0.011416573264242167,0.6048089487184302,0.5374618641846187,0.09518336655212643,0.0212012003985463,14
42,Relax,150.0,0.02187858998957305,0.015084315492444532,0.720382071707385,0.00016254833005379757,-0.29660655899271793,0.04267049972176089,0.26339545403665554,-0.00244970331007971,0.4201119985484335,0.09907257662496285,-0.14300207120065686,0.004234321205074899,-0.5871312258130996,0.28583602015206233,0.6633104518795718,0.014649972421278398,0.7393769865065052,0.4493815277529247,0.031188477753563544,-0.00962518855776255,14
43,Relax,180.0,0.029083350914338297,0.008238059148580478,1.0459287653532803,7.142567153652886e-05,-0.3594751859392654,0.030354800845941856,0.16451938050897827,-0.0017470256880218686,0.5153058318272222,0.08582969866303672,1.9999548614692388,0.0029403739386826724,-0.44276238457861844,0.18525783604753984,1.1681859597767894,-0.0014611074386306445,0.7259181496707736,0.43898294771915125,0.045496200985342905,0.010095904221415219,14
44,Relax,210.0,0.02929924971652198,0.0046574973843271595,3.3310364582244087,-7.78035008805088e-05,-0.4035188767895743,0.02123411325720429,0.345116609251571,-0.0012122268422976846,0.6532482211185017,0.12879608327080952,-0.2748984037383188,0.006542192252887437,-0.44567892682577975,0.10114768666034911,0.1696925786494961,0.004495154166436073,0.806655358020198,0.30094874062773813,1.788854381999834,-0.009468678763009778,14
45,Relax,240.0,0.024868142502465725,0.008431216260965902,0.9445828035308333,-0.00012646524604420316,-0.43127462365532465,0.012203277710940283,0.25002390841085487,-0.000693116896817869,0.7776625626018177,0.0538130190245706,-0.5762512036248006,0.0015288856888676025,-0.39755597974761936,0.07262131630089975,0.18784968175945804,-0.000923828330581774,0.4836748992925711,0.34148966381015416,-1.26097664998256,-0.014447406763602719,14
46,EmotionalStress,0.0,1.9836451155092294,1.0676966648157493,1.4685464912323198,-0.025955201240875008,-0.5020882061298282,0.012146746754785524,-2.109407256691154,-5.302928464834971e-05,0.8275747613253046,0.05734979165963795,1.8401247397728389,-0.001251267261733197,1.689229998096248,1.496799345383076,-0.21757922501771673,0.009478964897206165,0.9412595390424776,0.5450101142115754,-0.5177922006183423,0.0029615672206500447,14
47,EmotionalStress,30.0,0.7626818245833138,1.152444211552131,3.7606823753606204,-0.028741236597194627,-0.5106232669963023,0.013784191043098613,-1.8079240575148268,-0.0003884796024770943,0.8012548001006213,0.03046819331102213,5.635300931588267,-0.0005314483184219008,0.5663612329391706,1.7252395145817556,0.7110406670270459,-0.08527178603988375,0.37606293736230134,0.846427902377525,0.07943662027364323,-0.041864025782335945,14
48,EmotionalStress,60.0,0.10793974863081125,0.26496367148621175,5.308359581229043,-0.005432021126373564,-0.5212000006666379,0.008703312390424362,-4.662588034068453,-8.884848430634335e-05,0.7910875184276748,0.0364048574176588,1.430070754344522,-0.00017980480235650344,-0.6440037996327442,0.21638994264024233,0.9187987099511096,0.004650746306323525,-0.29680661795586477,0.35500890676532004,-0.8940328651861552,-0.004082962781018158,14
49,EmotionalStress,90.0,0.03254149953793617,0.014858874077711864,5.698614490379568,0.0001494775385628978,-0.5301343633696229,0.00942693424619335,-0.8248626516987019,-0.0004866099795758127,0.7809532692636856,0.04443013792159741,0.7984551241583141,-0.00028244024219079104,-0.5958808525545833,0.1813423321093437,1.191445478542945,-0.006277170393584598,-0.6601455155735833,0.5069284146146887,-0.4315483406481483,-0.021783825517692902,14
50,EmotionalStress,120.0,0.5747779900023178,0.7379503499403637,4.794187269253851,0.004788304535203143,-0.5476332677496841,0.012713896392606951,0.20309206840180077,-0.0006426859591846686,0.7843315502061261,0.028569199640134352,-1.8068245377862064,0.000551632826478807,-0.5127593985104882,0.20300370180711724,0.7484324534888143,0.009960328079983007,-0.861996442779627,0.4348230243530885,0.0765281050381282,0.010723837681490942,14
51,EmotionalStress,150.0,0.3722971509766461,0.7852999879529179,4.526953355221348,-0.01679817577267071,-0.5607810689050652,0.005959181611443236,1.766955858745407,-0.00020755631848041846,0.799196187889747,0.032690396141025514,6.628927331603744,9.670757430827678e-05,-0.4369293000842961,0.16531289744749986,0.49437462776156943,-0.0027885028820455147,-0.39100492209315846,0.4295650582453207,-0.7704484657902928,0.014245596159853505,14
52,EmotionalStress,180.0,0.05993400488410378,0.045075284023639535,4.690252084752341,-1.8097748687733666e-05,-0.5648486075884785,0.004599292399656577,-0.6938837341611022,-9.524309711768249e-05,0.7998717690617645,0.03181700950559134,7.251829339205461,-0.00029477257090653445,-0.4748443492973922,0.1156639763631979,-0.08668555780432691,0.0016069750697751495,-0.3506329294902397,0.38627645332051036,-0.5898555227789224,-0.017722750532990907,14
53,EmotionalStress,210.0,0.06508554587444584,0.0800877881851527,3.5768048901574727,0.0002922382761578787,-0.5697640511435786,0.005644575152216565,0.8375285412384724,-0.00020855639174744632,0.7978448109565981,0.02603766356453348,8.25033751775367,0.00015020007565849552,-0.5448413632292619,0.14182764406945375,0.4582580481445568,-0.0046896443412953815,-0.3910026631410209,0.3755807788142217,-0.7882318002900209,0.006393650508737226,14
54,EmotionalStress,240.0,0.0978004987085649,0.10596951202784824,2.32694930791995,0.00026428438878782604,-0.5732235517521339,0.0027310114957090526,-0.8045028609531868,-1.9775441903194158e-05,0.7971691909940091,0.02515105928174549,9.057375578984937,-0.0001126215169916056,-0.5244255674991333,0.1629809632482724,0.6033193710841631,0.007441680315554788,-0.40446601788102743,0.45833442594135804,-1.49856689993918,-0.013012035058280868,14
55,EmotionalStress,270.0,0.08249566457971451,0.08893025255577079,2.970443380098651,-0.0014215943773207742,-0.5756709157281634,0.004396526643713634,-0.3115807519604685,-0.00011579116393762032,0.7950088405316991,0.007175133977345141,7.559003402725739,5.129772103451192e-05,-0.3815149973882324,0.1302604303343322,0.1949724991195873,0.0030559268724770906,-0.6063259808956212,0.5764739405927269,-0.8047749993569544,0.002490120959529083,14
56,Relax,0.0,0.2872384082161767,0.41087727739449814,2.986075885033287,-0.011711952500271844,-0.6207781504703956,0.004538419205806034,1.1547815996044077,-0.00013513530211829735,0.4920802328324149,0.05243648481607893,2.8091565288441886,-0.0009732395073828788,-0.6731692221043566,0.3727558927429264,-0.5458341967797306,-0.01871238594865246,1.1162357126676763,0.7433353139271469,-2.0695415864586395,0.01720721986999853,14
57,Relax,30.0,0.025291314999099777,0.013190357635363843,0.7997221977691958,0.00015912535378591138,-0.6227078191207224,0.00076052013245792,-1.9142508068704178,-2.1372782919191732e-05,0.46447051109220056,0.04519132652449712,2.9874768387161907,-0.0007448862774296408,-0.897742975135772,0.32819524765532326,0.18859639871685457,0.0031969322492501053,0.4837268551917402,0.9595371785617939,-0.37655268272894815,-0.0456774545870733,14
58,Relax,60.0,0.03173998974137173,0.010214435528385397,1.6524514349102088,0.00020264781140260176,-0.6242757478650778,0.0016534263276965374,-0.20935866288875807,-7.813309201698718e-05,0.4099628430753403,0.06924405775932276,-0.9836057216047345,-0.002789341090668978,-0.8364955879453859,0.23720562811633725,-0.6472815442763704,0.0033282131172801457,-0.2967975821473137,0.791102277127759,0.8335812915166121,-0.00044867722868331667,14
59,Relax,90.0,0.033196664560393975,0.009789197225011481,3.4624551435365873,-7.366559753868798e-05,-0.6261898064538036,0.0010438375280081994,1.0424865969329984,-3.748934624829952e-05,0.311617842673774,0.0922812059345959,0.19058824447763242,-0.003433777017173484,-0.810246707720935,0.16453925823979915,0.45709984049197067,-0.00012884974084429523,0.2280134732171172,0.8263683658509442,-0.4245427511204752,0.03564745854241796,14
60,Relax,120.0,0.02563085828948287,0.014788422134764445,0.7069249324456075,-9.19801900386656e-05,-0.6263969595065236,0.0010664137335317132,2.050988098413957,3.335991065607783e-05,0.20955474940036878,0.07673336111338408,1.613313663014294,-0.0026112130801874047,-0.8656610104169983,0.186630219787112,0.7018145039170813,-0.003921408150601065,0.9008672158703189,0.3638867285814177,0.9616447378919012,0.007247353650360544,14
61,Relax,150.0,0.020990460972237262,0.014523094921825817,1.2456587524914153,9.072752699731375e-05,-0.6247325666681104,0.00169905248242782,-0.04794245414217391,7.434590884901506e-05,0.15945828916444654,0.0388004003014708,3.3851521438717542,-0.0003661287371641914,-0.7402496937890649,0.28410100755696216,0.7468006816887274,0.00971235310703736,0.5509939319447442,0.7635194790022668,-0.5252529037164754,-0.02797587631679553,14
62,Relax,180.0,0.022589818984203015,0.010718027458899094,2.4279927204041925,6.040463679787865e-05,-0.6230733408711955,0.0008780683085847968,-0.84933421979312,2.046630844759367e-05,0.15053646139923496,0.02762956600386507,7.02793502428979,-0.00023938784097777988,-0.6702526798571953,0.22765382460960198,1.1528475237672169,-0.00916291836305978,0.24146327424429756,0.6160839131107866,-0.3376873345519769,0.002287609886042227,14
63,Relax,210.0,0.026606114914745013,0.018054906688308284,2.296389463337752,0.0002887111174914692,-0.6225735214333921,0.000555968448389041,-1.6157767596302641,8.573290433039286e-06,0.14261367856977175,0.017501883280032195,-4.984004372531864,-0.0001662028474384772,-0.8000388098558702,0.12046414017120045,-0.7016896287079825,0.001405191513358603,0.22799991950429047,0.40167377821867634,0.2010075630518424,-0.006887195460288872,14
64,Relax,240.0,0.024984230785134783,0.01974244623053292,2.0917663348218625,-6.453869134732063e-05,-0.6225754013299603,0.0005787510583863906,-1.813060720700555,-3.0259115454374328e-06,0.11609942382158762,0.06291238522752936,-0.5352290634467202,-0.0016501547085966987,-0.8292042323274829,0.2288324325589717,-0.0319750974108084,-0.0049303259326837845,0.3087393868058529,0.4016737782186763,-0.20100756305184322,0.012181586758751976,14
0,Relax,0.0,0.03543594512364852,0.016694781006125512,1.2661193091250331,-2.0417391994853943e-05,0.0824803444662717,0.2282435475918312,0.08928224219496031,-0.013168217107893846,-4.053978043761143,0.4153454534020454,0.02323618135933569,0.023807902359091516,-0.3677890498559878,0.2555421915121055,1.9720288878669505,-0.0063162670351071286,-0.21731161027130472,0.4712838815572491,0.4082482904638631,-0.018176239302426518,15
1,Relax,30.0,0.032947748974471454,0.012222937136491412,1.791431648340396,-0.00020060396898728924,-0.2702811139366942,0.17941526778596806,0.27723149958675264,-0.010300510164511932,-3.394689438708673,0.3518381488399094,-0.15749144089264483,0.02004348930243987,-0.40041234707985696,0.13981608094140113,0.5208071293705658,0.0009813564184239236,-0.6982960934082479,0.38073217895869044,-0.8382541258210897,-0.007910952898517048,15
2,Relax,60.0,0.029467435001065724,0.0038558124335171446,1.6296635047211765,-8.50381984358203e-06,-0.5220042017857841,0.11259995469536954,0.3491854378106307,-0.006442028009367813,-2.8314468335125764,0.3046749573933059,-0.20995475344898185,0.0172398832050608,-0.3966528073724131,0.11478016473928886,0.8197063069595543,-0.003975663346904621,-0.8586125115969901,0.4253558414975158,-1.0552897060221733,-0.005131409859384486,15
3,Relax,90.0,0.02968184092990099,0.004828563528586814,1.4851336681912255,3.5014649568222026e-05,-0.670230500860017,0.06111059071758558,0.459100683991428,-0.0034765928840814345,-2.292067712858534,0.3035271710843063,0.0528465584063088,0.017128335798108827,-0.45563993712110806,0.07075516225605422,0.5380544468618302,-0.0006127242157632453,-0.6501958836660179,0.4451615343554091,-0.17875178754163656,0.00751071121049947,15
4,Relax,120.0,0.029507337155133602,0.005894191891927304,1.6966843701073226,-2.3638220772173908e-05,-0.7584878707765551,0.04223327452701108,0.06676586177795676,-0.002435007836088106,-1.8210851622857238,0.23824177996694912,-0.19154840789967265,0.013364048281297721,-0.30753989233643725,0.2482654761371055,1.3903033742412587,0.007869161466674745,-0.3135120297557651,0.4408457041740442,0.8728715609439701,0.0039025454972856973,15
5,Relax,150.0,0.027440341871356157,0.007350994043456247,1.1394720736249258,-0.00010692874405850824,-0.8236253616907533,0.03330110374301358,0.18619142176240827,-0.0019148500672374824,-1.4575130799696923,0.20128990513775935,-0.058473944320008145,0.01113046530697873,-0.15818747200095545,0.18591316066634125,1.3470596488622966,-0.001251062081856491,-0.4578038518397764,0.4912934589527708,0.2198196381416137,-0.014727982326504319,15
6,Relax,180.0,0.022966635588053785,0.011256714007526324,0.631862913088583,-7.896212663759983e-05,-0.8778904637572373,0.029622683806442684,0.07712680140430314,-0.001706252488648819,-1.163961959232098,0.1648154050176626,0.16606130400220115,0.008946610729085133,-0.23600005041949884,0.0975740558995288,-0.025573886884720287,-0.0035905313190784703,-0.8105189072117693,0.3962658776724509,-1.3754927699066501,-0.0009354132556169532,15
7,Relax,210.0,0.019066964395082413,0.013586798204665948,0.8692206118089046,-4.962102441621273e-05,-0.9206443873464816,0.020223600361779028,0.3749696044229931,-0.0011538459410547503,-0.919671548688631,0.15206373183730545,0.1207122857087253,0.008304381287207159,-0.23851324721365977,0.13173391764943398,0.776268898944849,0.0031467216245782826,-0.8425813101352501,0.4165028315715989,-1.1547005383792504,0.004837422836190605,15
8,Relax,240.0,0.023557031251046696,0.012121875564110256,0.8093330891914204,0.00016768035937003993,-0.947316617564761,0.012275233823185449,0.33839583010323215,-0.0006970446318807614,-0.7058018335150142,0.12395703382325987,-0.2817040108201269,0.00649460803374805,-0.25106233979938636,0.15853767832900742,0.06331221274116347,-0.004201360760331669,-0.6822670937321774,0.3186210287352433,-1.521897666867485,0.007135951260942029,15
9,PhysicalStress,0.0,0.09548170166351123,0.08662518103980561,3.970297428820035,5.6720525322828246e-05,-0.972039518087254,0.007817450149601514,1.0472029382935957,-0.00038332907155944865,-0.15529605839002572,0.1311773015376003,-0.11781707045616734,0.006669695357109632,0.6726382271015001,0.4564470805663468,0.36271062849823277,-0.005791004162492137,-0.9547843078677432,0.6563318912703249,0.6131808367469183,-0.006521346558759278,15
10,PhysicalStress,30.0,0.4691775495514026,0.6076293730266454,2.889463015554108,0.0119915632667039,-0.9483756833281421,0.045508884182193426,1.2143520384394555,0.0018780973110982988,0.034106955997151155,0.1341210391351834,-0.0955608589896728,0.007183487313077803,0.8269977365852142,0.25602109093384906,0.4950873406113175,0.012651119756491098,-0.8265258890311421,0.7104958325358012,0.4003044922636943,0.01683933633357209,15
11,PhysicalStress,60.0,0.8768452316906628,1.0333747740126917,3.133110277186685,-0.0048004374752201266,-0.9118308236364087,0.037134834913527696,-0.3850365094751798,0.0007209295359107008,0.23463834444064524,0.10849231721326873,-0.18337916677568813,0.005553894309891017,1.2097577289886865,0.30566884028048386,-0.3657806174363669,0.015281527395710391,-1.339563967948887,1.0295833927868892,0.4230617955142973,-0.03715223151906833,15
12,PhysicalStress,90.0,0.7882759766067129,0.9950887945958241,3.567973981767652,-0.009739610752184125,-0.9277007476984935,0.03930141646130504,-3.812154342789779,-0.0016248964285688703,0.33875295586274207,0.036518228585229906,-0.5422804194838569,0.0009090586624436396,1.480840328946485,0.13255962961311754,-0.4175716428830377,0.003912848152452277,-1.852586634366943,0.4408457041740442,-0.8728715609439678,0.01111958169089626,15
13,PhysicalStress,120.0,0.5302281126491241,0.3855800055681044,2.621874835356891,-0.004519323007592705,-0.9380018383861223,0.03415800212252327,-5.123320268700485,0.0004045368501260068,0.38963949673471004,0.07853525391969907,2.3493155008600866,0.0026833515461966288,1.7017350042539163,0.2400957878024951,0.3543593239930797,0.0074904338571500275,-1.4357357642196396,0.3269736363190031,2.1572774865200226,0.011118054695333094,15
14,PhysicalStress,150.0,0.4627107373661342,0.24470459089736563,1.679655774789918,0.001549959731683688,-0.9139893129679609,0.021431636423437598,2.573991625930367,0.0006612199468761548,0.49240360342446243,0.094093658950936,-0.02130774805538281,0.003839355150075367,1.7682508656375435,0.2853624222140468,-0.7768538477822305,-0.0036013427978380027,-1.1631943304417063,0.6157172067532377,1.266690154937952,0.02103444463703604,15
15,PhysicalStress,180.0,0.751186322652071,0.4595595644330519,1.2056497336097065,0.01227580703595022,-0.6690940498772492,0.2503537809989873,0.23829153928999477,0.012582023543801505,0.565195664606064,0.03176871593716856,-2.0837814520420777,0.0006498577540849765,2.1435074634837,0.6029222981642982,0.18377752308600387,0.034092549027158255,-0.6181070593144998,0.7345168434455573,0.02816826604908007,0.025310311184213896,15
16,PhysicalStress,210.0,1.3046276177355396,0.77852139775419,1.20247383766623,0.020392973851639445,-0.407618359665614,0.16789653230626428,-0.41171524952489325,8.009179973110565e-05,0.5208057511263519,0.08630196798389486,-0.46699349911723026,-0.00377045026022589,3.0120142231134936,0.4837498464598983,-0.8860343369388788,0.02591664931371296,-0.12111119078684437,0.4810020974223016,-2.0783949669552696e-17,0.006735900447369828,15
17,PhysicalStress,240.0,1.5205605509363127,0.6389190905421593,1.3784746801743182,-0.02190228076722788,-0.5132387499350342,0.22591252704736256,0.13057996009914863,-0.007914774263664062,0.40261767245505614,0.09172723815253711,1.5761486944228988,-0.004116122704922918,3.416162328608704,0.0628139079061839,-1.880970735637527,0.001921518588476643,-1.3555555372685708,2.2769332522047625,-1.1562591748883904,-0.07716137629957737,15
18,Relax,0.0,0.4311977147054135,0.501908868645666,4.952023463513196,0.00044230237625706017,0.8661942038072964,0.5122808394246741,0.43076534802895694,0.018710638212480275,0.2899584929152732,0.05251287286591839,-0.6304917198652492,0.00021020245105386875,0.011230707280129348,0.7550983564861663,2.2905593938362743,-0.01744367631264869,-0.618126875385528,0.6685480117879274,-2.36016262509565,0.018095091968497044,15
19,Relax,30.0,0.2216220379952071,0.544463883523176,5.12992210248235,-0.010402432882619063,0.9888276426451922,0.42306307256930276,0.43599980840147934,-0.020306670114647315,0.2899548467805501,0.042102298013629545,-0.4952670182281256,0.0002130291793750507,-0.45941516168612484,0.4444141802063948,1.3344660984137031,-0.01571334690883654,-0.5059062633676763,0.4193112384150792,0.5074436880910943,0.0008015515387969103,15
20,Relax,60.0,0.02739084705631032,0.011397156839152772,0.3111698387300528,0.00011935039920370281,0.42789235225860206,0.2913412327391958,0.5907068248047916,-0.01628375068405038,0.3112546869059013,0.043798310175337786,1.155311977798244,0.0009801226197709589,-0.6238262518189772,0.1545009160966744,-0.05424472760925504,0.0064467208521169946,-0.5860798849617359,0.1231549071777065,7.550956836887777,-0.0015770560571223035,15
21,Relax,90.0,0.030301960510943988,0.004639150881429217,1.0030003612165883,4.305568056145806e-05,0.03732641765155959,0.16364947600752697,-0.006662747157327989,-0.00935382289361461,0.3331184712566329,0.02971594188895184,3.466741935319086,0.0001648854867183965,-0.4556435567036247,0.12486855435126586,0.8931354289750795,0.004224504364909743,-0.602113288209146,0.0,0.0,1.0063517808161538e-17,15
22,Relax,120.0,0.03157827532192174,0.003756416287905201,3.3409525192363176,2.2278363631939693e-05,-0.2201997644150716,0.13031168664777704,0.23210617624011426,-0.007494500245837945,0.33968918311073437,0.021005883178932233,6.6254592968156905,0.0002263070760807297,-0.3539803425544166,0.13305971747521164,0.2767454330907377,0.003967102667164988,-0.602113288209146,0.0,0.0,1.0063517808161538e-17,15
23,Relax,150.0,0.03178370948288407,0.0033037574619258336,4.552617000537921,-4.469640270927819e-05,-0.41517435675384934,0.09554249690352247,0.1993290408886463,-0.0054997225424665225,0.34271640090888766,0.024073374228733728,5.082668697273775,7.895729583357696e-05,-0.22973334655542182,0.26923668543078133,1.810318716202843,0.0032533901883171675,-0.602113288209146,0.0,0.0,1.0063517808161538e-17,15
24,Relax,180.0,0.029539192672609776,0.006903097945311172,0.6477632678111828,-6.573695505198378e-05,-0.5554711652088149,0.06715376033683307,0.29816932282107517,-0.0038515219713677437,0.37054779403987614,0.049258017221818044,1.4442170444742466,0.0018953468972000718,-0.31256990550727604,0.30405193329758845,1.701608667740173,-0.008250033269010165,-0.602113288209146,0.0,0.0,1.0063517808161538e-17,15
25,Relax,210.0,0.027149901500689626,0.009271667972756895,0.5131893065868041,-2.5910483625711863e-05,-0.6514232096490413,0.044536338542232226,0.24757604201440075,-0.002557836829270992,0.4472569810368547,0.07937631635526003,0.37677982639186086,0.003295341730596933,-0.5020803873390874,0.11690089531349765,-0.45574763711442473,-0.0023057736293746072,-0.602113288209146,0.0,0.0,1.0063517808161538e-17,15
26,Relax,240.0,0.03057785309018541,0.011315430697554895,3.5430789414524373,0.00017068540601883732,-0.7167217309065703,0.031513525268149115,0.23797088484513032,-0.0018082562640830955,0.5305313379485656,0.06495435923232347,-0.964820805098551,0.002265326927391149,-0.5422432749454397,0.11351837185070367,-0.021859320279148924,-0.0017201635966212993,-0.3776456427454053,0.4068821606841152,1.2609766499825619,0.017213967809945118,15
27,CognitiveStress,0.0,0.16970369283107856,0.06034685807976661,0.4780219893552078,0.0013833847811635354,1.0851042706328191,0.9034279655700327,-0.9516954634830377,0.04621534232809405,0.6242922740787321,0.07711650937349421,1.8578506786397602,0.0023425927453470463,0.5835313447030525,0.34041228209136665,0.1543292101535491,0.014920220849913388,-0.5539910606102179,0.5936316355758217,-0.030643596723796535,0.010609954263018003,15
28,CognitiveStress,30.0,0.43437209343288247,0.43382205584123396,2.467794971659923,0.01333081940487019,1.7380860064815067,0.12763321792886134,-0.32536179716744695,-0.002529455049407982,0.7289306166181059,0.12328508207545176,0.2746415625576006,0.005187939810912307,0.6098879380628446,0.38555188347985536,-0.3795122853183387,-0.008306397782089142,-0.4257458524876354,0.37223747878887464,1.6367758705650026,0.007671442176171196,15
29,CognitiveStress,60.0,1.3809407603216899,0.5701531462869318,2.00340897894247,0.011695158459962291,1.7088955205822178,0.11800600644536863,-0.35784740063891946,0.0005554092497969759,0.8632932009031423,0.10170881074745994,-0.9255871875769603,0.003771234953145573,0.4028140353320404,0.2887427244797119,0.0680154535050711,-0.007416939938840165,-0.2333450135187148,0.46772490500255004,0.479913819133743,0.010772094763055722,15
30,CognitiveStress,90.0,1.479123176841586,0.6454695830888583,2.155776977883473,-0.021861936837457328,1.629686102501494,0.1397324256281841,0.3406630099767977,-0.00469703843045893,0.9321991434087101,0.040277666282328144,-1.0706912769166004,0.0007117458361533627,0.24844366710077587,0.16820109482614298,0.6722886984345436,-0.004712292137846828,0.10335645467689639,0.42541426147299966,-1.0552897060221729,0.017534724974105582,15
31,CognitiveStress,120.0,0.04511312484987308,0.0370413250737858,4.039706770697125,-0.0002345543519183717,1.5010497089333608,0.0921566025807816,0.1864708344594443,-0.0019366755199799164,0.9449735246602716,0.02286991182480885,3.0368468807463738,9.496636433350547e-05,0.21957387694682265,0.15681603111662065,0.9383384415312339,0.0035339153762608943,0.29575729364581704,0.2399660067831885,-3.4743961448615175,-0.004276762188806237,15
32,CognitiveStress,150.0,0.524734707594751,0.7414235058575127,2.810501553183092,0.01971069784282214,1.4310040836513451,0.12672396643940495,-1.9287743893564997,-0.0013533848666966199,0.9442094773699324,0.026689201025315294,0.29728347202954764,-6.091482333597465e-05,0.19572324121615792,0.26012842552569837,0.09361713810578194,-0.0063317490726907755,0.31179069689322725,0.27350937046282653,-1.6425977501289963,0.003180841877924651,15
33,CognitiveStress,180.0,0.7722983907275348,0.8209155712253052,2.277564706075487,-0.007656940110843345,1.5299461961433523,0.19150403073967961,-0.5783197298041686,0.008289624866504218,0.9429425665534854,0.019244298417158877,-6.119631366823493,0.00012302308836589044,-0.10172681084898318,0.3066530580348882,1.0719612407712666,-0.009484352141714223,0.4240245196250984,0.23996600678319194,3.4743961448615153,0.002084921567043069,15
34,CognitiveStress,210.0,0.3527696114365712,0.5850325669929026,3.733360961783331,-0.01693332597808087,1.6818052896342413,0.10601125351245438,0.209718910072599,0.0032314293111238585,0.9442117838400681,0.02748422124161989,1.149246323374988,-0.00016465701704942268,-0.2046327483289573,0.1625710710458038,0.36625950708619615,0.007392237469882805,0.4079911163776881,0.20966395342949481,4.129483209670111,-0.0021651108580831944,15
35,CognitiveStress,240.0,0.05718454820782996,0.02446478747820835,0.37062809426669746,0.0001141247797089264,1.8529998906291631,0.19013729091092232,0.6757046741990979,0.008308741573199298,0.9305151150301131,0.043773113079705814,-0.4223971121122545,-0.0009096302340030832,0.07649781269546276,0.22594335970443222,0.2471896664403362,0.011312831669721683,0.3117906968932271,0.20966395342949187,-4.129483209670111,-0.0016839751118424586,15
36,CognitiveStress,270.0,0.034480012933950484,0.023721859074926396,1.8538964634613944,-0.0005388583822931777,2.0344067396024874,0.11976485589338431,0.6819684770048348,0.0008017695973884183,0.9072940752148865,0.0622407620597881,-0.5978931631194349,-0.0008815579069857607,0.30491277394528743,0.1224338664402724,-0.6885751379583835,0.002671959923538249,0.19955687416135662,0.3585177957187476,-1.7888543819998306,0.00032075716416046806,15
37,Relax,0.0,0.01896711571732252,0.011087962168007988,1.680569842188931,-0.00016715705151900586,1.992113640536015,0.12046937730022603,0.07240578131224079,-0.0069041067356632015,0.739480383949908,0.13854123720219355,0.376572731031935,-0.006509187964111362,0.040102910489093896,0.5163851810650335,0.6494115862291835,-0.025258848774414668,0.35989090663545725,0.0,0.0,-4.40360637765201e-18,15
38,Relax,30.0,0.01603714921353502,0.008918849259616612,1.6822151425064271,-1.1537917985938153e-05,1.7664920855416142,0.14154787283191322,-0.0945030744998905,-0.008133217770070334,0.6100692983404638,0.06274570279446587,2.154315522382247,-0.001670934986256727,-0.30503876081733217,0.1233499128450145,0.8043969654568408,0.003915002402452558,0.35989090663545725,0.0,0.0,-4.40360637765201e-18,15
39,Relax,60.0,0.015125222773543345,0.006525757977200685,2.7401028384748285,-4.025533861143877e-05,1.5013261471593857,0.16169625909038243,-0.13249801336884978,-0.009315783717675094,0.5844727144819946,0.02932839416273572,8.250332804776994,-0.0001564726933964567,-0.39540646445913014,0.20764327979852248,-0.0690123815738217,-0.009949366414648464,0.35989090663545725,0.0,0.0,-4.40360637765201e-18,15
40,Relax,90.0,0.014341563401998714,0.00503507451729426,2.9065576125780894,1.9537336846552648e-05,1.2132945975480476,0.16996169646183487,0.0537511017089595,-0.009807071636950845,0.5608479808129011,0.04253961124016829,-2.3524199578719,-0.0014493610655071621,-0.6238262518189771,0.15203603985043523,0.32363715317505365,-0.004048310449854927,0.6164253585940217,0.42541426147300565,1.0552897060221735,0.010264229253135113,15
41,Relax,120.0,0.014599361222615952,0.007358660450840046,2.344401376534231,1.7878719536831045e-05,0.9256977231863507,0.1600976140720921,0.054975395771947155,-0.009235326910144014,0.48352423565220076,0.0833574336464851,-0.13660860547704348,-0.003814032203087595,-0.6125235021465337,0.16747205609059307,0.6055138056177674,0.004456652459710148,0.6164253585940218,0.42541426147300565,1.0552897060221729,-0.015396343879702673,15
42,Relax,150.0,0.015691235495758637,0.007852160516296551,2.3043512496885086,3.303824236835133e-05,0.6690574386537931,0.13519866040203435,0.13333977916318257,-0.0077936711068102476,0.38614358171701585,0.06382585011726373,1.5635697613494903,-0.0025553414062320233,-0.5334609612321907,0.14814894494346997,0.6661906943070729,-0.0029864824350156606,0.456091326119919,0.2886012584533851,2.6666666666666665,0.008660443432332755,15
43,Relax,180.0,0.017839646237409818,0.006531500621945189,2.31772976381406,4.430193765524898e-05,0.45170377765945974,0.11633706355184094,0.10420285382824789,-0.006709231309654564,0.34424648417715875,0.027447073199278815,5.171920959453924,-0.0001583236746929318,-0.45690437794697497,0.1783675649953128,0.7768229455529407,0.0037870186311946613,0.8889932137999964,0.47859104415713133,-0.20100756305184142,0.02221243361811272,15
44,Relax,210.0,0.01830657029716606,0.005487604181055919,1.988906299443858,-1.9885285530313206e-05,0.26585066954136555,0.0986484027634748,0.11596484850802194,-0.005688231410255427,0.33869755136432195,0.023604682939765847,7.323129638817918,-0.0001745184488351124,-0.43681810803377635,0.15332169638339405,0.9876904269070489,-0.0024856545101161493,1.177594472253382,0.3435042052720412,-1.960392117639217,-0.0004009464552005903,15
45,Relax,240.0,0.018250826587414674,0.005201880496703003,1.4922365302876952,3.455133760286939e-05,0.10650822722144351,0.08563949867228458,0.10848774436107037,-0.004937798243835339,0.3133312111592327,0.04596618414616336,-2.226574748413242,-0.0015948026011873792,-0.5045875514957204,0.07231487820787968,-0.08429406354647263,-0.0019037877633110354,1.1775944722533815,0.3435042052720411,-1.9603921176392127,0.0007217036193610525,15
46,EmotionalStress,0.0,2.4800369867544623,0.9960366041390153,1.0951943989116917,-0.005095910450710753,0.07225848021262368,0.14671255995213417,-0.16335825705891374,-0.0007686815760551589,0.1451284009697865,0.055235897308752654,0.858762845593501,-0.0018022169396249951,0.33001095911674067,0.3799223379102718,-1.2229801567826861,0.0035720140216905284,0.504191535862151,0.5217635008852325,0.08931505609682741,-0.02306778605587389,15
47,EmotionalStress,30.0,1.7655301991093924,0.6149460080573491,0.6947759748893608,-0.029556003844377492,-0.07679119930708597,0.19869959698894415,0.6142572718871123,-0.010929814769011222,0.10878736257928151,0.03143065761119478,2.416229677413487,-0.0006767101476262002,-0.060305515054292186,0.48614863803950825,0.4066533177450476,-0.02578149878918621,0.23162368065617675,0.32701854411138315,-2.157277486520025,0.0004276762188806223,15
48,EmotionalStress,60.0,0.06964799262242523,0.0471241066802927,0.6351177258102252,0.0003299556136878955,-0.3052250719864687,0.07631242360062893,0.2774956709573407,-0.004380457130962069,0.09490776395784815,0.014992657325438677,2.5673914120634396,-0.0002349616195664587,-0.5949540486100131,0.23065687515220795,-0.19726240612083676,-0.008938091868769798,-0.08904438429202427,0.47993201356637694,-0.13363062095621217,-0.01881775363074745,15
49,EmotionalStress,90.0,0.06702502791209478,0.026036317885154737,0.5504736132582573,-0.0007813129940462852,-0.41634488623793897,0.05263263147197752,0.21765057489074063,-0.003025940086900479,0.08391277515469937,0.033467279359140595,0.7238758905065675,-0.0006042076175376145,-0.7417968917338504,0.21365128938900294,1.1735768204166435,-0.0064592822818571195,-0.056977577797203235,0.5921515911172572,0.6028296922687697,0.021383810944031273,15
50,EmotionalStress,120.0,0.029265379502024944,0.008836431151154815,0.35577023759226856,-4.4928197727813866e-05,-0.4965651354667492,0.04038517986711969,0.14947224932844458,-0.002324375793023955,0.053137526065762476,0.05766720325580794,-0.3897160582069009,-0.0017127679237808513,-0.8409457025613918,0.11403701513917702,-0.2260858205114575,-0.002481150900638464,0.3438575033880481,0.3722374787888771,-0.15838735355233305,0.00628149446480915,15
51,EmotionalStress,150.0,0.0383603309293442,0.017550922284583142,1.9340186703531688,0.0003529197091288762,-0.5575781654024001,0.030449564918663845,0.276626004131574,-0.001744964230694949,0.002702728517873563,0.06720689313036575,-0.24665169538264314,-0.002064292378432426,-0.8660390616228228,0.08526996799861544,-0.9083661574998468,0.0019545765705069706,0.5362583423569702,0.37223747878887997,1.6367758705650035,0.013284692548979567,15
52,EmotionalStress,180.0,0.03479201658861488,0.014690529922693117,2.7738067488186284,-0.00040041114539960125,-0.6046023063619438,0.02369666690195696,0.09705899873075322,-0.0013634371295199314,-0.06493589023355871,0.06776838249933417,0.5283002916231291,-0.002457468841034136,-0.7493280364237942,0.11443224068017369,0.04512032630787779,0.003399708216113321,0.5362583423569703,0.37223747878887997,1.6367758705650024,-0.004356951479846426,15
53,EmotionalStress,210.0,0.05793357340195133,0.05438848090567587,2.779550456834541,0.001683190933043465,-0.6424424496288134,0.019481666554424754,0.11062863463220728,-0.001115003071761227,-0.12102744158390968,0.04038990226565549,1.1702600174319013,-0.0011041359203725434,-0.7593651387428654,0.12829138109983193,0.24147431898744304,-0.005035419580697866,0.6965923748310731,0.4588467566949128,0.6289709020331516,0.01761491426514595,15
54,EmotionalStress,240.0,0.1215311769745548,0.039166460330546445,-0.38974497137577224,-0.001300226039212532,-0.669865463219971,0.013082123155575083,0.17843324515937228,-0.0007393527669494205,-0.14132742046434926,0.028087767374805752,3.856052371650404,-0.0005024989038415245,-0.7593615191603486,0.17065382575924565,1.2797489096963752,0.00329487609518513,0.8088261975629453,0.4799320135663839,0.13363062095621137,-0.014754829551381743,15
55,EmotionalStress,270.0,0.023237096798957364,0.013045151153049392,1.6456644229682151,3.445805450528104e-05,-0.6935916927605377,0.015200516266933854,-0.01580189586622939,-0.0008726725271471161,-0.1484542941241615,0.01965591991687667,7.903101427989675,-0.00018695670107662395,-0.687834949045972,0.1489401502724434,0.8767527230890956,-0.0015024737175089904,0.47212472936732924,0.3088251565311652,2.38820100559536,-0.009916742325294617,15
56,Relax,0.0,0.0857534836766677,0.19183662170713378,5.568031472339527,-0.004861302905126383,-0.7549523570082612,0.00993306226805417,1.459056252343372,-0.0004947898605802797,-0.15250545125259302,0.025208005870457982,3.0327220510691917,8.290639114275968e-05,-0.27366542608926286,0.7380587720538601,0.7710971801480581,-0.0277655087306119,1.0813940527689199,0.41656003564131655,-1.1547005383792512,0.009061389887533342,15
57,Relax,30.0,0.027452729365600628,0.00832829176515197,0.7803210106422567,-2.2349150163475014e-05,-0.7693682460782666,0.008057624958345186,0.08095789025237121,-0.00045694479529675774,-0.15046628840323978,0.02581913088299981,5.606292793126415,0.00019832789338927867,-0.7869825533460078,0.1691045482717852,0.09518449910875941,0.0016676972502094926,1.2256946819956127,0.28860125845338513,-2.666666666666668,0.008339686268172282,15
58,Relax,60.0,0.021868683054687185,0.01074948525669116,1.714496215363573,-0.0001565941703787274,-0.7836055408606055,0.008143897771694657,-0.20455208960052818,-0.0004612246479843404,-0.14946424882235962,0.024697227329078107,6.463896133885597,7.638082974164475e-05,-0.8911493120693322,0.20871697516537638,0.553750314215082,-0.011080989313483409,1.3218951014800744,2.220446049250313e-16,0.0,-1.0141932385569777e-17,15
59,Relax,90.0,0.01795970266710106,0.012486941074174113,1.456315400390689,8.162797292494538e-06,-0.7974998109778199,0.008024541303880302,0.11752037011697347,-0.00045719735686256923,-0.14997006591801343,1.491224971568395e-06,-5.1113279650948185,-6.400639637953989e-10,-1.0932112995418812,0.09101099383078684,0.23312324132652681,-0.003487762933444643,1.3218951014800744,2.220446049250313e-16,0.0,-1.0141932385569777e-17,15
60,Relax,120.0,0.024024265346485534,0.009013040922906576,0.4874735975245434,0.00010824844980010557,-0.8084535768474173,0.00524671670505058,0.4640656929953186,-0.0002912710041955823,-0.14743345917704984,0.019553457209410027,8.246881832926007,8.212322273086239e-05,-0.9714690546445084,0.29788796410819407,1.3917757221947338,0.013097996893802158,1.3218951014800744,2.220446049250313e-16,0.0,-1.0141932385569777e-17,15
61,Relax,150.0,0.025411282807856657,0.006035988243058228,1.1454273115802787,-7.438717013700892e-05,-0.8177152986042923,0.005691079894556014,-0.018697489846474617,-0.00031857635896429925,-0.14743345917630546,0.019553457209313462,8.246881832935909,-0.00017153924137695433,-0.7781917939402196,0.25312000429143555,0.30288952470705544,0.003946254113240799,1.3218951014800744,2.220446049250313e-16,0.0,-1.0141932385569777e-17,15
62,Relax,180.0,0.019565613353714414,0.011632991060499472,0.8765932373476316,-6.724456294582005e-05,-0.8280533496030955,0.005773780040813575,0.12010255542252826,-0.00032237423068377726,-0.1479407818952017,0.018884071483002085,9.057375777161301,0.00014966085458129378,-0.7668986964878204,0.10423038213084428,0.3859164454421603,-0.0007931723219950572,1.257761488490433,0.23996600678319194,-3.4743961448615157,-0.0059874670643288224,15
63,Relax,210.0,0.013669642658988516,0.012894530438651726,1.5857761403960706,-0.00012540418914838534,-0.8368497891482816,0.00414299924987184,0.20806183223802469,-0.00023008749369029028,-0.1479407819031831,0.01888407148385977,9.0573757771805,-5.3269117447054856e-05,-0.7355241552322455,0.136925380317458,1.5191475007006672,0.002899787449710662,1.033293843026689,0.44084570417405033,-0.8728715609439688,-0.013846017586260412,15
64,Relax,240.0,0.03732669603672097,0.18706996301561704,14.781613312970908,0.0017533731240179792,-0.8425233880143675,0.003321199262786438,-0.646945162652559,-0.00016778266287433564,-0.14997007281570682,1.291205404563425e-10,0.0,7.946258283109973e-13,-0.7405433096555339,0.2059860531297838,1.0363568165981794,0.0006445833807999312,0.7927927943155348,0.47859104415713133,0.2010075630518426,-0.01264317822065864,15
0,Relax,0.0,0.901410229733798,0.39542960829097823,2.6411144233948645,-0.01059113404271576,-0.8105771525287987,0.06207613729949752,0.13836362983788922,-0.0034267879601405193,-3.197019521419682,0.36422967852629884,-0.021255295336856304,0.020837459680126437,-0.5626542773539428,0.6730001419001634,0.3487021880454491,-0.03043607747740903,0.32632842977657234,0.17971681403197723,0.7641327121389581,-0.004234209711287728,16
1,Relax,30.0,0.02724522564639979,0.010516883897627687,4.413200943711264,-2.23659945031404e-05,-0.9098134703315182,0.055224422989630345,0.09768793065189477,-0.003180630941039605,-2.6727730865541077,0.2476350521548034,-0.493759779186705,0.013899889922846794,-0.8958681851809814,0.49591409400571423,0.917591506355265,-0.005770645909095634,0.22760750618401074,0.11838349265666598,2.0703918983258314,-0.004473599659629082,16
2,Relax,60.0,0.025422082946891775,0.01117976246366827,3.0502296779774376,-7.593861504443256e-05,-0.9977428889583727,0.04555047073836256,0.15093463819181327,-0.0026231670080827324,-2.307856828593803,0.18809344372953776,-0.10029148502030186,0.010678956469121237,-0.9488072452442895,0.5691688637309078,-0.18066544930551423,-0.009279848524523756,0.17824704438772992,0.03446771829448482,7.550956836887781,0.0001570996535990115,16
3,Relax,90.0,0.02212326618922272,0.01195428670628211,1.9284070597297647,2.188924051588841e-05,-1.0697483413124966,0.037202814279238085,0.0815227056045784,-0.0021452682690169876,-2.031938863184089,0.14029652505036125,-0.2723736702126886,0.00780941988813287,-1.1138607683230155,0.6811313609723043,-0.011538235213139006,-0.00788368369187213,0.17824704438772992,0.03446771829448483,7.550956836887775,-0.0002917564995410273,16
4,Relax,120.0,0.02087087368664725,0.012665690096633054,1.904406202200456,-5.623786435986622e-05,-1.1256558189070807,0.027692481773639102,0.34987439929795494,-0.0015831772300329704,-1.7996198734372184,0.1360302337728803,-0.07036424233336774,0.007587869124466369,-0.84292779455593,0.6269142094055571,-0.6418093556404529,0.026958391318623216,0.17375972967897713,0.0,0.0,-1.937805792370405e-18,16
5,Relax,150.0,0.02066463088227853,0.013323334455739584,1.8262869214936088,-2.4728712431270313e-06,-1.1642335754126152,0.01754379730744709,0.17109046612501233,-0.0010081895540593377,-1.5717069814835194,0.1293368656458965,0.12461048805396736,0.0071779601069951555,-0.7541700123747374,0.415091044514604,0.3700422274332885,-0.01802054559313185,0.17375972967897713,0.0,0.0,-1.937805792370405e-18,16
6,Relax,180.0,0.9638958049156808,1.4172265612095107,4.054138299125342,0.02190564066234233,-1.192803654976139,0.016533822496531566,-0.33757324707833886,-0.0008848330907266507,-1.3771536058303666,0.11131345768863223,-0.08499833850313925,0.006075064853205242,-1.0811595523686608,0.3535738152445528,0.7157831253335603,0.0010849908423477266,0.14235715379899322,0.08640804683973236,-2.3882010055953575,-0.002774664942993854,16
7,Relax,210.0,0.8684565007074452,1.401167404865043,3.6927452812961863,-0.030713080371778105,-1.2047657129400993,0.007692135388376105,-1.9163122736613665,-3.3121988041410625e-06,-1.1617152518959755,0.15046232337065207,-0.04245555244078447,0.008311020723160183,-1.040678541903783,0.46538975929468046,0.7723525647127195,2.579566964339716e-05,0.11095457791900937,0.11384400543515003,-1.2609766499825605,-0.0023932419993477976,16
8,Relax,240.0,0.030258949593847718,0.010672772301832152,2.6867580270078006,-9.001705714928464e-05,-1.2077947567190548,0.005708531596953209,-0.5293435943116902,-0.00029292122648530016,-0.9618107871271275,0.09836233678187878,-0.529395449522225,0.005094942047455486,-1.1558998665887867,0.45426497472839017,0.6131836365476895,-0.010071617423555614,0.11992674245614765,0.10766597444565897,-1.5,0.00019445091244700774,16
9,PhysicalStress,0.0,0.768347527873868,0.4271794904083431,3.6688593534052845,-0.007693380582483522,-1.244960886241947,0.005697765763872497,-1.1960177913721546,0.00011350354542930184,-0.5136751168459589,0.12213718385415799,0.12712386975353765,0.006734986981579288,1.329154375390236,0.40100457130363815,-2.3186613989093017,0.012029681548754875,0.41608581591328125,0.3322866829367733,0.19057689434922,-0.017444599406669446,16
10,PhysicalStress,30.0,1.404054628612445,1.041173963226274,5.362807563235654,0.027865995228582668,-1.2351223540038692,0.04258505857163414,2.8804783245320094,0.0009332488287526361,-0.30045400685896817,0.13298883833240072,-0.14718592853708964,0.0074239330355033864,1.2840070848931358,0.26275286234380774,0.23635634432807504,-0.009165665697548682,0.1019935053435242,0.1895005187451978,0.426632913195996,-0.00558018848968637,16
11,PhysicalStress,60.0,1.2087510386021014,1.1176431317223858,5.8666773577796505,-0.03373687251416789,-1.0993702999203043,0.1364957916652242,-0.09935210260744821,0.00721516942068101,-0.11180474577333195,0.08989569323247759,-0.5931279815575966,0.004791776040087913,1.2217381258888689,0.16149020777972303,-0.8121680360908897,0.005781765841327315,-0.8133324244291894,0.9789200039349137,-0.5787460079005331,-0.050835683792707115,16
12,PhysicalStress,90.0,0.42895995044315816,0.22671738764618715,0.6880247157835524,0.000541915503556649,-0.9792673886139646,0.034621579286311,-0.017578685967666277,-0.00018227395332336702,-0.02566305119772524,0.029291020226146974,0.4911486140457109,0.0009501490018067386,1.3478727179888392,0.03697093600828542,4.063830972295443,0.0008824075487264477,-2.5587487208718036,1.081146066297517,0.30585016234192924,-0.060792433457830246,16
13,PhysicalStress,120.0,0.47471879206056616,0.262135008016371,1.0625441759625047,-0.0020305975164251647,-0.9063230001323753,0.13541174913330428,1.7284052975448585,0.005521635638984138,-0.013658781801368092,0.020560510093443434,4.928654522621095,0.00014689730661468885,1.449060607971862,0.12118161837038864,-0.34308005311420914,0.004736321408679686,-3.402298566787594,0.5086596238269592,0.5150979596452633,0.003807498443337427,16
14,PhysicalStress,150.0,0.4526215829170647,0.26454295625020885,1.7453675484928532,0.0006252887357222548,-0.7517514369798391,0.15623850704511372,0.27828757816921146,0.005909573685858949,-0.012528993225264382,0.015800557697695634,1.7605513076426589,-3.284581555821215e-05,1.4288067971219944,0.16795566233586479,-0.7590799080029477,-0.003836194725968267,-2.6081042529073484,0.8842865771555182,-0.0397538531250212,0.050163293330398956,16
15,PhysicalStress,180.0,0.9034266640057391,0.6558704441105003,1.5000773464507928,0.021765861244243945,0.09373669617983005,0.8203035954695974,0.19074463121543123,0.043179921211356186,-0.012993958224547925,0.018487688351392022,3.3821527978116857,-7.711660805753126e-05,1.4723999915034303,0.18867390445399135,-0.6617216010206523,0.00961433821554325,-1.257535910069655,0.9201830515705958,0.15560628610365218,0.027923436622031506,16
16,PhysicalStress,210.0,1.160549407449749,0.65286529339928,1.1449844381187406,-0.00634870923632746,0.894183124891699,0.294445827944418,-1.7853677662148353,0.0035805794680716964,-0.014997555062067396,0.016248977430903984,4.510728843571346,-7.880110933939204e-05,1.5331201766390035,0.16385585658133486,-1.7395350435299894,-0.00741589899831237,-1.939568307714203,1.4337164734189924,0.34550005011301466,-0.0754395388419602,16
17,PhysicalStress,240.0,0.9999033615280404,0.5389797167135274,1.093428836827849,0.0004321541221572843,0.9316675201338322,0.147966564510596,-0.21749820320444943,-0.0006071236952872916,-0.016354384607277575,0.014727573243934962,5.769320342027381,5.467222752338942e-05,1.1018292321837573,0.39135464104252227,-0.10343139933332754,-0.02197561024298438,-3.263227551581584,0.113875281260819,1.2609766499825568,-0.0020647383044441665,16
18,Relax,0.0,0.16983893630627278,0.6887208441453687,8.303174594283293,-0.00965750425536874,1.648359918821643,0.24370444996250096,0.22735887666722626,-0.013452052282123943,-0.02747264593629498,0.017236838224477226,-2.030240203674125,-0.0005075911547520168,2.0843466260342205,0.5775462106114945,-1.8856056104438013,-0.010355387535385506,0.2680031980842552,0.7287600317651844,-4.945081345727549,0.013262745973392885,16
19,Relax,30.0,0.030128822576683246,0.024747559457805785,4.301548160046325,6.156822346445936e-05,1.2917848545179562,0.18404088268629729,0.443243944726891,-0.01047165313907438,-0.07318102880717857,0.055589919151132344,-0.5528584485834936,-0.0025890110023601815,1.5627198531707445,0.37841284839720446,-0.33781589722539496,-0.019541380992553405,0.39363815040786426,0.10417917443623166,-1.6367758705650037,-0.001413896882391131,16
20,Relax,60.0,0.027719688089353777,0.014893828227503807,1.4140133489221867,-8.417924440929843e-05,1.0429782672899628,0.11137126920548449,0.32468290244409875,-0.005684860778770535,-0.14410975317253472,0.049787829437818516,1.3621680705398156,-0.002209647477565678,1.0753483923772889,0.26451716693830135,0.6726326940645256,-0.013568835001312143,0.2769679679802915,0.13090351521015856,0.4799138191337421,-0.005752839696078196,16
21,Relax,90.0,0.026423218837877252,0.01414392952759728,1.4185338812011479,8.4681009205714e-06,0.8742517419954565,0.10526455300510594,-0.5006089518431828,-0.005017478003206991,-0.18166976098220183,0.020160303832762693,0.8645243387376286,-0.00039855312897079894,0.924301692765686,0.1430850786111776,0.8899875323533931,0.0007267196246065073,0.18722167380523552,0.05867925402995128,4.1294832096701155,0.00017206152537034786,16
22,Relax,120.0,0.026535477875674635,0.014301600571960693,1.4494259396244566,-7.761600521649396e-06,0.6856418830030367,0.1408061564918904,0.3691377083307083,-0.008018010563642463,-0.21261162527240446,0.041264174419164884,-0.38203218436233677,-0.0016550213027787559,0.7125560970063953,0.2762281753177081,0.18595648763836703,-0.012443295114241637,0.18273435909648272,0.048329858496225155,5.199469468957454,-0.0003590849225120351,16
23,Relax,150.0,0.027512950563125964,0.014135312494030107,1.457500417752481,1.7964593648394453e-05,0.4653940818499906,0.12108099676399628,0.1389366269033383,-0.006969575875961933,-0.2768388933571856,0.05192183610596172,0.2791269351324754,-0.002455873144530427,0.35134850067125245,0.17589679254508744,-0.038597088628571,-0.00889771592417408,0.17375972967897713,0.0,0.0,-1.937805792370405e-18,16
24,Relax,180.0,0.026743833788725038,0.014072628858607428,1.5863370993851198,-8.365094880451304e-05,0.27821390666196827,0.09446724686674272,0.08864377002768328,-0.005442268517028024,-0.3202074548181257,0.03134076039980481,1.7193532678089096,-0.0005078773811144013,0.21744741967818831,0.10233875045678278,-0.38025699572433797,-0.0014385261623601033,0.17375972967897713,0.0,0.0,-1.937805792370405e-18,16
25,Relax,210.0,0.025633028737132822,0.015429821334883175,1.4136855554757497,2.2408478812714364e-05,0.12785749092485377,0.08357577284366556,-0.03304625050719399,-0.004799508865230037,-0.3315833598605285,0.024473710320806627,3.529540487560115,-0.00037751453413780134,0.31396237682027495,0.14162968465040318,0.1443876580637808,0.005185561790757941,0.16927364741040798,0.03445825174180849,-7.550956836887783,-0.00044125399362975065,16
26,Relax,240.0,0.025832471845655854,0.015953010133842156,1.349405781888147,-4.742225440041923e-05,-0.01753642285436226,0.08837248943938708,0.15969391336757716,-0.005088281146151084,-0.3352138252576752,0.02022445567171703,4.048548441576738,0.00023185493930717559,0.32797585309611293,0.13481607842003646,0.20994797457653253,-0.004534292669827611,0.15132931833613153,0.07439325831755075,-3.015113445777635,-0.00011218321871942868,16
27,CognitiveStress,0.0,0.15420589672062995,0.14646963558198559,4.441417196711939,-0.0015166239114286775,0.35502007646120426,0.38069451868422843,0.36813940294057057,0.021060517441018164,-0.1683394043560572,0.024091893180352826,2.522133427638825,0.00016262250919081155,1.1376386403694414,0.29584696685653744,0.44300505083182007,-0.002531360627363184,0.8333949918656385,0.19305886042801923,-0.9093119730465009,0.008700328435031124,16
28,CognitiveStress,30.0,0.07252839914386962,0.05528772211854377,2.527970882690459,-0.0008767529563386373,0.9898408616084626,0.38917265040869087,0.007821209821362574,0.020632928138756123,-0.16560054735050359,0.028183576596504962,3.0369555162549315,-0.00024271624928103407,0.9928242919614111,0.20203751533401568,0.41168089951748005,-0.0037120587499958474,0.9814763772544807,0.0,0.0,-2.2495031705720554e-18,16
29,CognitiveStress,60.0,0.062030641209317776,0.055463083977819114,5.223408087489449,0.00017134375261052505,1.5413170987840763,0.33252197161874314,-0.025756586135496775,0.01566369646959197,-0.17237488744478804,0.024450733726441916,4.647094693586011,-0.0002341992811489271,0.6736371660276391,0.31500210168252213,-0.20692153190679285,-0.013936396120546736,0.9814763772544807,0.0,0.0,-2.2495031705720554e-18,16
30,CognitiveStress,90.0,0.05759431082014193,0.05442369374537183,5.047709608922419,-0.0006229811608080837,1.8312882297712219,0.19745894502609485,0.08687494294734378,0.003921711721402982,-0.17475496996635626,0.020054287853168477,4.641933227134485,0.0001442937066101621,0.3264297403509056,0.21313501861160825,0.8974453741504881,-0.005544274434095432,0.9814763772544807,0.0,0.0,-2.2495031705720554e-18,16
31,CognitiveStress,120.0,0.0493951445149483,0.042524859309476234,2.156619550318776,0.0001972568695821544,1.8681055170450123,0.13759800489181523,1.0719139075254944,-0.0005294831457988943,-0.176063115402827,0.01909932727444459,5.41620820697763,-9.237947176463993e-05,0.31708254410728975,0.39813232264299764,-0.931164685096385,0.005299651452531818,0.9410905448757056,0.0961375104867171,-1.9603921176392187,-0.003433749571521322,16
32,CognitiveStress,150.0,0.5742925490586596,0.7446041804989754,3.530603488573843,0.014534813039493034,1.8248990463551953,0.22795600469633337,-2.9003100832948774,-0.00172557851080972,-0.17604756607697825,0.013405938693333674,2.238215369310779,0.00019137807408200003,0.46810662416926363,0.43601549254931926,-1.431110066408261,0.0064036280319573384,0.8064711036131217,0.12841876229322471,0.6289709020331485,-0.00612688649036157,16
33,CognitiveStress,180.0,0.643185284613488,0.7634830376258829,3.2256912014173516,-0.011373205683572724,1.737562209227294,0.2321341228329097,-1.9227327727402617,-0.0031468060994083364,-0.17238810971516655,0.021377706493668082,3.7071043558075583,5.00914106913944e-05,0.5272673909422015,0.24390020150885972,-0.22400097256347362,0.002016161501038104,0.6135165711367512,0.1297447123968656,-0.5533715710928567,-0.006254062400417909,16
34,CognitiveStress,210.0,0.17591385389454733,0.28950554081171087,5.779135177523475,-0.0021916595683715784,1.6028721159004138,0.12142243553377206,0.8103843823616975,-0.005300074477863415,-0.17504192220685805,0.019420347841406005,4.966003258217548,-0.0001835827085112792,0.5506200800911981,0.24972855564257174,-0.8511889438891577,-0.0024969405219494303,0.5417195357967065,0.12974471239686564,0.5533715710928604,0.0014363396900481263,16
35,CognitiveStress,240.0,0.09688489539023622,0.29210889487720154,8.263229213509446,0.0033793065948859668,1.4479541780640317,0.09667497246973156,0.5621519232045258,-0.004395756330642152,-0.16751875828979423,0.03429485853679381,4.158745603964888,0.0008452915594033054,0.4338526426609868,0.330063304332342,-0.5616516337828446,-0.011050016184608843,0.5282575916704482,0.1252435179045534,0.7882318002900205,-0.0015485537283331443,16
36,CognitiveStress,270.0,0.1554415160716944,0.3313244474300348,6.368356201419309,-0.002079743944388671,1.3270569710371973,0.08055393331544142,-0.08894119585941615,-0.003794068780741166,-0.10784554647090706,0.0672479013142897,0.31628934727725444,0.0031965384856985544,0.27970972587374093,0.3624780898613577,-0.4629230217790286,-0.0007163893783661381,0.46543518574790904,0.07441369602587974,3.0151134457776334,-0.0020572573685585225,16
37,Relax,0.0,0.1841058913563611,0.24537324168027633,2.871564981204264,-0.00775929022857184,1.371858802469411,0.1459290970883101,1.5728150836251977,-0.0030044751143048602,0.15321339167049666,0.0873794775766533,0.299728923040156,0.004504106813475753,-0.6311635709322392,1.0127289454894437,0.577522044590761,-0.04566276948873191,0.39363815040786426,0.2969436219899483,0.96294378095743,-0.013158966222888879,16
38,Relax,30.0,0.03042655674036198,0.014791749574054488,0.8893551431243326,0.00020940227085327094,1.1964588474829985,0.17628774761648808,0.8710922763565291,-0.009138689290237348,0.26663761105780265,0.0797516725736352,-0.3828145116977154,0.0040784333703178886,-1.2804577430234638,0.4602174494545623,1.0665957970125575,0.003109699141488513,0.17375972967897713,0.0,0.0,-1.937805792370405e-18,16
39,Relax,60.0,0.5868409515292528,0.6417470559683657,4.267873167316087,0.0008631414742033106,0.9371578705764451,0.13717140425818639,0.20053767084286017,-0.007780844877111502,0.40018473287711726,0.08701007422182039,0.2568643900120519,0.004743579534586634,-0.9737140305089507,0.5850924768850823,0.09412247847517981,0.011149250433225804,0.17375972967897713,0.0,0.0,-1.937805792370405e-18,16
40,Relax,90.0,0.3082990773207254,0.683009702116775,3.8731827113224044,-0.016969485039596752,0.7055102593897727,0.12624464938149205,-0.1777489467575328,-0.00718823765071459,0.5711497957246982,0.10845752535731736,0.31217861786979983,0.005933668011985787,-0.7946470311543867,0.4852013256284156,-0.4977467628927895,0.003437110495434142,0.17375972967897713,0.0,0.0,-1.937805792370405e-18,16
41,Relax,120.0,0.02874490503062137,0.014302409580430823,1.3401126481002297,3.013139948448134e-05,0.48937013138724067,0.12483819112228975,0.17709674748760976,-0.007185513379003635,0.7902136719649879,0.15417437790719282,0.454400038944021,0.00845187988092368,-0.7526039412033871,0.2631916585734317,-0.2727625036817488,0.00036088427981362096,0.133384989261855,0.09611110633662463,-1.9603921176392127,-0.0034328064928144963,16
42,Relax,150.0,0.030405403071556196,0.016517523499430063,1.0890936508092102,7.429128360695778e-05,0.2920976403651068,0.10409544200353855,0.15384638793426206,-0.005985934176589606,1.0531998186642135,0.17008416560647058,-0.09528214257828521,0.0093346362130062,-0.6981094544626711,0.1729444548564628,-0.5144424314133852,0.002554197192758188,0.003288603473350417,0.12970907803476817,0.5533715710928596,-0.005788654085922483,16
43,Relax,180.0,0.03402606966633429,0.014573467957661679,0.9165766148816654,6.542943282022629e-05,0.12451029542152409,0.08807489823985276,-0.0011074470239817503,-0.00507506432396898,1.301037440221254,0.13629706241686262,0.055871458976157876,0.007417522451213203,-0.6327150059244179,0.15511949244617432,0.15906014285775813,0.0044910041245450685,-0.06400263055518644,0.08640804683973236,2.3882010055953593,0.002310974305620218,16
44,Relax,210.0,0.03498703084643481,0.010831747832300618,0.867211878054518,-3.077286840305211e-05,-0.022377075582160302,0.08095894804553165,0.08587050045123945,-0.004669008518881516,1.5043891033008185,0.1173133552337329,0.05577570701758334,0.006510007987509629,-0.48946140644076674,0.16214931314086806,-0.299136498563925,0.0032967549015726068,0.007774685741919543,0.13086756258307528,0.4799138191337425,0.0028793692804653186,16
45,Relax,240.0,0.035245080537574025,0.007792327005254063,2.1126079069409034,-7.283677941268007e-06,-0.15143674024964446,0.06828522135215827,0.14549547701514692,-0.003929119918423648,1.6913592604613967,0.11780891967044084,-0.06963360562567614,0.006462475543645929,-0.5922273426508258,0.22152249687299938,-0.009478029065964462,-0.008825992028546826,-0.0191418078694952,0.1212902586442567,0.9616447378919016,-0.004479849867529156,16
46,EmotionalStress,0.0,3.0082451209766266,1.1774644949143762,0.564300215278205,-0.005563086644096885,-0.014797909878924405,0.0937726834429336,0.3314295332059102,-0.004807606412535587,1.9682657012017089,0.05915098795755151,-1.2136435357460365,-0.002392758300782087,0.7561572747582882,0.5326852197095591,-0.9588293165558645,0.02112907129672876,0.6987792479236056,0.2884023497381923,-1.039338588267701,0.00033629077180738894,16
47,EmotionalStress,30.0,1.8394060932967458,1.490307249579592,2.2913628654671547,-0.028470967415611288,-0.1521301114174069,0.08182518410871911,-0.2250649260559182,-0.004174973971527215,1.852128891010919,0.1115721106165172,-0.01076834041646381,-0.006126470850486387,0.2983881516200581,0.9442063193538666,-0.4834294773392428,-0.041547449601680456,0.5686434240492233,0.1343199538142741,0.1336306209562129,-0.0029774124824956116,16
48,EmotionalStress,60.0,1.4299465421246187,1.136307672144126,4.376570379286705,-0.0020634084518788695,-0.306222505709963,0.10319302202206755,-0.14441210500428553,-0.004452419176202086,1.6729787045652467,0.11650119056209414,0.002327151381228393,-0.006462681836164338,-0.5470720687832688,0.5684054262994201,0.5264721205179925,-0.004653887951349952,0.46094787103915624,0.1190619136414076,0.3152164056949334,-0.0036058110968916726,16
49,EmotionalStress,90.0,1.1204616787981108,0.9179789112955064,1.590687458025712,-0.03570097203417531,-0.41667427117089134,0.04729992629462842,0.6652816483220602,-0.0011959443687907458,1.489657409782342,0.11424144744798247,0.1471952448543726,-0.0062947103316333035,-0.828906334909635,0.38437236177369,0.6987893831799412,-0.013836228001698456,0.40261277982536986,0.09613751048671713,-1.9603921176392154,-0.0015485537283331473,16
50,EmotionalStress,120.0,0.03383998258536969,0.015920717680653857,0.8306883297413387,0.00021240001015193063,-0.48396479529455566,0.05253074340599345,0.04120483225266275,-0.0030281994444050333,1.282993887846988,0.13673966001472415,-0.02867373844874024,-0.007649688516152919,-0.8242387243156697,0.3637742825686141,0.2689182807916382,0.013241731979818172,0.4564605563304033,0.150909934785902,0.5835010935627988,0.004017262570603362,16
51,EmotionalStress,150.0,0.0483027856095541,0.02292384022891318,0.6320022419215626,0.0003631969981834955,-0.5663024122263899,0.04290206901430683,0.19421535455615768,-0.0024674248679036003,1.0507708138791063,0.14974745581237822,-0.38897346523954585,-0.008221366301934636,-0.8553751996604178,0.3998442408570712,0.10313574935430195,-0.012815565512576139,0.532744906379201,0.18825341484256003,0.6067489204290122,0.0011221403828500975,16
52,EmotionalStress,180.0,0.050932690760221624,0.027361483563851756,1.0068657776407133,-0.00012069786027870872,-0.6328391926376964,0.035179533385040186,0.09603224817257805,-0.002027330932487879,0.8262103367338874,0.14350239546156776,0.35526645295155473,-0.007822653077239677,-1.00484651416847,0.24320826924586975,-0.4188697595628929,0.002967287258542843,0.37120157686410027,0.23505991917497965,0.9949108622295912,-0.010996975751931013,16
53,EmotionalStress,210.0,0.04809224114061843,0.03427840053016059,1.5482334480096946,0.0003043576926664083,-0.6867919866707015,0.028081876443530267,0.23396077294945394,-0.0016106324925664731,0.6490787897407395,0.09707251575584852,-0.010994867007964836,-0.005099171101762828,-0.9955086318570542,0.23418643846665813,-0.03166127612899369,-0.0014669193665423441,0.21414556205775231,0.09613751048671713,1.960392117639213,-0.0002917564995410272,16
54,EmotionalStress,240.0,0.16263289136339304,0.09984101196691805,1.0665311560436068,0.0018359637905584207,-0.7312913187064519,0.023512504185761247,0.053031082369756406,-0.0013525772310594387,0.5112148934291013,0.0886744532671804,0.18559099978878107,-0.004669269226058419,-0.9316749322431797,0.2531741416343429,-0.36509216334316313,0.011448077816148596,0.2231201914752579,0.10417917443623166,1.6367758705650022,-0.0012193925493637768,16
55,EmotionalStress,270.0,0.8025834720174475,1.4642972124813738,3.8125454961616847,0.007743641839412245,-0.768925105834019,0.019759136003663927,0.12583629481275146,-0.0011316307252849534,0.3790811681483794,0.07236067473499273,0.14447478570544317,-0.0037176205993660117,-0.8382468783445363,0.21662676544704984,-0.41985261992829803,-0.0019678597806421258,0.19170898851398832,0.06715997690713706,3.474396144861518,-0.00023938994834135811,16
56,Relax,0.0,0.03333602682226033,0.01582971695624621,1.0142730182430157,-0.00029189385379609957,-0.8094837666023386,0.014350235532415863,0.2022023912120776,-0.0007690304105785422,0.15131268629177236,0.02030653319636819,2.256779235962905,0.0002566352312765763,-0.5828947825863815,0.46817445662637797,0.43867901472886517,-0.014163182402514279,0.11097799428249919,0.24754226873633162,0.6062021525786171,-0.00985821540468124,16
57,Relax,30.0,0.023726048416627635,0.01668967653472414,1.3866454982559262,-1.3624998198325065e-05,-0.8337329501396535,0.01358459110423446,0.05669829849238942,-0.0007792202645001466,0.18310277971593658,0.05042696776988623,1.1581561883168976,0.0019063453756830888,-0.8647263875892619,0.26275187681060214,-0.41106335079415207,0.0070999114726119335,-0.00568356106378783,0.12688556772263831,0.7071067811865479,0.0030065102616806698,16
58,Relax,60.0,0.023350988016762594,0.019534642903866552,1.0525946798806503,-4.150272808680508e-05,-0.854531161914932,0.01041714259841405,0.15515281123904998,-0.0005932756593766488,0.2486923255911376,0.05576531143400216,-0.5493718785329923,0.0022558303653406084,-0.6965540277852639,0.25247350793915563,-1.2131137110010424,0.008081216100655675,0.007774685741919541,0.1308675625830753,0.4799138191337423,-0.004689258542472089,16
59,Relax,90.0,0.024979184906680885,0.020248383754365638,0.9166813531596051,-1.6749532401211027e-05,-0.8711479500600916,0.009362518842586216,-0.11059893000202077,-0.0005332668939051605,0.29458182188165016,0.026447646286824514,-0.7497841558098641,0.00061808790712367,-0.5159276100680639,0.17956311464603014,-0.25570659758991826,0.004472603997303528,0.039177261621903416,0.13458246805707372,-6.523433352667805e-17,0.006057893810849112,16
60,Relax,120.0,0.03124267707984144,0.024279813963709016,1.8372119532277047,0.000326109300712399,-0.8896854229452278,0.012192115890952664,-0.09856283681786542,-0.0007002413747186783,0.30384475932223215,0.013602027428371957,6.734838971376441,1.2724179835154928e-05,-0.5174950118011569,0.1548980693221042,0.09472930219938279,-0.005207797218783161,0.16030148287326976,0.058663137783307506,-4.1294832096701155,0.000740409243548224,16
61,Relax,150.0,0.07704878975535892,0.04109690109700316,1.9711962263986336,0.001275818271305278,-0.9110324665664338,0.01197830320578415,0.11665143949167331,-0.0006868866247008224,0.3065345144887169,0.010536059783682406,2.635131415583287,0.00022275608591220382,-0.5050382927644692,0.1988266968256044,1.3618713209857651,0.0015216539222608638,0.0526355084276108,0.13390786497159132,-0.201007563051843,-0.006663683191934024,16
62,Relax,180.0,0.05509417434084008,0.046221644812460785,2.0979158911322173,-0.0016968320488685922,-0.9300408577398751,0.00976064727482398,0.014725054037798708,-0.0005604723199131206,0.34854805818620244,0.0554232964246289,1.0953304940479474,0.0024376749839082577,-0.49724652319826085,0.2350146722991896,0.23018809044904226,-0.0076451497216741635,-0.05054438374947907,0.1003118490517703,1.7888543819998317,-0.00013461986246331387,16
63,Relax,210.0,0.015104542518342938,0.016262456166899177,1.8265507940816093,-5.4452856455803745e-05,-0.9445144932680489,0.007695359311431533,0.11076461227772366,-0.0004370255909462486,0.41722554781138005,0.052573823044589345,-0.6199995227085247,0.0021014802359918565,-0.8943061056948594,0.4410813314510064,-0.6583860124069234,-0.02147807701338644,-0.04605830148090994,0.10415056164457102,1.6367758705650028,-0.0016378749933036476,16
0,Relax,0.0,0.02613723995216903,0.019345723099934375,2.1768315841770622,-0.00016446841287972065,-1.7364483012412926,0.004649563504296915,-0.2223034114353123,-0.00026372039345820905,-3.9160988028129333,0.345329942825255,0.14179998114216535,0.019632045509984188,-0.6071459578803016,0.445463111607393,0.4361210544687249,-0.022616480068515445,-1.2516471648504952,0.5205278981300551,-0.008379100587298793,-0.012220649200874225,17
1,Relax,30.0,0.05250202070229083,0.1680870010544575,8.173581601739485,0.002325026321393841,-1.7435054221201154,0.0038367249966231604,0.4876768005743073,-0.00019470844653662444,-3.3269730978571013,0.3528488801967357,-0.21549156344513232,0.02002847595020923,-0.9612574744985729,0.15476250243942113,-0.11602078467823777,-5.0250809972246035e-06,-1.5678125388644866,0.5806705562993988,0.5004361156404089,-0.021103069945918578,17
2,Relax,60.0,0.8194150472847785,0.09815997165197879,6.883242794499481,-0.0012872741199488381,-1.7282541665233808,0.018390471220369402,0.009698902286232405,0.0009263468079194594,-2.7626944093596775,0.310284852459034,0.08629525916401642,0.017588957323991752,-0.8971520068749687,0.29909190973215194,1.4286392412462727,-0.0017153572071512543,-1.6380715108675958,0.5177545469582877,0.13246018097737372,0.017159665571195606,17
3,Relax,90.0,0.04725573450104948,0.105450199120474,8.410006308615865,-0.0013838685762024923,-1.7085875101123742,0.0027184284354893414,-3.69694550248881,0.00011563567512124221,-2.194556128296249,0.35223424952716836,0.013852391872341795,0.02008704461615664,-0.8925724043980111,0.3328574087634528,1.0784207364290466,-0.0042060525916440125,-1.4155847661910828,0.5028413678218372,-0.3762342116851842,0.002147398421878873,17
4,Relax,120.0,0.27964908156635293,0.5027766403719252,3.6326565390191954,0.010920119989269858,-1.7128798371999343,0.020105423133376495,-4.847817609730333,-0.0003591914130094464,-1.5769614142503698,0.3634052827646085,0.0475744667429571,0.020816854861597418,-0.7139794368658411,0.4088704486889913,0.6555730214048732,0.0171561711040556,-1.3336159655207893,0.4020753450064775,-0.19608320050255268,0.0019326585796909789,17
5,Relax,150.0,0.2897336226058647,0.5053484795416582,3.677496596321664,-0.007662163233268694,-1.7132355706468407,0.020067656437511013,-4.821379318680728,0.0002180682013606964,-0.9779537148210348,0.34337067670470983,-0.025500222977681404,0.019440236752142445,-0.6773451790655524,0.3758792755446654,0.768766507151307,-0.005929324354756058,-0.6778655601584369,0.7266701154131004,0.3175421518973152,0.0330894575007697,17
6,Relax,180.0,0.231978093170181,0.31870476998059355,2.6989465198935125,0.0069334572345540425,-1.7080860897394914,0.01257944803021381,-2.312648221212132,-0.0001288939898387594,-0.4675099281089976,0.2696391104432252,-0.32818737385091395,0.014991170633515755,-0.8849350365749002,0.23299364756839594,-0.2657612704117815,-0.0009466564933623981,-0.03382498346326956,0.4406382232391911,-0.1783657842095618,0.004646189312792446,17
7,Relax,210.0,0.595029378450218,0.1998395955390535,-0.8149742325892372,-0.008742744051618194,-1.722186301201802,0.021729320695497416,-0.3073255063058301,-0.0006239817868542446,-0.08135170532316076,0.18687226425042316,-0.2531277953841035,0.010239892082885399,-0.8162461234512811,0.29923986095595656,0.4036879425836578,0.010410383206567675,-0.7247048748271766,1.07392600082412,-0.9274559030682114,-0.052806479374384645,17
8,Relax,240.0,2.5168981702010793,0.5506036282107958,-0.13509648356946502,0.021429322652814782,-1.7223666334600367,0.018235756169753613,-0.6858952218192534,0.000977639332824455,0.16435856110897318,0.11995431934926952,0.20231506326975612,0.006134536850793172,-0.48655829937165956,0.34730734181189227,-0.1872682705725322,0.016353702187662363,-1.23993733618331,0.7854319023819283,-0.9603452410220222,-0.0016983969336678269,17
9,PhysicalStress,0.0,0.0515359487999805,0.025252531552107556,2.376422040692065,-0.00019243677674643335,-1.6794209818369012,0.00612786655636652,-0.49668993686719837,0.00034542552457157553,0.35831582730575057,0.024054380969321967,6.837831006135211,-0.00023039261200475533,1.201533132934629,0.662573539991394,-0.8303696808838665,0.01510612812612588,-0.7247048748271765,0.38677902653785845,0.05699848512466138,0.003572490101853019,17
10,PhysicalStress,30.0,1.3898360088158268,0.5681469181903046,1.9996365661213655,0.015991928489730082,-1.6762982207395571,0.008439218714881487,-6.416404308628795,-4.7078512134878246e-05,0.3658208446836196,0.03863335402732459,5.7822485804343655,0.0004240745598191451,1.6578985260614816,0.5026640630679909,-0.7009660228250664,0.0020159928753288986,-0.7247048748271765,0.3867790265378584,0.05699848512466127,0.010131816190501169,17
11,PhysicalStress,60.0,0.8573487784777536,0.7187220792184397,1.427787604610112,-0.02925064377952444,-1.6744519631937724,0.008878148837272384,-6.035567805506547,0.00019745847069628327,0.36532601982231067,0.038428546268600955,5.903855454301162,-0.0005908990223042192,1.1939265092959797,0.7823388003211265,0.23326113550843228,-0.034075751229277244,-0.5490574448194037,0.350513335443436,0.1336306209562137,0.005466105073873463,17
12,PhysicalStress,90.0,0.3639115044186972,0.23430081664593988,1.4866125474228458,0.00029620832674567837,-1.6706255714093634,0.0013489243502881696,-0.909170513225521,1.440082154162283e-05,0.35254152590250654,0.026726482284662845,2.8063227367434136,-0.00012866481262989034,0.8581410886316528,0.38701587677392063,-0.4059312027886559,0.014035476210842637,-0.5724771021537732,0.3481582359713824,0.2690691175985252,-0.010971253755417439,17
13,PhysicalStress,120.0,0.46859255930774196,0.3428315435349194,2.346363904067147,0.007424366866796123,-1.6695330497005103,0.0015948797278106984,-0.11968158984958326,3.7222668865874176e-05,0.2892007194344908,0.0826963747125887,-0.4184111469864668,-0.0037577902669536194,1.258023009865782,0.26924892197999384,-0.40967698279987336,0.004102008001289719,-0.7949638468302856,0.22554722882558292,2.3882010055953606,-0.003962926178558249,17
14,PhysicalStress,150.0,0.6257520281600034,0.43009983376691424,2.393566029854189,0.0030796733104450063,-1.6654315334152778,0.005185880039823031,0.7303039632272947,0.0002199232441843345,0.1737977743568721,0.07425862712649652,0.9929905232253922,-0.003525127021159234,1.639591645222825,0.3228383340182423,-0.0569796890016028,0.012951446859364524,-0.9706112768380585,0.23883457949921513,-2.1572774865200257,-0.004997581781827155,17
15,PhysicalStress,180.0,0.7060776965338056,0.5057423054647898,2.0620644145089693,-0.0009412165605482926,-1.5890723451426092,0.15863892402033422,2.3502083781769167,0.006310713562924263,0.10850326093685088,0.03950451550799362,0.4637377107971728,-0.0009881131731399448,2.158539387834792,0.35713060501058663,0.23934362145906124,0.017196871483845227,-1.0642899061755375,0.310696864387197,-1.055289706022172,-0.0021864420295493775,17
16,PhysicalStress,210.0,0.6546645191412556,0.5294958097750642,4.899780189554863,0.004366755026492255,-0.850419567119315,0.7449037088496604,0.3090193727135123,0.04174975229266446,0.0037807630738564708,0.10876913595076451,0.07810506194410859,-0.005599240073475908,2.509607230191455,0.25322911400878073,0.23969081438449133,0.005369637539088377,-1.017450591506798,0.4589296833602837,0.2296396633859233,0.004372884059098768,17
17,PhysicalStress,240.0,0.7210266309888165,0.5607541078505788,4.444460587875348,-8.778400254591029e-05,0.1043445857008449,0.4235106584980239,-1.293740483083087,0.020802468083968753,-0.12481851673447,0.06832678143050441,0.4623809704804268,-0.0027447273476006785,2.8423515386095435,0.365731807054337,-0.1358288345046656,0.015247404872071152,-1.1228390495114617,0.5261610556574198,0.6708311138797717,-0.006656935107824448,17
18,Relax,0.0,0.6105461251296659,0.7071956318574458,2.386732593033603,0.010972360932948538,1.0354625133168416,0.38561145876353004,-6.184835252718431,0.0014097308321369348,-0.6666877319141239,0.09227265249159655,1.5876446945389382,0.0029523601723215743,-0.39498290293242555,0.8460567251013216,3.445790310680309,-0.005987716094928656,-0.4436689868147398,0.4272081885323961,-0.45293630985884326,0.008101548591633888,17
19,Relax,30.0,0.7354945651482626,0.7195320277424684,2.33588422923648,-0.014730522881204654,1.05972108644377,0.3880066220430977,-6.252748612770429,0.003487987593544452,-0.5069878787134414,0.148739423109898,-0.24048566579973346,0.007466940491341133,-0.5888288289801575,0.3582940924384449,-0.2327264165538147,-0.012946996256390338,-0.24460189947259703,0.30625175883860634,-0.5071295169770319,0.007262111026717598,17
20,Relax,60.0,0.040499565645900654,0.020296841650379212,1.5922707284506514,-0.0005201719118136875,1.0204337783170174,0.08732487822721824,0.309390592121414,-0.004969001292098772,-0.3765380581262028,0.044243201368162614,0.4004150452237809,0.0008248390781539694,-0.8635652663593466,0.271780050464754,0.7753827850083023,-0.004544776793432134,-0.1977625848038576,0.17988980135043386,-1.5931592157314391,-0.004333840451428241,17
21,Relax,90.0,0.1512843765011789,0.22895473845264722,2.695056416977291,0.008118183990462543,0.8871186780794467,0.06999214270605178,-0.12949065719760533,-0.004002483426055521,-0.351261211500983,0.04659398937348951,3.9678301637764477,0.0012957584129537662,-0.8925672803672676,0.17718667870123853,-0.11788337954423977,0.0012340919806459395,-0.5607672734865884,0.34953397243559686,0.20100756305184272,-0.01739392721721875,17
22,Relax,120.0,0.35187136648467254,0.14481673418641205,0.6401902140566841,-0.0041117134382922995,0.7487834301712906,0.08762326193847876,0.06454745379617126,-0.0050039431102974295,-0.2803730166593924,0.07996859564971139,0.41524433120406623,0.0033294794932756918,-0.9459904248984666,0.16082099287300125,0.2675648458582629,-0.00412723164415338,-0.6193164168225128,0.3385740584846884,0.5533715710928614,0.016320228006279334,17
23,Relax,150.0,0.05886886516635202,0.07114187434468293,3.731794123384748,-0.0008550487815961178,0.624830262876172,0.05349809244688921,0.2670516624677659,-0.0030461078433393937,-0.2751168078281053,0.07221280058679122,0.15624853542150582,-0.002997218823430432,-0.6559882189268574,0.3880612616177823,0.025679184784632793,0.020672429353642743,-0.4202493294803701,0.33511393822510754,-0.6289709020331501,-0.003806751747876155,17
24,Relax,180.0,0.07225905412642206,0.1759480674297268,8.804283387842696,0.000861925884181036,0.5460637097003734,0.04115452967093993,0.11707427244076075,-0.0023369180896403523,-0.3414243370605451,0.04830998730701588,2.1422946377657603,-0.00133303933890198,-0.3522446435090034,0.1974729085554836,-0.35746012506769465,0.0009238503565288612,-0.6427360741568824,0.33120397028396187,0.7071067811865478,-0.010932210147746911,17
25,Relax,210.0,0.05646635474030194,0.1740922551186314,9.744875348832535,-0.001793772735470034,0.48078799845765435,0.03707251383996415,0.057397963292294414,-0.002105888911832173,-0.3662589198582669,0.03677687127588595,2.496676393090578,-0.0007153479360187513,-0.37055408636303244,0.21089816902726832,0.05244627563762657,0.0024709196726209926,-0.49050830148347935,0.3495339724355968,-0.2010075630518409,0.017393927217218764,17
26,Relax,240.0,0.04726646359880566,0.14136117905113416,11.946537261727052,0.0013485277344586317,0.41983190780583307,0.03472254057780904,0.15572276674577068,-0.001963408231378607,-0.41511630394876453,0.07915740902429534,-1.378755801968081,-0.0028442438974965838,-0.4773939703870011,0.34065659033204043,-0.054687990826403306,-0.006872956829974783,-0.5841869308209582,0.4849339644904488,-0.7638420378012818,-0.024734125459277393,17
27,CognitiveStress,0.0,0.056906370524096285,0.04681563165249366,2.7828835390268125,-0.0012048554723668866,0.3262862658087924,0.014027480980986606,0.9607560201907683,-0.00017925112928880108,-0.26960815220167367,0.10625647392061492,0.29071282123340314,0.0053196287904934214,0.8383059656237621,0.3607346365958909,0.17907179423324543,-0.009549563126516504,0.3760190198882005,0.2894483950732111,-1.3754927699066488,-0.0031039668098067127,17
28,CognitiveStress,30.0,0.03177278888907882,0.014566857714537536,1.716216419251761,-2.7918915732847328e-05,0.3728561694384119,0.07018066560441857,1.3865700225154634,0.003489991876666673,-0.10018139068265595,0.12422905837591225,0.4966891712930186,0.006290438688980863,0.6215761182757871,0.2857727721253207,-0.3103974372289458,-0.0018601235333555594,0.39943867722257026,0.2718597563387975,-1.6367758705650024,0.008452941060668595,17
29,CognitiveStress,60.0,0.029642345421146913,0.01859326509873154,0.8454704239124698,-0.00013515078324196042,0.5180668584290339,0.12781943602921547,0.7012167067914922,0.006742817687342392,0.05984564329557396,0.11389939829178086,-0.46875401556907675,0.0055914517254574605,0.6795814272993153,0.2544769772574301,-1.2518594406317753,0.00950430109223894,0.5633762785631583,0.15312587941930317,4.12948320967011,0.0021669202257141138,17
30,CognitiveStress,90.0,0.02385343409327746,0.019318393996302672,1.2445977789503984,-1.4794680001419792e-06,0.704098317263125,0.12652151286765886,-0.005149501181349068,0.0061851313355122525,0.24112822590109897,0.11292463237273836,0.12151466783976682,0.005937598254647387,0.7299544925304763,0.15306665805613448,-0.45334552847998244,-0.0030279967777155346,0.6921843939021919,0.29716213805790753,1.2609766499825608,0.005739410327567126,17
31,CognitiveStress,120.0,0.03281782007942731,0.019978783674729588,1.4604617071250205,0.0003479238275723411,0.8749214095244485,0.11447991610309716,0.15550457481066463,0.00515589194422039,0.4053821035586978,0.09595180404094712,0.9029728470889411,0.004584330447237694,0.4643682930514011,0.38700582745039275,-0.8632907780466252,-0.016871247089467682,0.8092826805740404,0.34419726252021277,0.40824829046386346,0.004099578805405086,17
32,CognitiveStress,150.0,0.0625144368947578,0.028881658309898306,0.4995595685940481,0.00010871756392462794,1.011349043536822,0.09143915200272724,-0.5641019416908154,0.003050178475316089,0.5434587305128408,0.10760709004503118,-0.5672972339965764,0.005541600867497593,-0.19654712634624885,0.5807799378109739,0.2894832179798347,-0.031454339670675686,0.7975728519068556,0.3415980011504979,0.47991381913374265,-0.00025378344985841467,17
33,CognitiveStress,180.0,0.05059719506516269,0.07436366256011619,9.65230508532989,0.0008284911995893682,1.0199763801608288,0.060997015994320544,1.280865153290674,-0.003122243660301784,0.7251238435672761,0.11473453882201853,0.14748507253794313,0.006021485742168717,-0.43160947468659855,0.38821491265568386,0.1013961809101852,0.01201304661892827,0.7390237085709311,0.32196705745403087,0.8728715609439709,0.0014446134838094107,17
34,CognitiveStress,210.0,1.3900432081371454,0.26783547518979145,2.704938675246438,0.006087948193564987,0.9633554509015434,0.021625206273806773,0.6645997586670752,-0.0008547576907613748,0.9341820875804733,0.11695667040538502,-0.012166057354597843,0.006099917958050053,0.09040243830995089,0.4195109531880021,-0.48929854975971604,0.02034950650089775,1.031769425250553,0.427208188532396,0.23876255235534335,0.01852619183966397,17
35,CognitiveStress,240.0,0.2960728898294523,0.6443921715659456,4.5243353355725695,-0.0159055853913367,0.9369097956327269,0.024399714028629074,0.006109021452655056,-0.0012492277003519395,1.0159435090202011,0.07734350675680277,-1.1372048767086957,-0.0016670457296480267,0.004927200470792714,0.45055201323738064,-0.023841416719609113,-0.02234435687649333,1.0786087399192925,0.40749530777587156,0.06231297798813196,-0.01837001740898188,17
36,CognitiveStress,270.0,0.0732845904852501,0.05996174658467135,2.6146128452139163,0.001279197821395073,0.9102797631671193,0.017375742308361777,0.24698444497850974,-0.0005633991590406379,0.8865960997911984,0.1368357705104279,-0.12124826119719093,-0.007279972284765105,-0.321711825316477,0.23497025783361272,0.17943050961201804,0.0029441144439250897,0.7273138799037464,0.31659877431891076,0.9616447378919023,-0.005876062954413975,17
37,Relax,0.0,0.33227463122527856,0.3486500241274993,3.3218048402488893,-0.000783843843343231,0.9541788778004829,0.10375555002651127,-3.6751669373531777,-0.002882070207558254,0.16172033559388974,0.07691200916033149,1.4862215922312507,-0.003026178559797176,-0.4957200663409464,0.47093694150923787,-0.21780470459079834,-0.015132584013670966,-0.23289207080541222,0.5634119295553819,0.15127717723713532,-0.025671172043369987,17
38,Relax,30.0,0.3076713950905514,0.1601501709484519,1.3666930235959687,-0.006049858835259219,0.9194799811928789,0.09651294833528336,-3.5647512089693763,-0.0003712845560153238,0.12339154482377486,0.028564058464422306,4.171257370983686,-6.7956059648295475e-06,-0.7185628823658556,0.31481409115329434,-0.2198239872991666,0.00757062728708384,-0.6895753888256219,0.3106968643871971,1.0552897060221735,-0.0049194945664861114,17
39,Relax,60.0,0.028245738189590523,0.023849110137602773,1.82649605644862,0.00013523740104654034,0.8954771946168608,0.0416409352604804,-0.0026583963597970332,-0.0020703998554414717,0.11890441710152136,0.01728426818966165,2.8955807318935487,-0.0002559302396726301,-0.6544522907115081,0.18655396604598268,0.17236626523030937,-0.0033867123875848206,-0.8066736754974706,0.2107769160093275,2.666666666666668,-0.005856541150578698,17
40,Relax,90.0,0.7026087537321788,0.6260964944767071,2.349333939897568,0.008279007645686252,0.8207044427032838,0.06073321020631384,-1.2274622643364248,-0.0029540334333874106,0.11638815012110441,0.022568504920011452,8.230280426316922,5.065612814585404e-05,-0.6910891105271683,0.11351820315732773,-0.07615767867238443,0.0018852745656140828,-0.7129950461599915,0.29716213805790753,1.2609766499825612,0.012572041669908964,17
41,Relax,120.0,0.7288432731999409,0.6315847610544681,2.342856472594235,-0.01844724994874707,0.7321193768783694,0.06371181765658794,0.4842862805627056,-0.0031888162971729006,0.11592037686983604,0.02200826849704707,8.834826744053858,-0.00016954982881225828,-0.4804542977485259,0.27182710831714885,0.9892596820493501,0.013275497312095288,-0.47879847281629445,0.3481582359713824,-0.2690691175985239,0.011400733439793219,17
42,Relax,150.0,0.047882418051476174,0.02967712300278808,4.460917212957769,-0.00042650615652173237,0.6597524508444301,0.03054552001221475,0.2813432628489033,-0.0017148460135245234,0.11642119884111501,0.024811420425156206,8.515994567254017,0.00022912703371598376,-0.17976080163071032,0.21957997192064968,-0.34320048495042493,0.008198662038253032,-0.2914412141413366,0.26183972904701114,-1.7888543819998302,0.009370465840925926,17
43,Relax,180.0,0.4204244434626625,0.8380933204600645,4.1158892310106845,0.018500474514948614,0.59809219466864,0.06288668378392667,-2.8655398204002958,-0.00248801907353349,0.11642131862742758,0.0248114062600305,8.515994871756641,-7.135538589389077e-05,-0.15839615544589988,0.2875133405260698,-1.0359641697758761,-0.007669484490382345,-0.02211515479608471,0.28944839507321113,1.3754927699066493,0.0113031244206169,17
44,Relax,210.0,0.5086593028333708,0.8439937021997603,3.734098124507055,0.0015017135390280353,0.6446877235794737,0.09853514907303819,-1.0587034552503607,0.0038266265626146546,0.11241475403824482,0.0073030882166842,-6.472549778241299,-4.612615911277042e-05,-0.40108306153250145,0.33331760581935815,0.4121958034367866,-0.012292746941157848,0.024724159872654746,0.3165987743189108,0.9616447378919021,-0.0036115337095235333,17
45,EmotionalStress,0.0,1.529601657080554,1.441208299677024,2.572519736082874,0.002881197816048726,0.6880071362690565,0.2177459416913098,-2.8719728032283767,0.006090464688687932,0.116921007197969,0.026437263939591928,8.309359573753444,9.788791855747283e-05,-0.5659141634954535,0.31979338206478164,1.404306079032915,0.007208802234829538,0.44627799189130973,0.4983216614880864,0.17093853737862302,0.016300706202444063,17
46,EmotionalStress,30.0,1.293502309581757,1.3301020738004063,3.1355155969933737,-0.04053032552763695,0.7831009775228587,0.16736776333423398,-6.734233078794457,0.0010098743268998898,0.12765259186237438,0.03785205253815557,3.3990823477237657,0.0005849690633276844,-0.5414943139798616,0.3571526114026534,0.927570966547647,0.00012443535676377255,0.45798782055849446,0.5547048549984631,0.17881425780172983,-0.012532998062238428,17
47,EmotionalStress,60.0,0.5868551191620152,0.3284576192133888,0.8146813504817444,-0.011694402959310016,0.635105014252826,0.16964995704312422,-0.20197268709322247,-0.008873845027664407,0.22710266795104087,0.10942249479936435,0.41293097650215077,0.005621714023437832,-0.4545023630406428,0.3116674706007565,0.4161213499206023,0.0012720481066823303,0.48140747789286426,0.585959639298408,0.12539493181658753,0.011205515401440578,17
48,EmotionalStress,90.0,0.04209147020633696,0.06903194055873832,8.389684978723002,-0.0007586946256168154,0.4417096849194739,0.07471847437799504,1.3590630392518868,-0.003245764445707917,0.40365186737414477,0.12226591330165229,0.20886833217316397,0.006292581444552648,-0.2026639380462413,0.33192062654471066,0.0982616098772927,0.010435100710801356,0.9615104532474437,0.4815288857570935,-1.512204013098875,0.020751677476883876,17
49,EmotionalStress,120.0,0.032918907888814714,0.01259894882799353,1.4521505847654614,-7.98721817147647e-06,0.36442718801671214,0.04723421929381276,0.09552337645359149,-0.0026167344448218876,0.588626323510088,0.14249154518269108,0.04301925945524993,0.007688864942454247,0.17587255211836542,0.34697589444972127,-0.413039637694784,0.014033530673745985,1.301095484595805,0.21077691600932758,2.66666666666666,0.003592011905688271,17
50,EmotionalStress,150.0,0.03639491608568465,0.019069712011442357,5.068563113207101,0.00024053267206591709,0.2506303180058096,0.10415148484934282,-0.8371769858225236,-0.0054074114457488935,0.7979159707042538,0.14252438631154857,-0.050721386018806644,0.007619924678484722,0.3743019236661127,0.2312664617000859,-0.3904658510473314,-0.007611257191874387,1.3245151419301744,0.35051333544343594,0.2529436753814018,0.0025768781062546204,17
51,EmotionalStress,180.0,0.03773610515800962,0.02097368558979447,4.120533588616808,-0.00015681440208444668,0.1336340993459383,0.07993007164315145,1.0381211111695117,-0.003464283855420234,0.9896910646752554,0.10179736956874637,-0.6284319874259594,0.005099095924886455,0.42161722355112036,0.3260952101002411,0.2716812797075335,0.004570004707507865,1.5587117152738719,0.4343699348283654,-0.7197210676601606,0.020029370734979166,17
52,EmotionalStress,210.0,0.1032887526598859,0.1296972604516166,4.04082122200679,0.0035776316929425366,0.09031225837810417,0.042906694159252405,1.1419682858315108,0.00024301923089315645,1.1434299024536185,0.10364000072678105,1.1812622154535581,0.004801727835311865,0.12397636874871439,0.5299256566694119,0.09115206398852771,-0.020710678057705746,1.8865869179550478,0.175256667721718,-3.474396144861516,0.003474881082676689,17
53,EmotionalStress,240.0,0.3958430594286799,0.402134521698306,2.5591409058783814,0.001698656609981266,0.11667807687018866,0.05364318427216361,-0.10001829574887405,0.001842562453568893,1.2749606661079298,0.10063327754636552,-0.7307492496562114,0.004602559027176623,-0.18434680914609694,0.40353417215378723,0.40097415215491483,0.0049239365598617415,1.9334262326237874,2.220446049250313e-16,0.0,-9.592991060942808e-18,17
54,EmotionalStress,270.0,0.28637955248887687,0.3743700921697144,3.6379818618258297,-0.009189368533567199,0.09606546970212966,0.0560441006169164,0.028631926999973266,-0.0030862064063788674,1.4183260140247649,0.09926454405807443,0.511359180157021,0.005162636125023773,0.1010886044254136,0.43821032152842687,-0.14039525267895306,0.015125416919821982,1.9334262326237874,2.220446049250313e-16,0.0,-9.592991060942808e-18,17
55,Relax,0.0,0.025804986367775302,0.028840908355681958,6.8146542474503,3.74999824944236e-05,0.24660109989858778,0.0526742478792113,0.14435897796554456,-0.003019490170181134,1.3201785674442816,0.16694419106518799,-0.03250492862501735,-0.009240693702511727,-0.6529278915653324,0.2814305300190316,0.3385033488874407,-0.0017403523401693169,1.172287369256771,0.670125575010796,-0.29425819068614406,-0.033636068008157036,17
56,Relax,30.0,0.03180921754563858,0.020994565786218472,15.023386962191184,8.99823761192522e-05,0.16471746046276928,0.042935668555154204,0.11811521232198162,-0.00246500139373368,1.047997809728322,0.17736422260109974,-0.015092182106130302,-0.009852315807153879,-0.6315568403420924,0.2674552315186873,-0.0949131661704787,0.0013236208567893913,0.3525993625538308,0.47348848235541896,0.3471411152518955,-0.013880002526871535,17
57,Relax,60.0,0.0913355034706169,0.07299941373457951,1.7662078433968589,0.002530284496662814,0.09754096678317682,0.035223809095089674,0.23246073255978064,-0.0020129547411652095,0.7493646891223461,0.1846286081039775,0.26018694275306514,-0.010319050859049458,-0.7567176962892629,0.30436559835797444,0.664815834723194,-0.011277853563807661,-0.057244640797639294,0.46545648358941405,-0.19744041478766455,-0.006598369696318676,17
58,Relax,90.0,0.7925786794644317,0.5893192907371622,2.332218939324215,0.007016677123076576,0.05043675260730384,0.02091534197187447,0.2980281699219403,-0.0011489373807576303,0.4757536860335649,0.1306258224887077,0.41788780620378363,-0.006902028509202624,-0.5979765048649,0.38322641836011295,-0.06257769574004997,0.018911878451606984,-0.2914412141413366,0.44743192513011804,0.15774419584910593,-0.00847246286450386,17
59,Relax,120.0,0.5920156757761957,0.6174359432322972,1.9902694503121694,-0.01775038241242964,0.014218086320634355,0.02901657721878235,-2.7643802027223465,-0.0013299179358127952,0.27466913061716797,0.10864060047083213,-0.43690656503949404,-0.005509155883927018,-0.32476574763957267,0.30239767614987134,-0.44189135533923946,0.0008109857132555136,-0.022115154796084703,0.6029140500408823,1.1517988113567983,0.021493506022623846,17
60,Relax,150.0,0.37921004465957575,0.4500053249227768,2.705993022182568,0.012918465973090711,-0.029318400983188928,0.0826618824518488,-4.708306498992766,-0.001124936681833842,0.1457303962338008,0.0833086134888826,1.1227588695120339,-0.0035827518260524672,-0.25150491808511083,0.43706802560852265,0.16002028438163618,0.007046220683092361,0.4462779918913097,0.44605072227148135,0.8831679051626968,0.008921464352714894,17
61,Relax,180.0,0.5838391158584284,0.32035472911939605,3.9337523351115675,-0.010103811788065617,0.02375639350259191,0.11004157258647493,-2.642070893135211,0.00426134106668532,0.02030094205746265,0.09835581817980503,-0.16229362864324304,-0.0050352989245376735,0.15450406291049737,0.49585528737033335,0.0757623420571921,0.009127144524268917,0.7507335372381161,0.32682800996265327,0.788231800290021,0.013528610057836806,17
62,Relax,210.0,0.04965672259843865,0.07398703093210773,6.661333546700086,-0.0013693913957115768,0.08544154877127194,0.02548710214818225,-0.5961679877617908,-0.0008285471765092483,-0.09308155455284428,0.05536826621301005,1.50997603509245,-0.0022895376401650563,0.04460385152500385,0.5251498254325432,0.383622286411162,-0.023183793133329356,0.8092826805740405,0.3441972625202128,0.4082482904638622,-0.005700366719896612,17
0,Relax,0.0,0.022773082192502684,0.010161139962783967,4.960327856470224,-7.820041656895972e-05,-2.0284116967738033,0.10271253210223186,-0.8191298604379179,0.004783054054535745,-3.8230580221540267,0.39846501520544203,-0.20927003925732948,0.022637703205454468,-0.5680928631771275,0.4557553307844365,2.0623350332896857,-0.012946409949997205,0.421894948924127,0.5078645362002422,0.06670373459650666,0.018834898285243637,18
1,Relax,30.0,0.021285298987869627,0.010642880879168752,4.342179367910998,4.979636373867749e-05,-1.8204016162328642,0.17573981079182605,0.3242344733897038,0.009382580394802947,-3.197422817808925,0.33328609402424175,-0.013240737261736522,0.01904349921784664,-0.7096192817302769,0.08660020977876355,-0.09509524050719835,0.000721507906330953,0.3710802570736084,0.5036098016157435,0.26906911759852414,-0.024962593829318418,18
2,Relax,60.0,0.021524956715313775,0.009110393895648838,1.0384518371327163,-6.656610457572742e-06,-1.6058126698856758,0.1065144343242684,-1.081560482690719,0.004755229806145739,-2.65575564844101,0.2988702719808579,-0.03815027216153353,0.016995654048307607,-0.6615209826062335,0.09132675605236121,-0.40939914187196313,0.0037345479548656804,-0.06931373896421969,0.0,0.0,1.1429891270501506e-18,18
3,Relax,90.0,0.02175647980778966,0.009425834111677082,0.929643287245394,2.2684878850868123e-05,-1.5275108433486264,0.03209505614509512,-2.3511455057579496,0.001020174441542589,-2.1810140380647582,0.2605063947618838,-0.1529234199954932,0.014715917077692804,-0.5488483479908527,0.07549711651784767,0.18518767273300757,0.0038889127047400003,-0.01849904711370106,0.2214961066235705,4.129483209670111,0.003981590192232915,18
4,Relax,120.0,0.021426949889533125,0.009847598331680679,0.8842872715203697,-4.898258618428276e-05,-1.5137033365838335,0.005507319176140111,-9.31285712065761,4.6833696426919094e-05,-1.739588761362502,0.2537265710319443,0.020701993666996973,0.01429931451763148,-0.554356853880451,0.105031953875153,-0.4295745115643747,-0.003468305831062732,-0.08624680036442176,0.3467020343849864,-0.2727732139176247,-0.004941396951232975,18
5,Relax,150.0,0.019918755054114713,0.009953752439393664,0.8943326565809121,5.883223832335476e-06,-1.4886255995746869,0.04865689080731795,2.114922148104244,0.0018808534952632172,-1.3678133442527443,0.19139314904047947,-0.17087615724116142,0.010517254949691275,-0.5667234681580876,0.10143746067991538,-0.3345036569116502,0.001679127824700631,-0.13706149221494035,0.2534888813878973,-3.4743961448615193,0.002936551682998733,18
6,Relax,180.0,0.02148665932895379,0.009359701208004716,0.9812922693179644,1.837966381342612e-05,-1.3705273306490218,0.12778034568351204,0.5794415626019846,0.006462754168614251,-1.010437265532075,0.23761134599627182,-0.01578811138124915,0.013188924766012314,-0.4471803548292933,0.09777756250755973,-0.21053280274060404,0.003976426140244082,-0.06931373896421969,0.0,0.0,1.1429891270501506e-18,18
7,Relax,210.0,0.023674237948471365,0.008327305348754878,0.9696288473689437,5.1263275489869436e-05,-1.144264892477829,0.15952619685337957,-0.43164736368780776,0.008256601821151776,-0.6138744331235111,0.22441688226130946,-0.21678181228155513,0.012402391177966429,-0.4114635143733369,0.06416872774149844,0.2986681027774057,-0.0022362193613941644,-0.06931373896421969,0.0,0.0,1.1429891270501506e-18,18
8,Relax,240.0,0.023974778365624456,0.007817250285533057,1.1089754305678232,-3.153559002517437e-05,-0.9948390293396078,0.051545442164302076,-2.0505270153619084,0.0013129750605011658,-0.2953477387551456,0.16759004059081645,0.08810588488695892,0.009124450964185269,-0.48978128135657595,0.08657700722540411,-0.8017445988394483,-0.0030389816416820253,-0.10318761558958005,0.18241640828410666,-5.199469468957451,-0.003275384569498584,18
9,PhysicalStress,0.0,0.29760759306464035,0.43774906563068255,3.107633548615011,-0.010791642894863012,-1.3447569246999715,0.1849395404536772,0.43642139196886787,0.00687437242112002,0.25432079600095775,0.03178363432437291,1.6080865277267098,0.0009795030879938553,0.11753736887620056,0.5004812421185174,0.32629517940623204,-0.004199005380660833,-0.5096702581814261,0.7951616109919586,0.09170985786424408,0.02174230041234976,18
10,PhysicalStress,30.0,0.5972657742583694,1.0188163260169407,3.255682791016195,0.015652380342407506,-1.201348877988408,0.16743251897747366,0.14792211532551153,0.002477622528198104,0.3406044990505025,0.09201262548556403,0.5471784797003888,0.004029404146191825,0.059818667707826144,0.27648050129707447,-1.3221216480548426,0.01236696108670298,-0.05235353917667093,0.7978682951051126,0.17746141211374492,-0.0015529194299627052,18
11,PhysicalStress,60.0,0.7224856506623538,1.0157471982873911,2.962777259427446,-0.014802284207040812,-1.1762923901065558,0.14646272792074652,0.3222310718245192,-0.0006270170073421665,0.3561877630372408,0.08978992039078966,0.24080907983201272,-0.0031033247362909477,0.5668350087004705,0.41992209791226165,0.31384491079368354,0.02257755688850885,0.16783699732144625,0.8165324384402761,-0.06019481169054563,0.021121035690622247,18
12,PhysicalStress,90.0,0.3688983845200833,0.30283169361254325,4.01009606604172,-0.002460764568155204,-1.106364735707367,0.12392180279424415,-0.320247205196022,0.005178325222257786,0.27425768449844434,0.060328470844699285,1.8115216550290851,-0.0019449114436955678,1.0065308019684722,0.25318741283305435,-0.12822256459155834,0.009158042315000723,-0.1539790459652301,0.7935397725617097,0.3564651062878988,-0.02837809232102513,18
13,PhysicalStress,120.0,0.331304947813049,0.16906811816261874,1.3895046685859842,0.0012512726539847814,-0.9988675413922519,0.08290717900926854,-0.3593338231962052,0.002173688037526916,0.20760459576739407,0.07049640665253407,-0.5496290597824011,-0.0028494151676614074,1.2401048116388496,0.34729509920554685,1.3047179265155147,0.014856518799873465,-0.9331092236483428,0.6644580796921097,-0.16377154404065064,-0.005110981440703119,18
14,PhysicalStress,150.0,0.3483771244850922,0.20246984741033233,1.8209960972918333,0.0006500561361549033,-0.9358769629277754,0.07508897100662346,-0.7846843353872109,0.002210983524934213,0.08645215214614387,0.09853356365158639,0.5072857395093406,-0.0049199010682046155,1.782815726501776,0.4928856957004993,-0.18570701999309525,0.020704099123250892,-0.7806767788342213,0.7257447689481802,-0.5107569281512998,0.02275918687081906,18
15,PhysicalStress,180.0,0.4533237620193655,0.259764589452243,1.272432696080022,0.005023881596713871,-0.8866803185510646,0.05137975316185651,-1.0311258617023946,0.0009685657189299513,-0.009157042975953699,0.03539523140632806,0.7894312520556518,-0.0010520364791447325,2.582473143799074,0.5963626212777742,0.18515840668666417,0.02494294183238192,-0.6621065799080258,0.5010013916962626,0.33806170189140683,-0.013920384420368978,18
16,PhysicalStress,210.0,0.5521954046065269,0.35536563579912717,6.902797189277764,0.001142998969752383,-0.8709640378750209,0.043255478595522,-0.14734954006221834,-0.00014441017896088827,-0.1155770147096077,0.10606151236468234,-0.2519251079233436,-0.005592993261690347,3.1788019969684798,0.43885485230281207,-2.3247297160487594,0.015446297692587737,-0.4927371967812241,0.5010013916962625,-0.3380617018914064,0.024706564640614322,18
17,PhysicalStress,240.0,0.5558095685848531,0.3597628929469316,6.641972525854748,-0.00043335743295742934,-0.856212659104198,0.062334814618864656,0.36429773439093743,0.000816930091898319,-0.2402901548156893,0.06906717233074981,1.0301368736027925,-0.002766885836056469,3.46323783645173,0.13727118096877894,-0.21114773283014118,0.004751007176366414,-0.5774218883446248,0.5081081493804052,-3.244280035542666e-16,-0.02541246648748901,18
18,Relax,0.0,0.025150827872973288,0.008912631167667476,11.394938329057814,-3.846517895542795e-05,-0.7543939797327727,0.19398729389959077,-1.1618209875746672,0.00913893097278734,-0.7534532486427944,0.02984456311689676,5.0918268167962495,0.0001466000823014298,-0.24794884246568252,0.8019051970625255,3.671968692755551,-0.029446088109185985,0.08314584423724855,0.7381014806680051,-0.23680021631753434,0.016009834497169598,18
19,Relax,30.0,0.023601333238385144,0.006557251948086276,0.97943846245952,-3.3002026298919694e-05,-0.6026239218552121,0.044902240572049223,1.967147032273797,0.001518636638584971,-0.7536581098257729,0.02947397696639901,5.240933354422279,8.907038579926368e-05,-0.6367902281160358,0.09602951422371182,0.8172051347894989,-0.0015762420515448954,0.23557441213889205,0.4657243436417144,0.8728715609439697,-0.0031626815711353717,18
20,Relax,60.0,0.0216911616762855,0.008070668485781796,0.42514613097210024,-5.9844303928011276e-05,-0.4630522799591865,0.1416030731438786,0.4504643385720523,0.0074733160674961534,-0.7305372604151716,0.0438979969518606,1.7487146890205894,0.0017411419604460947,-0.6519055286920524,0.08553617497103493,1.4200208057953758,0.00010326317291294488,0.5065861020083247,0.5036098016157435,-0.2690691175985248,0.007511368731446486,18
21,Relax,90.0,0.019739620889167045,0.009634403579681572,0.4311601946115641,-3.540543100434512e-05,-0.25454692355694036,0.12039567336280328,-0.5715601599089312,0.005999553939359114,-0.614700863826834,0.10620221131836195,0.08320703972731108,0.005552375808432492,-0.5076316608730606,0.1576254291791386,-0.020120971524087407,0.008489364187798052,0.3372037958399293,0.4978802658821332,0.40824829046386274,-0.014570925809873642,18
22,Relax,120.0,0.017647644212353143,0.010722086731484521,0.6553536628498386,-7.355738948619436e-05,-0.1381998905699249,0.048550717219294964,-1.737876271486633,0.0017064058675912487,-0.4651213025602436,0.09850252507625055,0.8823268817073231,0.004493794245929987,-0.32764218963064956,0.06173285841656591,-0.2255298377727525,0.0017385218848518656,0.13394502843785486,0.40651753480414893,1.4999999999999998,0.0033885873976450325,18
23,Relax,150.0,0.017229376427687324,0.011564184053341722,0.8396515913222649,4.253298490003757e-05,-0.07505196155953577,0.06812376192711644,1.7070337114511114,0.002789718004382379,-0.33009535074939367,0.10629859950973666,-0.6260899902871078,0.005135754418241634,-0.3235241083132291,0.06507799061517458,-0.025217854869094284,-0.0018186440595371282,-0.22173196843258827,0.7143927154290326,0.21813699052977348,-0.03780926416107918,18
24,Relax,180.0,0.018243245984999313,0.011729193480107408,1.1030758645136538,-2.8557680039583996e-05,0.025741599278910832,0.09301374727532039,-0.27067811790842433,0.004428143393546666,-0.22203370395424185,0.06635399411636542,1.7975570389674562,0.002522216738590531,-0.44030492798573,0.11311758609932623,0.015499743894923812,-0.0046976597615055755,-0.9161606545982283,0.37872145397873447,1.7888543819998328,-0.014118036937493895,18
25,Relax,210.0,0.017543021612848413,0.010092651704807158,1.9859466077828354,-2.5962024487864424e-05,0.11698267025431604,0.04872643259322428,-1.2551418474080307,0.0017888065078954856,-0.10103713495821412,0.10671245889479707,-0.46777823571420907,0.005553861791213944,-0.5309831240839178,0.06036264481036955,1.0445129830640256,-0.00010312706152509406,-1.0855300377250303,2.220446049250313e-16,0.0,1.8475558086910546e-18,18
26,Relax,240.0,0.017066418233382966,0.009259536538084725,2.0441170205692676,-2.4226772120474272e-05,0.1550313303707334,0.03370676656731427,0.10219483165893899,0.0006824668578828396,0.055259898885423285,0.09347491323169152,0.9338444033323552,0.004559378170274651,-0.5103815842039781,0.06378298737932411,0.5215475302577072,0.0009754649462338633,-1.0855300377250303,2.220446049250313e-16,0.0,1.8475558086910546e-18,18
27,CognitiveStress,0.0,0.3622247552878081,0.6928975346067552,4.1405665435640024,-0.011428174864404641,0.9743472015012298,0.9625025621822021,0.32908701178503263,0.0480086499403616,0.44302676382042944,0.05054498081402196,-0.9902705205658111,-4.890135076816992e-05,0.9268250844781305,0.4146267827929184,-0.3694924586140132,-0.008594089526983463,0.5574007938588433,0.494120442423994,-0.4799138191337428,0.018270133718969468,18
28,CognitiveStress,30.0,0.11684962956330601,0.07709440508837825,1.4298776612598403,0.0008317633708880161,2.025303189143595,0.5172555376921006,-2.138222083239753,0.012692799928578751,0.4012596453414068,0.08083242138056788,0.011577078534473895,-0.003004128892083722,0.5531039475339443,0.30679531764383133,-0.15278004034624806,-0.012319064314237274,0.709844869410399,0.4298441051595692,-1.2609766499825605,0.0019201995253321784,18
29,CognitiveStress,60.0,0.0947197869515466,0.0683221315939063,1.897426345094745,-0.0015452329117665229,2.0469897054063932,0.24872651013501787,1.2127556207687094,-0.012702348931148584,0.3125143502990869,0.0785959795484979,1.4908552587195938,-0.0032269188788675825,0.2782996433878619,0.2770476440741828,0.39828183694661223,-0.0069131984411220935,0.709844869410399,0.4298441051595692,-1.2609766499825605,-0.0014683878723128518,18
30,CognitiveStress,90.0,0.10653282376809219,0.0635003118070493,1.2032698561099164,0.0013705883370544129,1.516102639894989,0.42807148000536194,-0.6665878698706665,-0.022958342675952682,0.2561728532954939,0.03440687524219454,2.9586816873767208,-0.0006916409891872591,0.24257661776921774,0.23528843724427245,0.27439406968875113,0.006299298960646395,0.6759684081767201,0.44942204454853485,-1.0552897060221726,-0.009939856366425434,18
31,CognitiveStress,120.0,0.1578808225270661,0.09178434628724737,1.7812220711620583,-0.0004769801876310213,1.2458512203418806,0.36390167971915194,0.02277004649639162,0.0002126486107018592,0.24464093522561764,0.019624142349137837,8.621412420323296,-0.00013101295992588326,0.31814940955168913,0.2173267306846255,0.3229907709675285,0.0014909992014653366,0.7775977918777573,0.37875035077821395,-1.7888543819998337,0.005986504402506217,18
32,CognitiveStress,150.0,0.5120099139107833,0.8448878493751447,3.20107998960925,0.011810817203510258,0.9094486667866247,0.6737176403368256,-1.077627273965518,-0.024513814914633413,0.2373708809756253,0.02828368820011357,2.39059762920086,-0.0003157217815561106,0.23845358832164726,0.23563437448660327,0.1791627359164676,-0.006237485829920258,0.9469800980461527,0.0,0.0,-9.609093456797641e-18,18
33,CognitiveStress,180.0,1.484445445307353,0.6926716500279303,1.457892857882471,-0.003279738072610166,0.16979378393298827,0.7173226311366204,-1.414365756568304,-0.02356555527207451,0.19999632249188729,0.05860189250488151,-0.1715276877116368,-0.0017396806528092853,-0.13802489414868196,0.3444819716471105,0.3959507928792847,-0.016687293271279005,0.7267831000272387,0.4186862000093457,-1.3754927699066493,-0.015785169627363118,18
34,CognitiveStress,210.0,1.942818212199715,0.28978113131512623,1.2197955267963603,-0.009277067949432803,0.016562414643304012,0.5281696948187865,-3.2299600920919453,0.004400714423542959,0.12827878366548992,0.06919324925082243,0.062307294848061384,-0.0022513055709982312,0.015864427584491084,0.48176042278794856,0.18596009908053904,0.022422998283021554,0.6590301775598806,0.4579591388429482,-0.9616447378919025,0.002174343580155556,18
35,CognitiveStress,240.0,1.781005467663643,0.44908923631313374,3.281820068666215,-0.0008316748269952805,0.9094611178628862,1.1026372630096382,1.2504411756064262,0.04311550452169233,0.05723446834755747,0.06595149096472253,1.1323406473483448,-0.00200639631199553,0.5160065787661098,0.17572084782828337,-0.7593346581003881,0.0026231922862170348,0.7098487463228772,0.5366911120156148,-2.2093712056075137,-0.01039137717021746,18
36,CognitiveStress,270.0,0.5878491635860643,0.5646325612880477,3.152231830563352,-0.019904687123131426,1.8807141135882932,0.8514607687897298,-0.07655712043194707,0.020146431019337996,0.014192047380122535,0.04582609330010982,3.7269588178719255,-0.000887114531025417,0.4404387351137885,0.1940253846152862,-0.3073271146093184,-0.0067985782164989815,0.7776016687902355,0.4967118861537797,-2.934113368458828,0.003840302100921929,18
37,Relax,0.0,0.2319508912774797,0.5226997945568616,5.1496844917735105,-0.010965130114784893,1.1919315889952244,0.19610486848903216,-0.04372260637527002,-0.004568019445483202,-0.004409207098226523,0.019341825021410772,9.037421367027338,8.594278329203663e-05,-0.46779179096953316,0.5532006658030122,0.3580668952342509,-0.02765065516586419,0.3880378722528384,0.9169828171392552,-0.7353765804738682,0.042497143999156536,18
38,Relax,30.0,0.013338786391629758,0.010105083817772207,1.2568233999916258,-5.258593263923347e-06,1.0547246806464738,0.15990104816366324,-0.5112030490975035,-0.004961244952318701,-0.0018158974725487873,0.02267968769071811,6.010977298028649,0.00010405586426179054,-0.8442764586025501,0.13736908176833218,0.049071401538779445,0.007281946876029808,1.0316712511303503,0.2808887778428343,3.015113445777638,-0.0007624321644701443,18
39,Relax,60.0,0.013697434559992835,0.009265265097222673,1.4310338199164543,7.347330739948046e-06,0.8320924049811996,0.2116574748459314,0.7777770593875568,-0.010851167379670224,0.0527077389030148,0.08902749419689686,1.4247240682441253,0.00399464034765144,-0.6560273211070854,0.10587865489084768,-0.17570120804961167,0.004504317659657022,0.4557791639827623,0.7534974674468811,-0.4251781821754586,-0.03826210132692962,18
40,Relax,90.0,0.03784471215757971,0.02085682850411897,1.7574882686287736,0.0007181776429420047,0.605355473327115,0.10342020029885093,-1.7453310590274083,-0.004274729908596728,0.17421057168294643,0.09721373771426225,-0.8135671248810078,0.0045976115615655325,-0.6079302590155796,0.10256347296007827,-0.12020656039682101,-0.0020048898085738747,-1.1702483291965744,1.1330489659304317,0.23668961977798575,-0.06096410508522084,18
41,Relax,120.0,0.03352574270611329,0.02220354396800953,1.5840202814008548,-0.0007673752647767302,0.3958913453425951,0.17967224258614148,0.25022689716876056,-0.009385507058296928,0.26508523998396766,0.04978718961730479,2.148780110473865,0.001833975919695601,-0.6642733800022266,0.10026681714685515,1.0640876999919295,-0.001567071031215288,-2.3389410111129245,0.42981131015650526,-1.2609766499825632,-0.010277930890495546,18
42,Relax,150.0,0.01812704907779069,0.010430462226595202,0.8204596824105612,3.292098500455836e-05,0.2404978515646994,0.06512600976141437,0.27976330439585984,-0.0006050893433901075,0.3809371920160877,0.10878201049287925,0.018282418200043754,0.005537198928063576,-0.618929952339251,0.10263035367636966,0.4727350206838596,0.0032046704465664363,-1.6953011707146162,0.931411180965159,0.036375429511961814,0.037499315834509266,18
43,Relax,180.0,0.018691620666544183,0.01000785410209565,0.9978507005674953,1.0554513331474007e-05,0.2865108836239055,0.0899715216698631,0.3653596012540006,0.0027389700165056114,0.4942920848706116,0.05188237968424612,0.5914069263307746,0.0016576987430758504,-0.6175556091900607,0.10500481932392357,0.3742962955964702,-0.0027120359011932587,-1.8646705538414177,1.07175637480948,0.12112133045933911,-0.04947141115750408,18
44,Relax,210.0,0.019806472329359982,0.009511962491875399,0.9989514420847209,4.395903872404013e-05,0.37376278544568226,0.08853458441010482,-0.16153134091530083,0.002313379294458596,0.5980772928912755,0.0999612250463233,0.412897812544825,0.005226982534338728,-0.5928248546998631,0.11260227083034163,0.052586743061124694,0.005273173768314803,-2.2542408118996113,0.7380942744311371,0.23694292451073876,0.029451250564443393,18
45,Relax,240.0,0.020219606169233784,0.009203484844062235,1.169330819870012,-1.651001029218225e-05,0.4248177035361274,0.07146966255729632,-0.16016527860853477,0.0009670108163609397,0.7112198503944237,0.05616167345975138,-1.1808465804760218,0.0022503594908580677,-0.46779673909968333,0.061730958603494326,-0.012725934482964392,0.0019673313147032427,-1.5428622643796976,0.5055998001171017,-0.20100756305184195,0.005562930977800608,18
46,EmotionalStress,0.0,2.046682254001634,0.8836239139923883,1.6748792147733165,-0.024800749113823795,0.5352306928512163,0.32383349544283696,0.9964361574471243,-0.010504369508249074,0.7819920776561998,0.05803615851845403,2.40853810928903,-3.4142495283354835e-05,0.11616178869447263,0.37640227445319613,-0.2497692159753842,0.0027535684351302687,-1.271867374464337,0.7759963712111574,0.3222820158890759,0.001835831705025119,18
47,EmotionalStress,30.0,1.6362640884700062,0.7873345606236378,1.7597317525125598,-0.019244445706787044,0.40760885952391157,0.29043135729719816,4.633883056683548,-0.0010456926080563912,0.7617765090293296,0.03823615834445551,1.7524749749982191,-0.0008346506382163366,-0.27130896490430295,0.5808969964678005,0.2734041499451358,-0.02727288007118974,-0.7976175940593796,0.7891851795241943,-0.5381713302009032,0.03340410269857935,18
48,EmotionalStress,60.0,0.8003869819204811,0.4375610944722963,1.690246935073223,-0.01509335799487667,0.2959533093573901,0.3101482069941743,4.711900119623089,-0.008831957235480565,0.7460920253609701,0.023760122458432023,5.038957588095806,-0.00022286829572771113,-0.5557324340621786,0.2784646286528676,-0.471558570309561,0.008945238346983865,0.2186387661303712,0.5278036648868475,0.22369926743995283,0.016971020096950975,18
49,EmotionalStress,90.0,0.10969896430393793,0.12591896157064766,2.358009139095039,-0.004183142682171767,0.1576529403381054,0.02771862789822642,1.9556799623809937,-0.0005680270141316008,0.7310688049796722,0.03817643751645956,-0.4904090270303623,-0.0010972456022135457,-0.4375649009151123,0.11607733887096472,0.6823465783376115,-0.0048947098675260845,0.6929066387935596,0.4400681402802721,-1.154700538379252,0.0018354848403910556,18
50,EmotionalStress,120.0,0.01772757583600845,0.020850616915502638,4.217064711310341,0.0002485522144596558,0.14879966799174138,0.01627300868473627,4.679076151013427,-3.899942482844804e-05,0.6500400229483418,0.09578724741413484,-0.0003581561519841072,-0.004262565795286457,-0.46229936650292275,0.17298214607814683,0.4160457175819362,0.004922499275878104,0.5743390244756829,0.4897463187966245,-0.55337157109286,-0.008697374320622248,18
51,EmotionalStress,150.0,0.03191662407019369,0.016792566398664395,4.262911220116789,-2.8430941195523183e-06,0.14593460779637848,0.013946889089041075,2.8564127643299555,-8.960217924220513e-05,0.5414475404915503,0.0753178487315937,2.563449385366859,-0.002722847255092234,-0.35100973426449483,0.2076683402214819,-0.4568597520099628,0.005185893372005044,0.6420919469430412,0.46572434364171433,-0.8728715609439711,0.021348100605163706,18
52,EmotionalStress,180.0,0.019199931552200695,0.010241867924993698,1.486061392172073,-2.1326882393735098e-05,0.14129917127694594,0.014892524639845403,-3.175522506096258,-0.00011012143105902559,0.4978906645781331,0.0253129422128018,4.486343793221501,-0.00014350385001727953,-0.24658563260933017,0.13643612065560048,-0.10857147038468537,0.0010766101434601645,0.9469800980461527,0.0,0.0,-9.609093456797641e-18,18
53,EmotionalStress,210.0,0.07359491973077088,0.10607971535626237,3.9889061030580484,0.002875056929378655,0.1262733340891896,0.030360501223173814,-1.2683209066574028,-0.0005891589367297352,0.4905483163994468,0.0238136367641822,4.370526148215717,-0.00015103561113491854,-0.2548329285370087,0.12670611654056252,-0.2086628085216901,-0.001873911469884113,0.6929066387935596,0.4400681402802721,-1.154700538379252,-0.014825069864697027,18
54,EmotionalStress,240.0,0.1343591730755602,0.07513570153638172,3.5264521564094213,-0.0020184939258970445,0.119780133725167,0.035802854491515775,-1.1822169681880113,0.00039615981756032737,0.46348649073969006,0.04683732426024311,-1.5465452811882296,-0.0013999120724149318,-0.3042956745499419,0.13501375575395425,-0.07780556550949826,-0.0031103782514888202,0.8453507143451156,0.6346752977914404,0.07390530175619385,0.019032565883439597,18
55,EmotionalStress,270.0,0.024671387635423894,0.006588451224874249,0.9838200540173881,-7.21472905575064e-05,0.12573079995361816,0.03429190038656577,-1.6617118083669569,-0.00018354697499041794,0.36587059082574497,0.09985982573055749,0.1347128048325004,-0.004594679231171634,-0.30567001769913205,0.14522181003534143,0.04195255352354235,0.0009134847697135437,1.1502388654482272,0.4065175348041489,1.500000000000001,-0.006551268968780401,18
56,Relax,0.0,0.09054114478702165,0.20757214643208832,7.317092321394451,-0.0027329147479391454,0.10190185545764412,0.12508421081891244,0.16494772961293194,0.0060529763554978515,0.23341023535384955,0.04359626034538325,2.515967135337462,0.0008700193086018636,-0.30566506956898193,0.3392759999176949,0.6799628483426233,-0.010026212304030132,0.8453507143451156,0.4802817295807839,-0.303193339354144,-0.002484964091606368,18
57,Relax,30.0,0.025156384168319595,0.023412328919842795,2.6152780260658566,-0.00044008495695511203,0.2883234867515796,0.11844816931480218,-0.6327978845893806,0.00604750612270708,0.31392093644596997,0.10570151809326471,0.8701941842700681,0.004968476280313009,-0.5323636523957959,0.176144807193259,1.711376064335972,-0.001680860151455032,1.1333006348313879,0.39324428897996805,1.6367758705650004,0.00590178971756509,18
58,Relax,60.0,0.023284419339542103,0.009197001161210128,1.05340063848646,5.4041626646950516e-05,0.3936870401684326,0.021354665917267274,-2.006724090896005,0.0005778545343315363,0.5004176291308301,0.16020310270402316,-0.02734622324242945,0.008814995788223383,-0.5831858971674688,0.05348259634380265,1.0291285465828472,-0.00034103739371839093,1.1333006348313879,0.39324428897996805,1.636775870565,-0.01273544096948259,18
59,Relax,90.0,0.024650404479856676,0.009112626248694519,0.7701621991718717,2.201557432684905e-05,0.40328318674624314,0.012085994915659726,3.875867057168979,0.00014139451677027185,0.7476604504799875,0.16699941940158716,-0.006824999063854874,0.00923400031891945,-0.5763141814215181,0.0455739752221599,-1.240419692322791,8.693599325262311e-05,0.67596840817672,0.4494220445485348,-1.0552897060221724,-0.019879712732850864,18
60,Relax,120.0,0.07366894119913778,0.03276735041651334,1.0458604427753393,0.0012606896377057456,0.43194659030157295,0.05267384672542324,1.6850082260725674,0.0019260897639361962,0.9943618114875669,0.16194249732821012,0.017559124931382026,0.008845098136628413,-0.6436594697969114,0.1026435531633512,-0.1355138442084068,-0.0037873323635313314,0.1339476130461735,0.4838461322655922,0.5190340648471914,-0.021460803603526927,18
61,Relax,150.0,0.058647567283894905,0.04192473611488266,1.8360494363096047,-0.0014561641433984828,0.5342949626431093,0.11504532382391511,0.6587033084343343,0.005388037085712277,1.2161641399984835,0.1490530843420899,0.12678766671314054,0.007829749919642656,-0.7481008899076016,0.08053160839815848,1.1603027892494022,-0.00068499705768798,-0.18787230715298087,0.32622847095278945,-2.3882010055953584,-0.0005929575513747426,18
62,Relax,180.0,0.0235203457004926,0.0133664864440529,0.7230451891966367,2.4110121276327815e-05,0.6928155552213308,0.1213809643738536,-0.4502963925777939,0.005753313138917563,1.4116705910459302,0.12177620165390454,-0.3052189010305079,0.006215255148534066,-0.7302319549030544,0.08240502955179337,-0.03295780487813823,0.003812108760706923,-0.13706019991078103,0.31413786819998396,-1.5997346757527762,0.008922687676483708,18
63,Relax,210.0,0.02193162434671386,0.012572597303469974,0.8169398405591025,7.0595793989134905e-06,0.8214740424629946,0.07219793982061548,-0.49999636695563654,0.0029143662803302775,1.6129111936109908,0.11528238161498303,-0.03452816591518734,0.0061504148375010875,-0.6312940925518126,0.0977446930852543,0.21503407222579604,0.002570323323507419,0.3710802570736085,0.5036098016157435,0.2690691175985242,0.023720111783515234,18
64,Relax,240.0,0.03746256024064611,0.025086218666912876,1.6499145011169993,0.00022188540630835445,0.884571545857801,0.043917637740144004,-0.6745899013182577,0.001098138516236655,1.7713313079275754,0.08379910792239217,1.144935474814459,0.0038022634612742776,-0.4279383137080935,0.29874967735792474,1.2782417770044598,0.010889587460078587,0.8622889449619551,0.2808887778428342,-3.0151134457776383,0.0073137011332505275,18
0,Relax,0.0,0.022833520902550117,0.017745612598562034,2.1307593361019372,-3.0082513065345293e-05,-1.330936675942396,0.02376183942660739,0.22868242294112465,0.0004020735198790211,-2.874392862749799,0.2436579430668776,-0.08508704360293863,0.013948440409759793,-0.35155012371004124,0.0971662035663258,-0.3291767286288929,0.002909774660364797,0.022084761131063953,3.469446951953614e-18,0.0,-1.6456976443862976e-19,19
1,Relax,30.0,0.021108845831239488,0.014304410436614163,2.9755605752904897,-0.00011734252585653798,-1.3161411127695748,0.03234797843401821,0.3400848418931506,0.0009067362467998736,-2.498614073077555,0.1886469282563896,-0.16327930782156336,0.010740032558213722,-0.38904304467246664,0.08288884609875229,0.7079421481067822,-0.0036531487158023377,-0.018874432549833963,0.31459522950768076,-1.5934827919806103,0.0004096197862415298,19
2,Relax,60.0,0.014945035417720541,0.012207801832521731,1.4286188978147865,-9.484749448698528e-05,-1.2666893736146156,0.051545994960342456,-0.20683920461641966,0.0025249818690880935,-2.203171556293074,0.1585312793776578,-0.04343673196929277,0.009026289568810759,-0.42235967910552463,0.05159487228928471,0.8417516952359592,0.001986759504417114,-0.08031400428792086,0.5160378100562156,-0.5220169406854412,-0.0015363249084181714,19
3,Relax,90.0,0.01475375250693913,0.016215763821670903,1.8243632941978642,6.835715583558597e-05,-1.2151587212579325,0.02718727353980629,-1.2724144172594418,0.0009101580515374234,-1.9547224032708983,0.13736410285603387,-0.10777730040097874,0.007765768038714986,-0.34599025601651034,0.07338787762635378,0.39939147986167756,0.0015020568995784665,-0.03935481060702298,0.41516008191492587,-0.8492445552399781,0.00010266216852119441,19
4,Relax,120.0,0.014008528780749591,0.016471082025609443,1.9131407487037335,-0.0002174313104384456,-1.1985190804945873,0.012076575109382067,-2.982381481360988,0.0002693951268755661,-1.7395308892266332,0.12038630518551705,-0.1824319746265352,0.006783672115142973,-0.3071293635235682,0.07767416182912755,-0.507000053866689,-0.00019674076435619289,0.022084761131063953,3.469446951953614e-18,0.0,-1.6456976443862976e-19,19
5,Relax,150.0,0.011590398780275185,0.013690907482762844,1.814888687595292,2.5671225455468556e-05,-1.1938413810750212,0.0024302620316567153,-9.108942989679642,1.5181563231657361e-05,-1.5345702354076518,0.12596008305526915,0.35403029111390666,0.007004419271807294,-0.3751589850722861,0.1073950484196366,-0.12432570356511391,-0.003434666679898635,0.022084761131063953,3.469446951953614e-18,0.0,-1.6456976443862976e-19,19
6,Relax,180.0,0.015702621780792483,0.013018651444835074,1.589903490811431,0.0001258851063790408,-1.1931594510229226,0.0027442827771735246,5.168347418001582,2.975942496343554e-05,-1.3378957633484991,0.11675000820554755,-0.24882291881018723,0.00643405782513589,-0.4084727813901355,0.1016409537849535,0.600890180142969,0.0008052408663449247,-0.14174576385860732,0.417687521922242,-2.1572774865200244,-0.002731267435226528,19
7,Relax,210.0,0.022146981646794118,0.010419044419954731,1.1238583724054,0.0001534964862037206,-1.1885574176233384,0.009010131551203213,1.5474382693845996,0.0002689047317861176,-1.168455772026194,0.08883561303134527,-0.34891295636819264,0.004902092737233198,-0.31963409913239815,0.1465353726312037,0.096745659466048,0.004891464355758352,0.02207226166322312,0.6344886901086033,-0.00016252552836282794,0.025672997008798173,19
8,Relax,240.0,0.026517735978123742,0.006617648570321125,1.4459694507114447,5.556124710997083e-05,-1.174080778232132,0.019637144994047603,0.7786101348500695,0.0006845046033634133,-1.0286030676503346,0.07125699562368136,0.14510122420326704,0.0038239822693211002,-0.14752937382889267,0.18359246976211507,-0.5207538354098966,0.00759446272685895,0.2882890526040384,0.5061652258012451,1.3754927699066488,0.00030724414344883194,19
9,PhysicalStress,0.0,0.8236638095318031,1.2516227698361164,3.11480430781706,-0.039110142811623075,-1.2514175178890214,0.15084627929995437,-2.713816035710235,0.003303157872759601,-0.7139239858400087,0.06377673834386517,-0.10893650641310408,0.003375536284159213,0.5714460947778812,0.8599966685984793,0.5714720043143466,0.007622153867605785,-0.8994431927340756,1.4472790753294913,0.24091568424066612,-0.06367013502863156,19
10,PhysicalStress,30.0,1.8855250714764302,0.2903032474886778,2.654374945726809,0.0062191705864780775,-1.1240051821862107,0.07581892770227668,0.12352215857686398,0.0038525162148582274,-0.6035798572951769,0.07336410163750862,-0.20810887719586899,0.004005177946869192,0.6228060466492359,0.43656299150299005,-1.0777758836625095,0.015885348771926728,-2.1076433166615383,0.5433229245527764,1.0552897060221758,0.01290425402485106,19
11,PhysicalStress,60.0,0.6855607302832933,0.8318178262352682,2.559275109435508,-0.0045765515290557435,-1.0390640258362487,0.04784524605646892,-2.8962595161811406,0.0011818917108986676,-0.4963555302887787,0.06394521653882745,-0.09012319823268591,0.003334002652454363,0.8615440408188566,0.29960551505324906,0.5038018214959933,0.005005540973170815,-1.431879899482666,0.8239639355624422,0.23277393231511478,0.04298123743839752,19
12,PhysicalStress,90.0,0.6276960431017435,0.5660995590545755,3.8627742343102462,-0.006276649579460089,-0.9993462524789369,0.04683853492959684,-3.7137661170324443,0.0016049887140178198,-0.4257482853046865,0.04097182886079584,-1.451423933485341,0.0017621181973206175,1.1419242803857903,0.384974577285809,-0.6276624379997737,0.016750814616485442,-0.6537161544513298,0.611284928172394,0.2010075630518416,0.008296224834500585,19
13,PhysicalStress,120.0,0.7930003974165452,0.6476194075484472,1.9542490602615818,0.005606103352288951,-0.9705484268997132,0.011963527745654992,-0.9335640817717568,0.0001959960851052202,-0.3967935946355433,0.017382806058649294,5.31344983071882,0.000353685790841542,1.3515162504213039,0.2445747617212289,0.5874286653818688,7.866602410201235e-05,-0.8380254950647099,0.5630743364321421,0.872871560943969,-0.0258104772628907,19
14,PhysicalStress,150.0,1.0058652699855124,0.9618914005740238,2.8896583807888647,-0.0053606556996959225,-0.968244308106739,0.015365258281043273,-1.033720254142736,-4.09073309351675e-05,-0.3881961618835284,0.021672433784677946,2.4443560662839916,0.0003338906680540852,1.7873216122111493,0.5761363164877585,0.09231454254076345,0.031648527684877976,-1.2066441762914706,2.220446049250313e-16,0.0,1.5595047196234753e-17,19
15,PhysicalStress,180.0,1.4062890670132806,0.9124076373857773,2.027524655952329,0.012471257764057157,-0.9964253608501564,0.05964234591975952,-1.3126382290701353,-0.0023194748630800126,-0.38818077931767897,0.016831531380693383,0.8673993214186648,-0.0001901564802333665,2.5020924131364706,0.4666683040183749,-0.5018826522796795,0.020863972205634265,-1.2066441762914706,2.220446049250313e-16,0.0,1.5595047196234753e-17,19
16,PhysicalStress,210.0,1.5372850820719346,0.6161068724033082,0.6986289306359343,-0.000784477656395177,-1.0137565994251674,0.07730142863404457,-0.869241816300014,0.0004173748686898908,-0.3946170864735127,0.017558936751636733,4.122286386739962,-0.0002527138189444106,2.9587408930178376,0.41015923441048807,-2.304022302536171,0.017818285026183052,-1.3909394550035292,0.43871051421350926,-1.960392117639217,-0.015669451315890554,19
17,PhysicalStress,240.0,1.0485396057788343,0.8272256117434252,1.739248229277674,-0.02273561966186797,-0.6988354670646864,0.41149638123827315,1.0066901116273543,0.02138892512130496,-0.4025312002225937,0.018481231862028095,3.223836877359919,-0.000455000417938193,3.4750834500804393,0.3653228660184672,0.8547003483624518,0.019465092898656583,-1.8823935315690217,0.6112382901218736,0.201007563051846,-0.01689842788968589,19
18,Relax,0.0,0.0843869581039167,0.14539789282580837,6.90062573389025,-0.0031565394415638826,3.2128845393438406,0.6109153564687076,0.4049371397601593,-0.03247808328349851,-0.5720172670804916,0.03243137602868265,0.36558773190102195,-0.0007637629126703304,0.09813645956477614,0.8700748820818704,2.505087447440736,-0.031407294200827156,0.3497067502734039,0.8649317312970117,-0.42644641027049085,0.012905303750929104,19
19,Relax,30.0,0.01717448257575893,0.018457485797261863,1.9971578473378513,-0.00022395887685870168,2.0984020593095614,0.7833564017313848,0.08245957300010986,-0.04507519638854927,-0.5842397437444762,0.028807407492996713,0.22445953284022474,-8.406829686805737e-05,-0.31130423099533144,0.17677583436428418,2.016702942980799,-0.0026509305097851318,0.3906753185551824,0.5630313766139967,0.8728715609439693,-0.009968365543006643,19
20,Relax,60.0,0.017018869930655954,0.01059030606655175,1.574092690072274,3.599652763067783e-05,0.9754555401514222,0.5168028477977992,0.45121828625172705,-0.029349141279106088,-0.5612148277447697,0.036808011146239654,-0.10642048220110702,0.0014956535675535057,-0.38069189067133596,0.05044845342133846,-0.0016033449285147159,-0.000712737552005539,0.47258433131609767,0.5920724304586316,0.5533715710928593,0.00614488286897669,19
21,Relax,90.0,0.019824526672704127,0.011581608280685272,3.375667816198381,0.00013766443154294175,0.33638854984210764,0.25414249668082906,0.45710617748964677,-0.014329221536976225,-0.5272652272999696,0.021486124563968527,-1.4582975905066542,0.0006642145862903882,-0.4112399437184625,0.06265784978472147,-0.45923249868231314,-0.0010977141981049563,0.3497208121747249,0.5433229245527764,1.0552897060221715,-0.024033319665331076,19
22,Relax,120.0,0.02064060564415606,0.01092268085538746,3.8987205336772495,-1.7973814827811963e-05,0.02761641739079978,0.13659034055924874,0.7745559026784137,-0.007441444294556053,-0.515855871338049,0.009577900326799503,7.575539939975405,9.475239226135688e-05,-0.43068387101217426,0.07003670558079642,-0.020057283623682413,0.00023618260105260621,0.10399377389197918,0.30647546264023945,3.4743961448615166,0.002184847242302823,19
23,Relax,150.0,0.018387819932470125,0.009436884819661364,1.9996314680660667,3.4202480240016674e-06,-0.11356610973161467,0.04597604175791774,1.0350787323027453,-0.00236890483399566,-0.4964728379889908,0.032063232068047585,1.2854287348974036,0.001284372536935591,-0.3487787042089013,0.10762869539299463,0.1879557544402995,0.004385760960111536,0.18590278665289434,0.41765565440702695,2.157277486520026,-0.003277270863454236,19
24,Relax,180.0,0.017799303706832366,0.010232187470237587,1.828459889792366,-1.2762903176455622e-06,-0.15115488345811745,0.0065333692348029365,0.15151924739926328,-0.00018697979015449016,-0.44355598791624556,0.04554716216591954,-0.3009571947956215,0.002288388548142289,-0.31961848949875105,0.08309737738172555,0.5516564952337676,-0.00242040915604626,-0.039357935473983176,0.5224954393416842,-0.29605371800768226,-0.018128370836620087,19
25,Relax,210.0,0.02290047790549384,0.01753571981646886,3.0112850502779716,0.00024086331047513693,-0.17366654169377538,0.025873933013082853,-0.790390758787117,-0.001296748857208284,-0.4051562422943037,0.01576640460716019,0.30656147853389865,0.00035021272575731126,-0.36681208824396816,0.06115242688004467,-0.5251577291494577,-0.00034254213165463244,-0.18270339510602512,0.4579202383329787,-1.7888543819998317,0.0012973520317326,19
26,Relax,240.0,0.024574879005917632,0.016687621066163557,3.3007441641797173,-0.000174467274192081,-0.22668839658571743,0.048486077360732835,-2.461732534018499,-0.0023472693488077742,-0.3725213689993269,0.03837060922527773,0.9274818656855255,0.0018607464125388784,-0.44873002656567945,0.10480799575309326,0.15400150381723113,-0.004844558567839711,-0.039351685740062765,0.26779526336144693,-4.129483209670113,0.005769802456916045,19
27,CognitiveStress,0.0,0.4661731862628514,0.9731085979034523,4.074116436522721,-0.019319430392226646,-0.5051627718248244,0.0424945585428034,-1.9347494625862793,0.0011277001096009942,-0.1736426135806452,0.018462783959293832,1.3549395467139649,0.0003731799584486897,-0.22248115837124105,0.38754980737821243,-0.6003583621586714,0.01809482974191166,0.7183207441997238,0.8201334816330987,0.7642002729398685,-0.03427563506213495,19
28,CognitiveStress,30.0,0.18512260562889568,0.17959782376997496,7.385753358745354,0.00022909953922571692,-0.371728716522569,0.15978195730219183,0.640212964731381,0.007584875782727952,-0.17006716143212222,0.0024985343843685606,9.293679845590958,1.4231635408229767e-05,0.05650414757069438,0.21102068091958767,-0.0784227812888054,-0.0009831928190982648,0.12447102708220799,0.33957682784548526,3.0151134457776347,-0.008159038920474614,19
29,CognitiveStress,60.0,0.08198835047439591,0.15055494653308005,10.026505010948803,-0.0008507903163336316,-0.2067692403738423,0.11998153612653453,-1.9081609676242683,0.004202987689245507,-0.16766310937339665,0.01160130456746319,5.045428649675426,0.0001043330058067842,-0.00872709238240247,0.21093238266038344,0.4300339315529361,-0.0010832972983432082,-0.18270339510602512,0.4579202383329787,-1.7888543819998313,-0.01024225288209948,19
30,CognitiveStress,90.0,0.057350488662202576,0.034218534351508595,2.629232574090234,-0.0006487328001170645,-0.15531126284095992,0.012970092152094286,0.1754765410465797,0.00018481747143658494,-0.15684810105075547,0.020814037356803247,1.2494135831008732,0.0005529860869564685,-0.032324601283813176,0.18021144283271245,0.8885019090471803,0.0004791856684677187,-0.20318221072973403,0.47544383302297305,-1.636775870565002,0.010139830353278489,19
31,CognitiveStress,120.0,0.04383065208520584,0.02143858830924845,1.9792591257835992,-9.000277812673881e-05,-0.15980836982677715,0.01596003900565772,0.021628675418321235,-0.00034692714403665654,-0.12644534596609242,0.03869453632166427,1.4290681435925663,0.0014743663402775546,0.038459411074793316,0.1910952533853625,0.49739127907059916,0.0028598832919572445,-0.48988562946165864,0.605771535466244,-0.3380617018914066,-0.027551660252847613,19
32,CognitiveStress,150.0,0.8000051016845927,1.1548920384637194,3.17497051835363,0.03346409383050652,-0.1684010999351596,0.034679505969013855,-3.2264311588227415,-0.00011195398109269392,-0.0844863290603796,0.036123717878981144,0.04447346492077686,0.00133506883004155,0.1425515435208321,0.16523284472554867,0.5015509032952455,0.0027792229379406883,-0.9608983888069635,0.49149157496901374,1.5000000000000002,7.1327375772137e-18,19
33,CognitiveStress,180.0,1.900293803232851,0.9171106038560909,1.352105514331299,0.001514966482782878,-0.17509871609162783,0.08243751340419991,-1.5870642476045047,-0.00026043309816056954,-0.06043997503964419,0.012014001996924728,-1.7477050834164773,0.00025940656451305897,0.19945717250967526,0.17729987690679133,0.06464683684746764,-0.0007682073663661851,-0.7356314169461656,0.597406049380766,0.4799138191337432,0.012393125987340391,19
34,CognitiveStress,210.0,1.3578196048772142,1.0557126352249648,1.6831694495848977,-0.04048155805263875,-0.18586878047492225,0.07853889822318602,-1.2371617151842431,-0.0006142103949043979,-0.05466277030294044,0.014761839824931722,6.766149518483941,5.487983742562266e-05,0.24804712393749437,0.2902577043020797,-0.19966073770107898,0.005565569158648466,0.2268354189646305,1.0073845057534956,-0.13443744422540022,0.040830197627278214,19
35,CognitiveStress,240.0,0.06941798015640055,0.0574943957599621,4.0249962494971685,-6.064465520191454e-05,-0.259634932709432,0.09270341835312765,-0.6844658858347996,-0.004922459358226066,-0.053320840170758124,0.014325405350419398,7.496923407504013,-6.95513551840893e-05,0.439600033707524,0.3130160896093059,-1.0883146570252997,0.012095095197444965,0.3701855658971129,0.8998632105846839,-0.24274936836911748,-0.028437824421169985,19
36,CognitiveStress,270.0,0.059259312421763945,0.03949938397670992,3.4239679538366774,-5.37257993331304e-05,-0.36971898569134337,0.07192120872024138,1.32315207440922,-0.0031850492826773105,-0.04682364536247189,0.025692835986940665,3.8401250502030053,0.0005384058053523842,0.5048284355454122,0.19470374896222675,-0.27453892904434446,-0.005674218738310125,-0.6332389012611013,0.6527527191170133,0.4663493744417609,-0.02369359131860849,19
37,Relax,0.0,0.052675498118920215,0.13250297289324073,6.694399223849137,-0.0023637642338765665,-0.12663791287099163,0.08168195248509245,-0.2770753843751007,0.004545799908675453,0.14536734086352557,0.04480256514072663,1.1650721846885397,0.0019502937387170128,0.09952287884414822,0.8342284828657001,1.273964248680727,-0.03225166699020441,-0.08033275348968211,0.9328210055063126,0.1401178418456051,-0.013553094141816399,19
38,Relax,30.0,0.2625895626877581,0.4380714447729382,6.327067407905367,0.003773249869856456,0.025761902835044384,0.09642453379695518,0.41230941340905186,0.005286881719288392,0.23042546483691673,0.07774273621712505,0.12427742072979543,0.0042526537231686356,-0.4695561159659502,0.1964221645284462,0.7810703283281115,-0.008798058573427447,-0.10080063207903033,0.7337932667540084,0.03743873227356625,0.029018632911072276,19
39,Relax,60.0,0.16333110988983465,0.46665925614690584,6.384379869314279,-0.008088647342391368,0.1735352206563908,0.08152331214933912,-0.7548117623575309,0.004178265405105177,0.3331593590594591,0.06315500634223625,-0.08015083949794947,0.0032856016493266332,-0.6222452951278294,0.04973033581690699,0.4319107792242614,-0.0007311312828305437,0.1449389056715561,0.6616594486979116,0.07669793362445541,-0.010242127852690686,19
40,Relax,90.0,0.02050793687602735,0.01968434275019962,4.360231043502135,0.00025912446267803137,0.24746289274488995,0.01454621206372627,-1.4137284477303211,0.00047043565520708423,0.4239505619685932,0.05580641117766756,-0.25745340342700196,0.0029477635158389253,-0.6111425884320186,0.03521938870466561,1.2609766499825583,0.000499760623706964,-0.018879119850274278,0.4999357320625466,-0.2487467242440204,-0.003959754310504071,19
41,Relax,120.0,0.02698190697040385,0.016668841654357617,5.8334640326581635,0.00012678942810056442,0.2564098996931943,0.006261597285475872,-2.9858067851513552,0.00012364541388972693,0.526923173829139,0.061098955004981206,0.2393938893460351,0.0032108527357808075,-0.6042033967471367,0.046838258819826464,-0.08798082238365763,-0.0011961863076689642,0.022084761131063953,3.469446951953614e-18,0.0,-1.6456976443862976e-19,19
42,Relax,150.0,0.02510238358265626,0.010234275926147687,1.1447002787434508,-0.00017116247823889682,0.2548831956350028,0.008337039747791953,-2.5229520557207654,-0.00014587516819260119,0.6361979885227143,0.05872928522457438,-0.26677093836586757,0.0031033560612691714,-0.6777588286068835,0.08238664733756554,0.08199000603942512,-0.004053613947845329,-0.20318221072973403,0.47544383302297305,-1.6367758705650022,-0.011642027442653078,19
43,Relax,180.0,0.014404884908400346,0.013623509288089978,1.7011603646000453,-0.00025678781185473905,0.2419110461841818,0.019786265340423503,-0.9981218871870879,-0.0007162440927139048,0.7406280413685129,0.05925209562334495,0.4440645915638693,0.0031213825047571612,-0.7457629071187242,0.05500814155279367,0.6065082479442632,0.00048356467756831246,-0.26461865760086073,0.519694079955999,-1.2609766499825612,0.0050528447551690765,19
44,Relax,210.0,0.012132159213872142,0.009451728337727401,2.4498788502970865,6.566496599717464e-05,0.21005886190184173,0.03424213371699459,-0.6411888728349169,-0.001649785568788669,0.8290073715678221,0.05702338872487882,0.23184944715642966,0.0028940895392145552,-0.7721318355212751,0.0794348036922624,0.29259818519491315,-0.0015872027215878372,-0.12126694823489835,0.39444984592315346,-2.3882010055953597,-0.002014309733479565,19
45,Relax,240.0,0.015424646482351272,0.010063747043305132,2.413399682686412,0.00014388872394913765,0.1519944721358459,0.04272388615562847,0.4364892112328875,-0.0022400619014887953,0.9004161986642866,0.04996181079073025,-0.40822491276021355,0.002449080526772353,-0.773519673858251,0.07145682967106759,-0.1034035672617674,0.0006038774203125842,-0.5513220763327854,0.6129976940066563,-0.13363062095621217,-0.01952856216186968,19
46,EmotionalStress,0.0,1.506335732090359,1.2049468608231169,1.4849458789974126,-0.02956541274706333,-0.054068767449393845,0.08271933770566677,-0.7745589562865711,-0.0017681679737230514,1.0450313149814046,0.009736602044714233,7.228571167190908,6.354965419995104e-05,-0.02539250488695279,0.9874641300943166,0.7872089436328628,-0.01955782805680574,0.9435705292922407,1.090350469661801,-0.3487744790994587,-0.0016042002487202378,19
47,EmotionalStress,30.0,0.48065833166263305,0.883118261797547,3.97655277218715,-0.0161157793486427,-0.08402504259917858,0.053040714985247095,-1.8800979290716764,0.00016443408197103448,1.044991717135979,0.00957586178539017,7.537352243895603,-5.571976581133748e-06,-0.6014177866699545,0.43000636914243123,2.472220530408306,-0.004228218359876182,0.9640384078815887,0.6088419665899236,-1.2223705387896775,0.009148943635969067,19
48,EmotionalStress,60.0,0.05006845029422481,0.12702401141565448,8.065650616056836,-0.0021984587282381017,-0.07665991109954523,0.002285787581115213,0.015369723736371374,1.9098307973143823e-05,1.0445055496434206,0.0024992791845930393,9.295899607337065,2.1233325558201167e-05,-0.6111425884320186,0.08514588962142498,0.457149102771821,0.00044885907869976797,1.2507199525447923,2.220446049250313e-16,0.0,-8.5628858390004e-18,19
49,EmotionalStress,90.0,0.02193323265629794,0.02538538867708226,6.562355919455759,0.0001086420529141202,-0.0754059912487692,0.005395153392746004,4.287857245196652,5.236819487571442e-05,1.0567208461128879,0.02319299458046468,2.4963462429839214,0.0008116372129025606,-0.5542412166159886,0.08367410729866143,-0.4241239244525539,0.0027741342028918684,1.2507199525447923,2.220446049250313e-16,0.0,-8.5628858390004e-18,19
50,EmotionalStress,120.0,0.019882391360836946,0.025947919458523712,6.26462648236946,-0.0003873330943388018,-0.05986174816250831,0.029524596694643593,1.638993420213112,0.001164769964053915,1.1042715503551799,0.04538995455249534,0.0683615281564251,0.002280453984775382,-0.495952006462982,0.04324625402671796,-0.833983107229279,-3.4705598868528166e-05,1.2097654461643346,0.22054676645360577,-5.199469468957455,-0.003960035626673876,19
51,EmotionalStress,150.0,0.014630745060867345,0.013965537011709632,1.5709522417723039,4.499312119079114e-05,-0.009506838615377487,0.04853217509858576,0.03728386234738186,0.00241519030025949,1.1532687815830787,0.030578221525872112,1.127048269786524,0.0010794869474417964,-0.5528533782790123,0.07880184696217472,-0.45694403446897175,-0.0030957394190736587,0.8411748887402161,0.579184183635386,-0.7071067811865475,-0.01092423621151412,19
52,EmotionalStress,180.0,0.0161411470746681,0.013985806275734931,1.3810865607821947,7.143816405063301e-05,0.0997577006519473,0.07849508202534203,-0.07948680085013043,0.00409473825325256,1.1977691311259615,0.04648207171020525,0.8070016413952098,0.0021908654565101658,-0.572283114996681,0.068497941779151,-0.29463319363209434,0.002480293465804906,0.47258433131609767,0.5920724304586316,0.5533715710928594,0.008739388969211294,19
53,EmotionalStress,210.0,0.017994465416387145,0.013181536937219704,0.9999341224386653,5.428410392403415e-05,0.19911906180413172,0.036945065649386113,-0.32749485210559465,0.0018103186646450536,1.2523495633662887,0.03765304746372731,-1.3160597732765178,0.0017231021818225293,-0.5542412166159886,0.051086779730010516,0.04911986240089905,-0.0009463059958154877,0.8206976355499872,0.586021636664984,-0.6289709020331512,0.023862628474526148,19
54,EmotionalStress,240.0,0.018609915101007492,0.013237975120031177,0.9752547198131373,-1.2208803416924725e-06,0.3379065959665933,0.1652263665888253,0.9322421386769956,0.007971912420296844,1.3017114373232437,0.04506120462419291,1.7166031674691942,0.0018199460511425837,-0.5570168932899413,0.05500814155279349,0.13062908671236056,0.0009231689299031425,0.8616521419304448,0.5715318387551449,-0.7882318002900207,-0.023794351998204188,19
55,EmotionalStress,270.0,0.018970050842426135,0.013200365045932874,0.9537157406327772,1.3207463272662188e-05,0.502044715492973,0.1307695398062763,-1.1526832753642224,0.004493531944600145,1.3830766558317553,0.06803164137897191,-0.4488655479502505,0.00345025920280254,-0.5223209348655327,0.055444098137959696,-0.42684968547433577,0.0007033668037357241,0.5135388376965552,0.6019058597980748,0.40824829046386324,2.928403798503107e-19,19
56,Relax,0.0,0.11790450387604515,0.5177347512756625,9.354128115589566,-0.006763937773209543,1.6979962902220793,0.3192766259820294,-1.4579954972023557,0.014935203675866827,1.3349703021546266,0.09261950832837673,0.0800984398275769,-0.0050516931948177525,-0.36962466041563197,0.3606077486110571,1.1903002891317476,-0.012333513435234497,0.9026347721135443,1.7389699770037959,0.40283935883565264,-0.06305663916266625,19
57,Relax,30.0,0.02317268881683281,0.016323520095447432,5.474892905896371,-0.00026745203237646165,1.8475355134543878,0.07712004188444649,-1.0726771112676896,-0.00363448985260457,1.2086838912971591,0.05354069800735979,0.3142728683711071,-0.002709476287883325,-0.6097504929222294,0.09449801170335351,1.1429231184705344,-0.0015527171377632482,-0.18270808240646544,0.6005455741304896,-0.36491805175249575,0.017479963113026832,19
58,Relax,60.0,0.020180497657245285,0.007892117511194357,2.62495949357544,4.31400542777218e-06,1.6369934270711894,0.18182030396009885,0.014717526974381652,-0.010340707890780529,1.1355986437096397,0.042412389953348215,-0.6063176890132248,-0.00195685421896219,-0.6347358401606165,0.053589252813653454,0.04595929674977868,-0.00030772297663437333,0.24733454622358073,0.4754075589836793,1.6367758705650028,0.002628644338395583,19
59,Relax,90.0,0.050520464835187975,0.06553922823740113,4.03541095399113,0.0019155056989438903,1.4340928459127869,0.07676114842863226,1.6976273482899393,-0.0031480619335977514,1.0765970526358644,0.04238487157377319,0.8961178931349851,-0.002074138685470874,-0.6583290918892144,0.07238079219558907,0.0902311751585064,-0.0006432104323635855,0.20638003984312314,0.43871051421350915,1.960392117639215,-0.015669451315890568,19
60,Relax,120.0,0.7911675222407119,0.9432286114069027,2.828972686491838,0.022026158847394697,1.357583783487567,0.07523735593355713,-2.3614979353533965,-0.00206179041686737,1.0459717205465724,0.01028506398689703,6.6865184847439325,-4.662483009070899e-05,-0.5722717625358469,0.13106263604840487,-0.13922347040466654,0.005992840739756187,0.45210707812586876,0.5860216366649841,0.6289709020331509,0.027959217053843948,19
61,Relax,150.0,0.697947526444963,0.9238698625774879,2.4557036374692736,-0.023886887445008484,1.4036411053732332,0.11782013437887474,-0.45394411980744037,0.002765284123067937,1.039270521670975,0.020455040778497014,-1.354384372298915,-0.0006099854537699644,-0.40015994194432003,0.2194869813629004,1.1056904788,-0.0012728698306222583,0.43162045033475943,0.7983695389057082,-0.45907023549181997,-0.02280518704004513,19
62,Relax,180.0,0.022578694507123496,0.013644742367477172,0.8065219844258218,2.714675260377616e-06,1.4175257638404601,0.09090523223728841,0.7592746679562371,-0.004457276874480745,0.9815521949566627,0.055108501636859736,0.06396671393511459,-0.0028777977589279522,-0.49731997799349853,0.26212616977180764,1.3325900764194307,-0.01211146384356435,-0.14175357602600785,0.6527405628850717,-0.12068729976748321,-0.007373893304903584,19
63,Relax,210.0,0.028730429712949028,0.009052145893310144,3.2472785972961047,6.926487931452059e-05,1.283135995059754,0.0769225451188967,0.03689161511219871,-0.0042580059157857186,0.8742521977844386,0.05966800350167938,0.028206448870155647,-0.0031293146397800616,-0.6763709902699068,0.05774141388141778,-0.5706013762114871,-0.0006316418994074025,0.3292326219501353,0.7970572192554952,-0.29770536991698116,0.03820165487527728,19
0,Relax,0.0,0.765247562210059,0.6541060357758839,1.9674297519335309,-0.02391192306111124,-0.7099451606450465,0.0051033415459371175,-2.1014850953487754,7.484168253937208e-05,-3.2873257070114232,0.2723760633331711,-0.014884383973668197,0.015519853699128271,-0.1159079197973345,0.4433458972471285,0.6635064798580141,-0.023778127554373283,0.3990312169220305,0.6745126185315776,-0.21753339239076414,-0.03419343021830811,20
1,Relax,30.0,0.018499731373881965,0.0067701351235134434,1.1886275696733788,5.017019365447443e-05,-0.708127464951634,0.00011766610296218277,3.829634462308414,3.2926293526016117e-07,-2.852022837019484,0.23832555527437027,-0.021060156998949985,0.013555232565421679,-0.5922365475687729,0.20784321474312753,0.17566395351904385,-0.009451119350436795,-0.02487616060476301,0.3833518773590678,-0.10484361193374232,0.002283181209644752,20
2,Relax,60.0,0.40961683291255546,0.5019486174225185,2.4828145482055155,0.015503365548124072,-0.7099275644114755,0.003841760564487401,-2.4073968186406693,-0.00014572192130753983,-2.4461503409413776,0.2468435166171523,0.12495896964038185,0.014074225986803844,-0.6641362506157199,0.15546066543537154,0.06066949540098956,0.002220370494673659,-0.0466101778409712,0.3325227417544155,0.27133622581051314,-0.013625980844264468,20
3,Relax,90.0,0.8368897685320641,0.23107913926951665,0.08865863561993577,-0.012005520051940607,-0.7132556986272853,0.004065155999323927,-0.747246566726808,-0.00010888507023821866,-2.0391529227175895,0.24767810023643524,0.03061642988172808,0.013999375347514617,-0.5050636945841587,0.16808424739707792,0.10643063043057598,0.004070842282040643,-0.5139975316078932,0.32591860488127344,0.06670373459650694,-0.015457802055916797,20
4,Relax,120.0,0.2871643073458259,0.25987477599179576,1.5288164593257163,0.007154277897624733,-0.7142620618294373,0.0017429275894153481,-3.7129592173297445,4.6737359650955586e-05,-1.6864210159912298,0.19238761363369808,-0.3937310964522274,0.010636218582605501,-0.579654490379779,0.24344628902843118,-0.0882387476074976,-0.01016422076894403,-0.6879174365684076,0.2686890154036763,1.3754927699066497,0.006469443533367295,20
5,Relax,150.0,0.4273843109590164,0.15599155836906453,0.6884526616831298,-0.00715412718115412,-0.7125227570861938,0.0015466249610060945,0.8530232807500974,7.829242733796647e-05,-1.3993993685375545,0.15268182368578045,-0.19756927498856053,0.008336022779939996,-0.6209943442850353,0.21205885337182828,0.04776266516234423,0.004428727443585948,-0.3835695446552196,0.4532704666799268,0.5181124885600712,0.016399492894296704,20
6,Relax,180.0,0.015207625448247605,0.00823057833577952,4.909882912841391,0.00011430977715757602,-0.7094163816278872,0.0021991950823969987,-0.19953191240232246,0.0001221808744412591,-1.1744033200568325,0.10431155272811672,-0.28019248912150624,0.0054871279255838895,-0.43405824311674757,0.2950486766547748,2.018269313859446,0.006035209920016856,-0.3944246115056114,0.5280120852112444,-0.2650760356928937,-0.012538283729118242,20
7,Relax,210.0,0.02202974245853663,0.010865612749360095,2.2872305341420733,8.602495100138607e-05,-0.706106092519084,0.0017001146858548046,-0.00016291835690497464,8.98835057285285e-05,-0.9958655511093326,0.10712595515671873,0.3289235250006851,0.0056508392742373355,-0.2938535616123864,0.4847412927004474,1.0676355791373384,0.0018250424783971151,-0.7096081648966589,0.601122293150014,0.012656449595284705,-0.000996371957150439,20
8,PhysicalStress,0.0,1.08540481013244,0.48072657287343296,1.6676759196265452,0.00208053501271062,-0.7037678931434469,0.01336193593515738,-4.502991592064591,0.00020564218065329584,-0.3407780598121217,0.06356244100679719,-0.7016803116495305,0.0027524614620820643,0.0988615012211919,0.5758964361376856,0.4874484981081529,0.028476940844011003,-0.5140049952127134,0.4686437776054874,0.8668064116308382,0.020639463310009678,20
9,PhysicalStress,30.0,1.1802475711505152,0.2640830900387309,0.3681187661212419,0.0017358393825750071,-0.6978482321776842,0.002310344139902727,-0.9278828060035085,6.466803237231067e-05,-0.22975261005769795,0.08612876540197008,0.1190000622990192,0.004454556894760052,0.8007374702722058,0.3824012083319805,-1.9415333488741382,0.01511704913738637,-0.10096611902498806,0.46254646780011366,-0.17107907026685384,0.001322661929785857,20
10,PhysicalStress,60.0,0.5469942262696411,0.4649173924345353,1.7942530185253267,-0.018970642793755953,-0.6976134224558026,0.001729771576540914,-0.7782653117221808,-3.466169061914153e-05,-0.15038105074355118,0.027128034236981173,1.7500263596845589,0.00037873195378373655,0.9939500085173757,0.05162913568493649,-0.09735642891454734,-0.0007685767548571545,0.09469078861366258,0.8100934164541984,-0.35701496627680057,0.011905709313988797,20
11,PhysicalStress,90.0,0.15995692797339534,0.10286327732396144,2.1241682428365896,-0.0007103929552574687,-0.6960580175889846,0.0028829368856378487,-0.010574737444893581,0.00015737513395514783,-0.14772263949894401,0.003972621830604151,-9.312858704125526,2.1002769177814733e-05,1.0290019605819096,0.10961186305929882,1.8186735375371612,0.0048068048838834565,-0.01398825389316256,0.9497183045419849,-0.18002279602059584,0.002011549958744025,20
12,PhysicalStress,120.0,0.15798696714804786,0.09454688589259028,1.224109624683509,0.00035547620678146226,-0.6917541358260754,0.0025480752796787427,-0.5506646676119811,0.00014017246341104127,-0.15081520490914216,0.02401231380862062,2.169904851991508,-0.0003592601091945329,1.2222165833295966,0.1570173438250528,-0.40936204165463197,0.007899630903995382,0.4425201494879432,0.8864160131784158,-0.9049981574299604,0.036005574389678316,20
13,PhysicalStress,150.0,0.15636296432369007,0.09049004561811043,1.0507746201021997,6.404753985140825e-05,-0.6887949742327512,0.001356322362071538,-0.506116437082595,5.293711828677383e-05,-0.1870834041285511,0.052474255083014,-0.1969273715608211,-0.0022343048629193175,1.408244883651991,0.07998249380491883,1.225538426369936,0.0038509078637167177,0.9859780563025579,0.3590197044313352,-2.4545209011634026,-0.009006116883426351,20
14,PhysicalStress,180.0,0.3586843595451911,0.2293960688692783,1.9037781734905779,0.006850771841718994,-0.6928235909607354,0.009111071654681505,-1.9992548250644064,-0.0003588946203056764,-0.25156401630234954,0.05745668375378404,0.2443440931152175,-0.0022440816624921555,1.4927287283904487,0.06846190027783337,-0.6625579491488711,0.0025168395745756842,0.6381606371959895,0.6143799262849394,-0.6353864150082502,-0.020929106754860313,20
15,PhysicalStress,210.0,0.44775553336011914,0.23629598611604957,0.8466769836333834,-0.0022009430384686145,-0.7044945795081093,0.012459213169132583,-0.5469455388283904,-0.0005410144047682531,-0.3038549304087234,0.042057511267368036,1.8008654848313677,-0.0013581637999024634,1.5628357592732907,0.05253990535049251,0.2690066204354836,0.0022450787128869597,-0.1987900946814213,0.789517374739613,0.8528979852252582,-0.04019222990580817,20
16,PhysicalStress,240.0,0.4047761449074876,0.2156123604788361,0.8141818385015579,-0.0005082051834991712,-0.7129951236912502,0.008734624540698477,-0.8900371488088309,-0.0001569488819523201,-0.32969288133751085,0.016137015382101924,1.5055116153292818,-0.00040353503245112756,1.6814762622454886,0.13056035294245763,1.211371540821569,0.006313787261315345,-1.2313275763121732,0.4469128155474452,-0.6624244086047013,-0.02223083492179639,20
17,Relax,0.0,0.3215227010466081,0.5136157961359183,3.8559291183529933,-0.008463868725944219,-0.6794286718801938,0.008965866984522893,-0.08632455448163992,0.0005039265895137523,-0.5498852677707536,0.040855761558190457,0.369014044518371,-0.00020467242162208502,-0.10514354880264178,0.9728770736140856,1.3385271016374827,-0.04495026265313669,-0.27487408221779014,0.5932510999613112,0.8313123431432645,-0.020131777255390844,20
18,Relax,30.0,0.1265886399247203,0.08045746939646954,1.1324588687175232,-0.002867988779780293,-0.6684374090012438,0.003786061639692637,-1.1502564841663057,0.00019309195908488597,-0.5368418292775383,0.03816127313944154,0.19286693126338025,0.0010421105841038317,-0.8798259794952371,0.21442403612665933,0.09862991871473743,-0.00803402310777227,-0.5357240852392812,0.4362560136766095,-0.48499120012435953,-0.006215518383593046,20
19,Relax,60.0,0.017229777240340412,0.015715719041919197,8.02276779571836,2.8536650790984774e-05,-0.6645877466286341,0.0012930062842004607,0.6890732414859557,4.512698007073383e-05,-0.5188875376160366,0.02264112443077354,3.2805696111168685,0.00026984593574466535,-0.9229699703284381,0.19200398755498285,0.6944976053909526,0.009621870166457935,-0.8074485604836968,0.4449476836856812,-0.04141896899511535,-0.011705711249444493,20
20,Relax,90.0,0.8621697981728834,0.34102147250635506,0.8979354604411713,0.0060793180458939625,-0.6665488079477356,0.003211545681515467,-0.13449318593951165,-0.00016928036846279126,-0.499520227089471,0.04231490048298213,2.8112654513221123,0.0013841723854623018,-0.9031974217091203,0.18613293976986928,0.6774766616321368,-0.005276658933028246,-0.916148501084018,0.40314782101143504,0.9396875628529819,0.007610423196822614,20
21,Relax,120.0,0.6554985515855895,0.2978085104026069,0.7726835627340314,-0.014029570040465442,-0.6684215552317251,0.0019364424149550727,-0.04941847160161173,5.5113040167846905e-05,-0.40995165285282936,0.08527618609226456,-0.12454959178437534,0.00426219462204888,-0.9418493096194782,0.12346308944680477,-0.5171563912925254,0.0035968493457099234,-0.25313110865579797,0.7251400382765923,0.231152301308598,0.027524770028092047,20
22,Relax,150.0,0.6758332690295601,0.4531147088349358,1.3584333758870584,0.018600260480131237,-0.6651552994523121,0.0027368096727865498,-0.2904814493290681,0.00012284213381915496,-0.31995052134650587,0.04159104942915202,1.3203637459836575,0.0013863266104117452,-0.9103899976419605,0.06675642191071174,-0.36826140944042196,-0.0027020400068177657,0.05121529053642604,0.4427070904224285,1.0333109862950087,-0.018863012548120436,20
23,Relax,180.0,1.3709027321509135,0.25056451817891134,0.3026036574437326,0.00510961841196245,-0.6656892473657995,0.0035729175900104868,-1.059785171479636,-0.0001381292633165417,-0.22936972604134792,0.0816573279155963,-0.19961346408390654,0.0042914932661840795,-0.8573571268709552,0.15766456663725462,1.1645683333194874,0.006204280507696768,-0.4052766929140753,0.5562196960216204,-1.1977784282865798,-0.0039320733866370595,20
24,Relax,210.0,0.6218449137057935,0.5614930898798747,2.100489497223351,-0.021974825152046018,-0.6660063659180494,0.0033171605906432626,-1.2146673523630556,0.00014880510645038744,-0.15085047793645412,0.018692116480160427,-3.13996991647823,0.00043081221102118624,-0.6704262369589586,0.18560414186883442,0.7077451530840734,0.007442087524755055,-0.5683161547678094,0.5857035132385018,-0.5961900150889172,0.0046379508115742315,20
25,CognitiveStress,0.0,0.31121938532763216,0.4688861731439209,5.443565202705186,-0.008790772587861444,-0.5951989129235837,0.081389594310463,1.1483154542188008,0.004195447072568045,0.0590359622698218,0.07165888461378704,1.1892682253288942,0.0029715704653867927,2.1002747050667865,0.6084929707786298,-1.1795732935983767,0.031038284750028115,-0.42703757912763596,0.31709842636984054,-0.47991381913374326,0.004077380378172665,20
26,CognitiveStress,30.0,0.883346041668505,0.857795301580723,2.000753266832326,0.029317374507795216,-0.3060457694069788,0.3099879451692097,1.0366418559370612,0.015671307893132376,0.21492292492625734,0.14676789647044877,0.3022334997513746,0.008053340284722479,2.4840284915823587,0.13150462614169453,0.11333320482658985,-0.002776407920990009,-0.014016615591479094,0.540736670775599,-0.14258432385276368,0.026654806941331082,20
27,CognitiveStress,60.0,0.8699026324727988,0.8481240791330511,2.008750868066888,-0.011590128818989397,0.31900852989217127,0.4572003565583359,-0.3507178731076465,0.02488908156944026,0.4805791598141803,0.1750091830519601,-0.08562612393908119,0.009653606877498626,2.277318799543496,0.2674651550032916,-1.1685299180158433,-0.010390726669777275,0.7794481691619469,0.4032025473610805,-0.7195913283414019,0.019534624996752514,20
28,CognitiveStress,90.0,0.2663292424203497,0.5630219905097246,4.551605723404776,-0.0009378270352811966,1.0405725349123072,0.3466302143860776,-0.0354921810091059,0.019284552539622597,0.7358200597855629,0.1310950687547202,-0.7362175947883455,0.006994754652406561,1.8045859386128484,0.43012697399792116,0.34083852017527716,-0.021804549067961886,1.1055420200790553,0.20509463773582232,-0.7527175956898486,-0.0036968248762098807,20
29,CognitiveStress,120.0,0.25252440241663254,0.5580143299857175,4.57707995249926,-0.01184249973651827,1.6324629580664052,0.3217553182734362,0.4663477362746206,0.017111130284443454,0.938025178118838,0.10808042948618138,-0.05647562721971922,0.0056126508690973465,1.54036065314146,0.1683525613730618,-0.8674839835198417,0.003846039197933754,1.0077120735387664,0.30338774613345876,-0.5777668266567199,-0.004802248000958947,20
30,CognitiveStress,150.0,0.9745085252440764,0.7942481018871131,1.8321250150168775,0.021955396723822265,2.154678425248733,0.31060033719899427,-0.49912683756575754,0.01592053112076323,1.1214808102949343,0.1031922003942529,-0.27723735535776456,0.005342474077235536,1.5412663694848354,0.1029982855338449,0.7830123494819189,-0.003385783474907859,0.9751020913586694,0.2758495249898873,-1.2609766499825583,0.0059439145068472515,20
31,CognitiveStress,180.0,0.939111228341018,0.8098892108107735,1.8806963261446807,-0.017941565713242597,2.4767753365900242,0.13275691688742397,0.03405915162732397,0.005641223689615235,1.2774100037168963,0.09543108754962903,0.5590494221612595,0.004855211951271651,1.3228803366003545,0.2465774763475444,-1.5216322765232924,-0.010792381171462714,0.6707571848874099,0.4807175184785877,-0.5392215749197465,-0.016272591289118316,20
32,CognitiveStress,210.0,0.40320890898825745,0.41034462492488477,4.1457873121530975,0.004229706403948176,2.6439787084910376,0.15984365697547404,0.8015437156973081,0.007448688561566768,1.4158432711658335,0.10617928925910561,-0.06217968175873772,0.005474539169952145,1.1224689689147955,0.21098856845363678,0.14196483272347987,-0.006499251803906842,0.15989433304325118,0.4532534280150947,-0.20848281079875156,-0.01020209371271378,20
33,CognitiveStress,240.0,0.6062925129598127,0.6434874629536421,2.496746947222436,0.0038899837740203488,2.7636682345757446,0.11394926741145456,0.8398739049875176,0.002238645762154347,1.543889621862826,0.07596407693392139,-0.7815948887932513,0.0037126760715724214,1.0874222281065522,0.04865192363089304,1.5355305822294625,0.0019759763303730357,-0.38357551553907565,0.5120147571969327,0.6212024609947399,-0.01857395640332122,20
34,CognitiveStress,270.0,0.7447668172453878,0.59697897317894,2.6520879937698574,2.0079432405698353e-05,2.772300097037412,0.13090200907918953,-3.8353385290770325,-0.001109074567037359,1.6025376232719912,0.018240958834133014,6.879711701783564,8.491034783246662e-05,1.2977162222223668,0.21398085465583808,0.44987849184357176,0.011786787913166803,-0.5248705111098533,0.36636064313983974,0.6952424701200118,0.012974851729205426,20
35,Relax,0.0,0.25504877880994814,0.4726762341876247,4.06113721414796,0.0007638194138861545,2.130350973607479,0.14471558990475875,-0.008134518137210141,-0.008318942828652129,1.5952619826223187,0.01813293602153857,-1.8972494085411775,-0.0004898978385125315,-0.13210450434976695,0.8062633984285639,0.9127767198344671,-0.03478900617535102,0.844665148080212,0.36442023789097017,-0.837182011193743,0.006016112596219246,20
36,Relax,30.0,0.18005540129777423,0.43297140456622374,5.456244721212665,-0.005168858507785541,1.8708562755400877,0.15674470858140355,-0.0556223476701488,-0.009021612190401115,1.5850692482320956,0.03358310596481459,0.6043925715638228,-0.000515676350944076,-0.742322813252131,0.22016077337896522,0.6888330210659581,-0.0017846944098224946,0.8772721448183801,0.3170984263698406,-0.479913819133741,-0.0026638885137394777,20
37,Relax,60.0,0.017048701986542177,0.024277242900137472,8.848268980288497,1.266512792198122e-05,1.5946354579802418,0.16144335708877267,0.01567721299219555,-0.00931462080417661,1.5669165493387396,0.0437895165960626,0.28191862184901506,-0.0011167049642164134,-0.8043346786125319,0.12947681319792684,-0.7408824732343993,0.0046418262690511285,0.779442198278091,0.32537434855126524,0.13363062095621164,-0.00043492057367175744,20
38,Relax,90.0,1.247719363541035,0.38137280072994567,0.654815263515983,0.017837158420945097,1.3360889555055706,0.13524270389935536,0.26314653499927404,-0.007730406895796762,1.5360986760067044,0.051477906671381884,0.18619988170668816,-0.0011609264655723023,-0.741422308165046,0.055219613009178894,0.569823434125508,0.001030742765563211,0.7685722042180587,0.3244652259346671,0.20100756305184309,0.0023376980834856485,20
39,Relax,120.0,0.6730238138060637,0.6768470427282671,2.004079869580859,-0.02455802988831498,1.1203529743295357,0.1115102831888335,-0.07912566890795403,-0.006400095403321911,1.4759832696964064,0.06222612581392065,1.0159758643489158,-0.0025737545268505707,-0.6425679030785232,0.13816515462120763,0.7741952299630516,0.005168881059657362,0.5946597628623647,0.3668365334339787,0.01795321860423195,-0.009005989966889805,20
40,Relax,150.0,0.01844170173564831,0.009352789706563745,2.622875909598601,-0.00013789940538935013,0.9204049863583864,0.11853111792622643,-0.05167632331863704,-0.006838564245548451,1.3740065175924439,0.08203809175072985,-0.6882486101848548,-0.004160459885539583,-0.8286024569084675,0.307009769480393,0.0565214452442038,-0.015301684859999786,0.6816197153426217,0.4036401481518528,-0.3330272853637934,0.01647236040618493,20
41,Relax,180.0,0.01850261667419777,0.005028738087346916,4.679753438869618,1.0590769585063336e-05,0.721467625907278,0.11189717934546906,0.15074371142910367,-0.00644812281508227,1.244058150336849,0.10594786011353759,-0.029546195141758283,-0.005618765177328528,-1.1476480740586747,0.12145896126159104,1.1071079274560263,-0.0031496653474110178,0.8664021507583483,0.31951126744995384,-0.4082482904638641,-0.006523808605076263,20
42,Relax,210.0,0.014646087824544735,0.00730507160211901,1.1008451523700515,-7.000128687801224e-05,0.5457865744950665,0.0916520540723298,0.10680080350032496,-0.00528542658186717,1.0997056286230067,0.09609527484537721,0.49000161507728657,-0.005076347082708988,-0.9777944710122898,0.23905823747686214,0.1825640516190501,0.010525332594429015,0.27946128226167677,0.5869412006290988,-0.06033386058910395,-0.03203695401763807,20
43,Relax,240.0,0.014381042449346404,0.006227064744498778,1.6266546179973094,4.018156671925182e-05,0.39518344537295735,0.08257534712074423,0.04894232529194397,-0.0047642508047328015,0.948936819067446,0.08695074934848773,0.015118597306459236,-0.004592468034084508,-0.7710847789734262,0.15292956197818747,0.5879325387330049,-0.0006964728919037551,-0.6009306151107979,0.5562210969659861,-0.09130993873594091,-0.028610914282085363,20
44,EmotionalStress,0.0,1.2698621037968036,0.7291609051937507,1.3511273995390056,-6.410943107069285e-06,0.08032856074471012,0.06102924215843402,0.08475831511089706,-0.003508933789202463,0.5377828176077287,0.12514043626900068,0.1103455646775609,-0.006505887630296784,-0.768371798948331,0.11396077058270059,-0.30792204831634273,0.006050679488705539,-3.068195358593492,0.7470740429282458,1.5659693395693246,-0.029935599410777152,20
45,EmotionalStress,30.0,0.6802512956808097,0.5528967501636892,1.821433162602511,-0.017606646123791155,-0.021838459584535615,0.05654795681974088,0.06884722319106366,-0.0032566730573965886,0.41406253220485795,0.04262707090591441,3.6847224778835455,-0.0010804636785674653,-0.56796147351403,0.13634305583250522,0.018093146884718803,0.006874877535632009,-1.8943509396242504,1.8786797656213619,0.47636434258147803,0.09516682450288823,20
46,EmotionalStress,60.0,0.40544788250150837,0.35242887450404636,1.9404067206796345,0.00728027314312884,-0.10042913550901708,0.03563779321896452,0.5940578991054442,-0.0020067400122660414,0.37309928671561665,0.05048633822750962,-1.0043482639812193,-0.0018788919896778834,-0.2749888138389609,0.22387376788489335,0.4220210531351918,0.008880347346733083,-0.06835315140296364,1.1305849348893402,-2.1381088884540507,0.028194819661333085,20
47,EmotionalStress,90.0,0.6210822985317831,0.4420612462917851,2.228407803163397,0.005501126027120077,-0.14439155673423015,0.017977123523167597,0.41667629258965605,-0.001019958726673154,0.32982288247392294,0.058904674782909276,0.09014625018236007,-0.0006840052550680509,-0.24083215560522112,0.23899048421821958,-0.5676122537679903,-0.008604345081341188,0.04034231103446585,0.3074076399276056,0.7071067811865481,-0.012719679811101682,20
48,EmotionalStress,120.0,1.4953996017749263,0.6227883993994379,0.5904777095738661,0.010478003287875662,-0.17109215500516567,0.014493396281301665,-0.1555537132134441,-0.0008221587878065604,0.352631314520864,0.05703948573781015,-0.8179074038386032,0.002372250620494466,-0.3675511480797289,0.17935430943524117,-1.110219364360709,0.0023945373695560606,0.19250879338623975,0.4187009025990456,0.6950677487355383,0.019569372753608337,20
49,EmotionalStress,150.0,1.072548660196867,0.6561262736094049,0.4699047065004476,-0.014031247128337651,-0.1883810881720425,0.00870917404069835,0.9895998994695958,-0.000395858457201746,0.3520656586431079,0.06561902086714068,0.20891924076715118,-0.002762660044043842,-0.4529323711514967,0.21893228835605863,-0.5891557744784774,-0.00672863337992593,0.5511812793432,0.359020879807737,0.05424277065259437,0.0032799811990360628,20
50,EmotionalStress,180.0,0.4895531708082512,0.5820887126571845,2.222095582767834,-0.020343838935225796,-0.20018012586253922,0.007566743246727129,-0.4024045990650149,-0.00038967802432622324,0.2739500035264825,0.06600007425302126,2.105978709178611,-0.0027704148375988116,-0.5122500170094498,0.30041234691075974,0.3541344103999529,-0.0003012213286230912,0.3990162897123902,0.6310811201815428,-0.648153557438111,-0.020784145673100756,20
51,EmotionalStress,210.0,0.019182115396325226,0.011367170044524855,1.3944370101300216,5.515830132586408e-06,-0.21428771067429117,0.00872558624696654,0.1970799448798577,-0.0004970847194351584,0.23054326895948535,0.02945992196617038,4.3745372640047435,-0.0003867604563467176,-0.4834890935394128,0.3025306686387323,0.38326499800647806,0.002096256006138103,-0.046616148724827326,0.6499857647893471,0.5009697315311139,-0.020149754609507166,20
52,EmotionalStress,240.0,0.023137373659699183,0.014832695874474035,1.3253743941652418,0.00020367749317747055,-0.23094439825052274,0.010181408678582004,-0.30465613609355197,-0.0005762319061635619,0.2232243223455362,0.0224185890485498,8.94737282599735,-6.85937112675731e-05,-0.47899803286782755,0.18756897954390195,0.5346566644033105,0.004137848120223437,-0.2422536509909457,0.308203629142127,-0.3034911121397792,0.007284765318310348,20
53,EmotionalStress,270.0,1.5756870032800596,0.5963520168880573,0.762189729214692,0.02816939999239855,-0.24984153557398697,0.01163666668719327,0.09122223173603541,-0.0006579129440910965,0.22073415500970384,1.0689856346375824e-07,-10.726529654884862,-6.322381943439926e-10,-0.361275753254105,0.18166594743741482,1.3086194477938717,0.0075076946206268915,0.06207632827067404,0.35652081481003123,-0.06993823826248205,0.016452494235377806,20
54,EmotionalStress,300.0,1.7307053775410977,0.4946077209582506,0.9468946593713508,-0.010241574201242592,-0.267481890328356,0.009660535363925632,0.18629332644725144,-0.0005376086833484213,0.20049527131926817,0.045915369681040756,-0.6914172396828351,-0.0016442744787685413,-0.16894912857840538,0.17656784876139467,-0.31324145531702197,0.007292517663728301,0.36639735120650957,0.24302707807703816,-1.7888543819998317,0.005508237411075372,20
55,EmotionalStress,330.0,0.8990516512983565,0.670357023860852,1.6288354684350963,-0.02648221630009455,-0.2832972131405198,0.009665571554135737,0.11848694781283169,-0.0005389494971638973,0.11992132803874514,0.07726681416667927,0.5786182744588064,-0.00394854885080106,-0.043122303180917185,0.09250864562928855,-0.287894138950905,0.0008255881013969733,0.4424768605799864,0.1421240970142033,-4.129483209670112,-1.811920201011733e-05,20
56,EmotionalStress,360.0,0.17056037310697836,0.14342758561402708,1.1718279151686657,-0.0035663395976378055,-0.2959056221994995,0.006219183076821531,0.1871551247420468,-0.00032965875046885794,0.043874219744311264,0.04023333470454692,1.3562740066643761,-0.0012733002705606017,0.020691614604911958,0.1374346579767812,0.4803589770396706,0.0008271432248358586,0.5620438097984121,0.25165417262013956,1.2431397160010307,0.004022888389927149,20
57,EmotionalStress,390.0,0.08362059375257859,0.03401037425734009,0.810862291252651,-0.0004587384445318552,-0.3058869012841215,0.006494675797031194,0.09818818366044321,-0.000368437895099097,-0.05299995468593716,0.08755609019169427,0.2559532823346756,-0.0044808275788119824,-0.13748252084208043,0.24468004267431284,0.07936868507158983,-0.011470998813692788,0.4859643004249351,0.34696673326318994,0.016939491098760504,-0.009585976141821792,20
58,EmotionalStress,420.0,0.17657560658834034,0.11510415015470035,4.0901489187173645,0.00013498458950537235,-0.3162415538077895,0.007302986635756131,-2.5294081032112246,-0.00027025368789921375,-0.1462687990881753,0.030663445852308086,-0.740753536755156,-0.0010738874599252742,-0.3873289079553376,0.16917560734278478,-0.14283355251157406,-0.0036646336143961876,0.49683429448496735,0.35653974577423203,0.0211150047489714,0.01137962533869136,20
59,EmotionalStress,450.0,0.09119746128300162,0.12414779733525726,3.43264967250183,-0.0029398677845326755,-0.32154613868272397,0.005223635604011877,-4.697112703098426,-3.304921357098893e-05,-0.21250337734587488,0.07421522290358261,-0.34579349498544765,-0.0036634549226644453,-0.6021223007528025,0.2168338230280612,0.44879468260597394,-0.007507863164731438,0.8120521804581872,0.32591860488127344,-0.06670373459650489,0.007085581012735597,20
60,EmotionalStress,480.0,0.15915674426770782,0.28252664143061146,4.691382276066088,0.006986771075875513,-0.32500345073034903,0.0038614509106894416,-0.46583800933472636,-0.0002071024144226156,-0.29859926754570554,0.05621515858396237,2.0653075714447966,-0.0023216135727331497,-0.6569478436879126,0.16482781086747905,0.0012269577425963248,0.006670103398877077,0.7903166705010153,0.3856821363334194,-0.6607299507171738,-0.009187271575134407,20
61,EmotionalStress,510.0,0.6281869186274619,0.7807459577596358,3.024906719816413,0.008061201590474387,-0.3325780689992945,0.006055866331283525,-1.3837517605463967,-0.0002195626164177816,-0.3298316561595446,0.018334165783060446,6.76687001127472,2.0368139506684842e-05,-0.39362827455990007,0.20062803711667118,-0.35615252318221624,0.00958737770234035,0.7794466764409829,0.3852224517461606,-0.5987113286262099,0.006523786208040385,20
62,EmotionalStress,540.0,0.5541136847085129,0.8246050259867885,3.3121430079742002,-0.02021920448220943,-0.3355895108655733,0.0038386424975890014,-4.096156674171107,0.00011512867563546404,-0.37967114386871614,0.06956667628832873,-0.5206909999790159,-0.0032866704859824737,-0.38822941304242264,0.18112072229492407,0.14342599244063414,-0.006836143667811268,1.018582067598798,0.24306045633250817,-1.788854381999828,0.008517194567738444,20
63,Relax,0.0,0.9267053466317169,0.6558106133212009,2.1910697360557263,-0.02295170377354889,-0.3324669836450545,0.01318124638643507,-1.4022240748259058,0.0004908858637467437,-0.5281851598839061,0.030789267636511866,-0.5574983085262194,-0.00034547878743567886,-0.48619790455947537,0.22802260702832935,-0.8526852781726273,-0.01037077243785311,-0.3291733000051738,1.2337053206166493,0.027289334190401675,0.03562360289733735,20
64,Relax,30.0,0.27136746188827393,0.3567782052986854,2.292738267173565,-0.011938799176864847,-0.32518793213052355,0.002131580370697166,0.4573645436415826,-6.424730554793931e-05,-0.5311272977511451,0.033676934775930374,-0.7500546310456571,0.0004318494989042638,-0.6839067147325212,0.19287011892012174,0.8373393616973014,-0.0042401040022102335,0.5511947138318763,0.8510655456155973,-2.0610553671819725,0.02002242994920698,20
65,Relax,60.0,0.028060373460532657,0.02785602965179683,5.780028977750139,-0.0005275040511518417,-0.3265735138553275,0.001112238022588643,1.7498240032391668,-3.731707144228102e-05,-0.5022593341224848,0.053033357910316346,1.5069140753438806,0.0020470472756391987,-0.7908531585877111,0.13429803234513138,1.2604542831314345,-0.0029622390904480564,0.9207521210585088,0.303387746133458,-0.7882318002900198,0.009767591217044718,20
66,Relax,90.0,0.01714439571923358,0.00697283700508431,1.5723495237722858,-0.00014548021189107621,-0.32696067867253337,0.0004103170668622104,0.6358768320554042,5.101742531659693e-06,-0.4026907138688766,0.08932019601637493,-0.1613937679807652,0.00457450454733264,-0.8636554512242597,0.08940111020231384,1.0902851320303488,0.0006649325559679238,0.7794466764409833,0.38522245174616054,-0.5987113286262139,-0.016309364733439635,20
67,Relax,120.0,0.021171124058172335,0.007162531607148341,1.4684559378416415,0.00012857981681869648,-0.32708619046358983,0.0005266675608558152,-0.5364111633542797,-1.5218637334899932e-05,-0.25202740505277765,0.08721682785469737,0.1572611482788917,0.004462540859285811,-0.764796877132704,0.19868863657354527,0.2888524566516603,0.0031196384332799598,0.5729167893003723,0.31106860691849436,0.4080446444062985,0.004656983314935488,20
68,Relax,150.0,0.016229532640081264,0.006987837290933208,3.2116616903598554,-0.00011809313249899532,-0.32867357413172715,0.0018959323076903065,-0.8486480879718172,-9.188422740114544e-05,-0.10857582249334662,0.0951777921519339,0.34157351983006096,0.004914395504757695,-0.7324360178168431,0.3207247014971195,0.09522383432947243,-0.0014351652132130455,0.6490022695577051,0.28841353416414856,1.055289706022173,-0.0016671955324083826,20
69,Relax,180.0,0.5144402979350199,0.5886000258220858,1.8467360092454677,0.009390557984166123,-0.3526245597329539,0.040957572178296126,-2.123310520704453,-0.0007291093185259592,0.022307654544783003,0.0913483542767784,-0.2996739303586948,0.00472492364235239,-0.6722209936255796,0.3933374915499712,0.4684349069997179,0.015706291489866988,0.49683429448496724,0.35653974577423203,0.021115004748971784,-0.00742896241229115,20
70,Relax,210.0,1.01619563072007,0.44115549543974675,1.0524879680745878,0.0010752612500978928,-0.3656696797272799,0.038254126441369246,-1.7594899125411751,0.0006570498888288093,0.12971989507654097,0.06319910096000464,-0.1973652318627227,0.0027866032285433296,-0.3585711112390751,0.3755757530529764,0.10942174065321901,0.013742066332474002,0.1816387993262075,0.4024422153965858,0.6607178558197548,-0.01197721060668962,20
71,Relax,240.0,1.151069683244201,0.398874579170204,1.726875499566514,-0.0003939863459206012,-0.3937073414036301,0.052353621917939824,-0.9899536024285547,-0.0022780735762241823,0.16744179685474636,0.047458673644708745,0.3228949169334267,-0.0005579791893142241,-0.4394560623829669,0.35220812539684065,0.6825216385741097,-0.012037157574122524,0.4316411991021269,0.5816818236801247,0.13074313599708834,0.029137757268042463,20
